Structure.,Time,CD94-LLL,NKG2A-LLL,CD94/NKG2A-LLL,CD94-VLL,NKG2A-VLL,CD94/NKG2A-VLL
EpL8-3cdg-0000,0,0,0,0,0,0,0
EpL8-3cdg-0010,10,3.1,3.1,3.1,3.738,5.328,4.592
EpL8-3cdg-0020,20,1.734,2.647,2.232,3.04,4.616,3.899
EpL8-3cdg-0030,30,1.71,2.532,2.156,4.833,6.611,5.78
EpL8-3cdg-0040,40,2.06,2.902,2.511,3.946,4.804,4.391
EpL8-3cdg-0050,50,1.955,3.346,2.732,4.349,5.442,4.919
EpL8-3cdg-0060,60,2.089,4.211,3.311,4.172,5.427,4.833
EpL8-3cdg-0070,70,2.066,3.057,2.603,4.311,5.015,4.672
EpL8-3cdg-0080,80,2.06,3.711,2.992,4.097,5.065,4.6
EpL8-3cdg-0090,90,3.444,4.195,3.833,3.861,5.48,4.73
EpL8-3cdg-0100,100,3.088,4.951,4.115,3.616,4.388,4.016
EpL8-3cdg-0110,110,1.932,4.046,3.158,3.887,6.137,5.123
EpL8-3cdg-0120,120,2.793,4.472,3.718,3.52,4.89,4.252
EpL8-3cdg-0130,130,3.387,4.157,3.787,3.579,3.765,3.672
EpL8-3cdg-0140,140,2.474,3.845,3.225,2.947,5.075,4.137
EpL8-3cdg-0150,150,3.454,4.579,4.049,2.382,5.609,4.291
EpL8-3cdg-0160,160,2.456,3.88,3.238,2.488,5.038,3.958
EpL8-3cdg-0170,170,2.239,2.669,2.461,2.346,5.547,4.24
EpL8-3cdg-0180,180,2.402,2.802,2.607,2.094,6.023,4.487
EpL8-3cdg-0190,190,3.582,4.325,3.966,2.452,4.626,3.69
EpL8-3cdg-0200,200,3.037,3.762,3.414,2.059,4.821,3.691
EpL8-3cdg-0210,210,2.306,3.677,3.061,2.024,4.971,3.778
EpL8-3cdg-0220,220,2.398,4.11,3.355,3.507,6.974,5.499
EpL8-3cdg-0230,230,2.476,3.623,3.096,2.488,6.711,5.037
EpL8-3cdg-0240,240,2.331,3.387,2.901,3.878,9.988,7.542
EpL8-3cdg-0250,250,1.67,3.143,2.508,3.524,8.78,6.66
EpL8-3cdg-0260,260,3.792,4.096,3.945,3.207,6.485,5.097
EpL8-3cdg-0270,270,2.266,3.209,2.772,2.684,5.367,4.228
EpL8-3cdg-0280,280,1.688,3.371,2.656,3.574,6.778,5.399
EpL8-3cdg-0290,290,1.99,3.601,2.9,2.797,6.166,4.768
EpL8-3cdg-0300,300,2.106,3.083,2.634,3.305,5.95,4.797
EpL8-3cdg-0310,310,2.384,3.287,2.866,2.863,5.577,4.417
EpL8-3cdg-0320,320,2.398,3.618,3.062,2.697,4.897,3.94
EpL8-3cdg-0330,330,2.45,3.727,3.146,1.981,3.877,3.068
EpL8-3cdg-0340,340,2.145,3.068,2.642,2.985,5.265,4.266
EpL8-3cdg-0350,350,1.68,2.433,2.086,2.512,4.9,3.88
EpL8-3cdg-0360,360,1.706,3.048,2.462,2.883,5.817,4.574
EpL8-3cdg-0370,370,1.557,2.871,2.301,2.339,4.999,3.887
EpL8-3cdg-0380,380,1.302,2.592,2.043,3.425,6.464,5.155
EpL8-3cdg-0390,390,1.509,2.773,2.225,2.349,5.628,4.294
EpL8-3cdg-0400,400,1.623,2.363,2.023,2.442,5.695,4.363
EpL8-3cdg-0410,410,2.088,4.072,3.224,2.821,5.355,4.265
EpL8-3cdg-0420,420,1.608,2.653,2.187,1.91,5.18,3.885
EpL8-3cdg-0430,430,1.919,3.051,2.542,2.436,3.828,3.2
EpL8-3cdg-0440,440,1.545,2.665,2.171,2.504,3.681,3.141
EpL8-3cdg-0450,450,1.702,2.763,2.288,2.525,4.093,3.391
EpL8-3cdg-0460,460,1.398,2.74,2.167,1.984,3.338,2.737
EpL8-3cdg-0470,470,1.415,2.625,2.101,1.951,3.209,2.648
EpL8-3cdg-0480,480,1.948,2.671,2.333,2.02,4.665,3.579
EpL8-3cdg-0490,490,1.793,2.239,2.026,1.787,3.784,2.947
EpL8-3cdg-0500,500,1.719,3.329,2.64,1.73,3.288,2.618
EpL8-3cdg-0510,510,1.988,3.046,2.566,1.757,2.663,2.25
EpL8-3cdg-0520,520,1.951,3.538,2.848,1.838,4.31,3.299
EpL8-3cdg-0530,530,2.043,3.547,2.885,1.585,2.849,2.298
EpL8-3cdg-0540,540,2.168,3.293,2.781,1.416,3.443,2.621
EpL8-3cdg-0550,550,1.882,4.145,3.206,2.118,3.815,3.075
EpL8-3cdg-0560,560,2.074,3.575,2.913,1.428,2.529,2.047
EpL8-3cdg-0570,570,2.489,4.242,3.467,1.759,2.616,2.224
EpL8-3cdg-0580,580,2.404,3.307,2.885,1.866,2.269,2.075
EpL8-3cdg-0590,590,2.128,3.721,3.022,1.783,2.723,2.296
EpL8-3cdg-0600,600,2.251,3.797,3.112,1.614,2.425,2.055
EpL8-3cdg-0610,610,1.936,3.422,2.771,2.431,3.417,2.959
EpL8-3cdg-0620,620,2.414,3.312,2.892,2.098,3.213,2.707
EpL8-3cdg-0630,630,2.123,4.159,3.29,1.998,3.105,2.604
EpL8-3cdg-0640,640,2.033,3.581,2.902,1.845,2.307,2.086
EpL8-3cdg-0650,650,2.229,3.974,3.212,1.913,3.367,2.73
EpL8-3cdg-0660,660,1.934,3.22,2.648,1.659,2.175,1.931
EpL8-3cdg-0670,670,1.989,2.916,2.49,1.651,2.066,1.868
EpL8-3cdg-0680,680,1.554,2.469,2.058,1.889,2.673,2.31
EpL8-3cdg-0690,690,1.919,3.24,2.655,1.714,2.473,2.123
EpL8-3cdg-0700,700,1.705,2.917,2.382,1.398,2.39,1.952
EpL8-3cdg-0710,710,1.663,2.804,2.299,1.468,2.74,2.191
EpL8-3cdg-0720,720,2.015,3.373,2.77,2.144,2.634,2.399
EpL8-3cdg-0730,730,1.711,3.083,2.485,1.914,2.974,2.494
EpL8-3cdg-0740,740,1.825,2.882,2.406,1.519,2.813,2.253
EpL8-3cdg-0750,750,1.702,3.15,2.523,1.851,2.466,2.177
EpL8-3cdg-0760,760,1.672,3.165,2.522,1.486,2.423,2.004
EpL8-3cdg-0770,770,1.447,3.065,2.387,1.821,2.693,2.294
EpL8-3cdg-0780,780,1.593,2.937,2.355,2.413,3.643,3.083
EpL8-3cdg-0790,790,2.094,2.679,2.4,2.643,4.537,3.701
EpL8-3cdg-0800,800,2.34,3.351,2.884,1.76,2.562,2.193
EpL8-3cdg-0810,810,2.837,3.148,2.995,1.986,2.676,2.352
EpL8-3cdg-0820,820,1.564,3.788,2.885,1.611,2.832,2.297
EpL8-3cdg-0830,830,1.781,2.532,2.184,1.76,3.021,2.465
EpL8-3cdg-0840,840,2.125,3.33,2.786,1.898,3.021,2.516
EpL8-3cdg-0850,850,1.613,3.392,2.646,2.228,2.58,2.409
EpL8-3cdg-0860,860,2.129,3.024,2.61,2.206,2.757,2.493
EpL8-3cdg-0870,870,2.381,3.443,2.954,1.733,2.689,2.257
EpL8-3cdg-0880,880,1.869,2.868,2.415,2.117,3.067,2.629
EpL8-3cdg-0890,890,2.136,3.699,3.011,2.162,3.093,2.663
EpL8-3cdg-0900,900,2.525,4.217,3.465,1.929,2.494,2.226
EpL8-3cdg-0910,910,3.17,4.212,3.721,1.899,2.456,2.192
EpL8-3cdg-0920,920,2.174,3.432,2.865,1.827,2.196,2.017
EpL8-3cdg-0930,930,1.288,2.537,2.004,1.392,3.089,2.386
EpL8-3cdg-0940,940,1.52,3.785,2.871,1.747,3.23,2.588
EpL8-3cdg-0950,950,1.776,5.755,4.237,1.296,2.323,1.875
EpL8-3cdg-0960,960,3.379,5.11,4.321,1.837,3.003,2.482
EpL8-3cdg-0970,970,2.311,3.23,2.803,2.28,2.453,2.367
EpL8-3cdg-0980,980,1.851,2.594,2.249,1.517,2.767,2.224
EpL8-3cdg-0990,990,2.319,4.036,3.281,1.721,2.284,2.019
EpL8-3cdg-1000,1000,2.229,4.217,3.361,1.696,2.46,2.108
EpL8-3cdg-1010,1010,2.223,4.201,3.349,1.831,2.227,2.036
EpL8-3cdg-1020,1020,2.183,6.583,4.88,1.342,2.172,1.8
EpL8-3cdg-1030,1030,1.92,5.317,3.978,1.588,3.519,2.719
EpL8-3cdg-1040,1040,1.835,3.652,2.879,2.287,5.641,4.285
EpL8-3cdg-1050,1050,2.26,3.025,2.665,1.797,4.438,3.37
EpL8-3cdg-1060,1060,1.772,2.564,2.199,2.337,3.872,3.189
EpL8-3cdg-1070,1070,2.632,3.981,3.366,2.23,4.264,3.39
EpL8-3cdg-1080,1080,2.484,3.54,3.052,2.713,4.089,3.462
EpL8-3cdg-1090,1090,2.522,3.146,2.847,2.327,5.67,4.315
EpL8-3cdg-1100,1100,2.105,2.895,2.526,1.219,2.051,1.682
EpL8-3cdg-1110,1110,1.957,2.424,2.2,1.801,5.549,4.104
EpL8-3cdg-1120,1120,1.773,3.603,2.829,1.865,2.98,2.479
EpL8-3cdg-1130,1130,2.172,4.571,3.565,1.887,4.384,3.361
EpL8-3cdg-1140,1140,2.339,2.777,2.565,2.584,3.705,3.188
EpL8-3cdg-1150,1150,2.311,2.91,2.624,2.683,3.727,3.241
EpL8-3cdg-1160,1160,2.151,3.354,2.811,1.391,3.549,2.683
EpL8-3cdg-1170,1170,1.973,2.536,2.269,1.931,2.427,2.19
EpL8-3cdg-1180,1180,1.685,2.584,2.176,1.771,2.092,1.936
EpL8-3cdg-1190,1190,1.985,2.8,2.422,2.026,3.766,3.014
EpL8-3cdg-1200,1200,2.203,3.501,2.917,2.114,5.442,4.109
EpL8-3cdg-1210,1210,1.794,2.371,2.099,2.163,10.561,7.579
EpL8-3cdg-1220,1220,2.802,3.792,3.328,2.211,9.385,6.78
EpL8-3cdg-1230,1230,1.471,4.256,3.169,2.21,10.75,7.717
EpL8-3cdg-1240,1240,1.985,6.653,4.884,1.775,7.64,5.515
EpL8-3cdg-1250,1250,2.339,3.067,2.723,1.989,8.091,5.859
EpL8-3cdg-1260,1260,2.04,3.551,2.887,2.394,7.698,5.671
EpL8-3cdg-1270,1270,2.167,4.732,3.665,2.493,8.52,6.244
EpL8-3cdg-1280,1280,1.535,1.784,1.662,3.078,8.67,6.474
EpL8-3cdg-1290,1290,1.385,2.665,2.116,2.892,8.696,6.448
EpL8-3cdg-1300,1300,1.823,2.589,2.234,2.512,7.455,5.536
EpL8-3cdg-1310,1310,1.637,2.87,2.329,2.043,9.179,6.612
EpL8-3cdg-1320,1320,2.105,4.082,3.236,1.996,9.002,6.483
EpL8-3cdg-1330,1330,1.792,2.836,2.366,1.67,8.568,6.137
EpL8-3cdg-1340,1340,1.91,2.815,2.4,2.068,10.126,7.266
EpL8-3cdg-1350,1350,1.707,2.454,2.109,3.79,9.786,7.386
EpL8-3cdg-1360,1360,1.864,3.468,2.774,2.104,8.383,6.078
EpL8-3cdg-1370,1370,1.921,3.444,2.78,2.998,8.527,6.36
EpL8-3cdg-1380,1380,1.607,3.948,3.001,3.43,9.779,7.292
EpL8-3cdg-1390,1390,2.162,4.137,3.289,3.649,9.193,6.962
EpL8-3cdg-1400,1400,1.861,4.269,3.279,3.297,8.738,6.573
EpL8-3cdg-1410,1410,1.777,3.563,2.805,2.732,9.252,6.786
EpL8-3cdg-1420,1420,1.665,3.66,2.832,2.766,8.17,6.069
EpL8-3cdg-1430,1430,1.396,2.342,1.922,2.432,8.564,6.262
EpL8-3cdg-1440,1440,1.474,2.894,2.288,2.768,8.75,6.456
EpL8-3cdg-1450,1450,2.696,3.722,3.243,2.949,10.06,7.374
EpL8-3cdg-1460,1460,2.464,3.561,3.055,1.972,8.247,5.963
EpL8-3cdg-1470,1470,1.96,4.289,3.321,3.421,9.177,6.893
EpL8-3cdg-1480,1480,2.475,4.411,3.565,2.665,8.423,6.215
EpL8-3cdg-1490,1490,2.428,2.982,2.716,1.982,8.786,6.333
EpL8-3cdg-1500,1500,1.647,3.656,2.824,2.386,9.29,6.745
EpL8-3cdg-1510,1510,1.909,3.468,2.79,2.386,10.226,7.384
EpL8-3cdg-1520,1520,1.48,3.008,2.362,2.487,8.331,6.116
EpL8-3cdg-1530,1530,1.572,3.152,2.481,2.616,9.042,6.621
EpL8-3cdg-1540,1540,2.062,3.418,2.815,2.693,10.335,7.511
EpL8-3cdg-1550,1550,1.576,3.186,2.504,3.019,8.014,6.027
EpL8-3cdg-1560,1560,1.914,3.772,2.98,2.595,10.276,7.453
EpL8-3cdg-1570,1570,1.795,3.317,2.658,2.481,8.584,6.285
EpL8-3cdg-1580,1580,2.087,3.721,3.007,2.851,8.977,6.626
EpL8-3cdg-1590,1590,1.628,3.325,2.608,2.686,8.649,6.372
EpL8-3cdg-1600,1600,1.724,2.728,2.276,2.603,9.239,6.751
EpL8-3cdg-1610,1610,1.544,2.75,2.223,2.34,8.702,6.338
EpL8-3cdg-1620,1620,1.655,2.82,2.305,2.515,8.866,6.482
EpL8-3cdg-1630,1630,2.203,4.113,3.288,2.498,9.006,6.574
EpL8-3cdg-1640,1640,2.409,3.908,3.237,2.622,7.959,5.896
EpL8-3cdg-1650,1650,1.391,2.88,2.253,2.046,9.055,6.528
EpL8-3cdg-1660,1660,1.454,2.843,2.25,2.07,9.301,6.7
EpL8-3cdg-1670,1670,2.299,3.204,2.783,2.456,9.447,6.865
EpL8-3cdg-1680,1680,1.651,3.301,2.6,2.769,8.586,6.347
EpL8-3cdg-1690,1690,1.725,2.942,2.404,2.502,8.787,6.426
EpL8-3cdg-1700,1700,2.222,2.997,2.633,2.498,9.183,6.693
EpL8-3cdg-1710,1710,1.857,3.241,2.633,2.949,9.862,7.241
EpL8-3cdg-1720,1720,1.371,2.722,2.147,2.473,8.376,6.143
EpL8-3cdg-1730,1730,1.683,2.96,2.4,2.013,9.092,6.548
EpL8-3cdg-1740,1740,1.353,2.378,1.928,2.497,9.66,7.017
EpL8-3cdg-1750,1750,1.687,2.505,2.131,3.406,10.114,7.509
EpL8-3cdg-1760,1760,1.808,2.7,2.292,2.562,8.579,6.298
EpL8-3cdg-1770,1770,1.455,2.809,2.229,2.803,9.268,6.812
EpL8-3cdg-1780,1780,1.642,2.948,2.378,2.66,10.785,7.812
EpL8-3cdg-1790,1790,1.95,3.203,2.644,2.835,10.27,7.493
EpL8-3cdg-1800,1800,1.975,3.646,2.922,3.181,9.81,7.256
EpL8-3cdg-1810,1810,1.412,2.349,1.932,2.576,9.876,7.178
EpL8-3cdg-1820,1820,1.874,2.865,2.415,2.951,10.017,7.346
EpL8-3cdg-1830,1830,1.482,3.107,2.425,2.867,9.97,7.297
EpL8-3cdg-1840,1840,1.865,2.458,2.178,2.912,9.835,7.215
EpL8-3cdg-1850,1850,1.483,3.267,2.527,2.601,9.787,7.122
EpL8-3cdg-1860,1860,1.34,2.856,2.222,2.822,8.6,6.368
EpL8-3cdg-1870,1870,1.542,3.303,2.567,2.865,8.433,6.267
EpL8-3cdg-1880,1880,1.712,4.246,3.223,2.975,7.8,5.876
EpL8-3cdg-1890,1890,1.994,2.755,2.4,2.408,8.194,6.008
EpL8-3cdg-1900,1900,1.649,2.218,1.951,2.396,8.562,6.253
EpL8-3cdg-1910,1910,1.393,3.232,2.478,2.248,7.821,5.724
EpL8-3cdg-1920,1920,2.034,2.695,2.384,2.523,9.268,6.756
EpL8-3cdg-1930,1930,2.135,2.844,2.51,2.86,7.943,5.941
EpL8-3cdg-1940,1940,1.733,2.645,2.231,2.176,8.405,6.106
EpL8-3cdg-1950,1950,1.494,3.096,2.421,1.947,6.394,4.702
EpL8-3cdg-1960,1960,1.845,2.758,2.341,2.599,10.411,7.546
EpL8-3cdg-1970,1970,1.674,2.816,2.31,2.635,8.702,6.396
EpL8-3cdg-1980,1980,2.696,3.411,3.07,2.79,9.753,7.135
EpL8-3cdg-1990,1990,2.349,2.72,2.539,2.39,8.28,6.062
EpL8-3cdg-2000,2000,2.423,4.048,3.326,3.078,9.832,7.248
EpL8-3cdg-2010,2010,1.139,3.159,2.363,2.46,9.292,6.76
EpL8-3cdg-2020,2020,1.822,3.329,2.674,3.052,9.961,7.329
EpL8-3cdg-2030,2030,1.672,2.955,2.393,2.631,9.687,7.06
EpL8-3cdg-2040,2040,1.436,2.682,2.144,2.518,8.108,5.973
EpL8-3cdg-2050,2050,1.755,4.679,3.517,2.872,8.075,6.031
EpL8-3cdg-2060,2060,1.472,2.921,2.305,2.57,9.361,6.828
EpL8-3cdg-2070,2070,1.758,6.725,4.888,2.637,8.501,6.262
EpL8-3cdg-2080,2080,1.547,4.614,3.424,2.115,8.073,5.869
EpL8-3cdg-2090,2090,2.648,7.028,5.286,2.359,8.04,5.894
EpL8-3cdg-2100,2100,1.916,3.413,2.759,3.016,8.462,6.322
EpL8-3cdg-2110,2110,1.461,3.034,2.372,2.574,10.056,7.3
EpL8-3cdg-2120,2120,1.552,2.88,2.306,2.622,6.794,5.126
EpL8-3cdg-2130,2130,1.557,3.399,2.633,2.574,8.901,6.518
EpL8-3cdg-2140,2140,1.463,3.003,2.353,1.915,8.639,6.222
EpL8-3cdg-2150,2150,2.162,3.774,3.066,2.137,8.953,6.473
EpL8-3cdg-2160,2160,3.293,3.238,3.266,3.076,9.584,7.082
EpL8-3cdg-2170,2170,3.191,3.357,3.274,1.679,7.312,5.276
EpL8-3cdg-2180,2180,2.559,3.119,2.849,2.641,6.301,4.81
EpL8-3cdg-2190,2190,1.744,3.347,2.659,1.968,5.059,3.821
EpL8-3cdg-2200,2200,1.632,3.421,2.67,2.239,6.837,5.062
EpL8-3cdg-2210,2210,2.192,3.164,2.716,2.213,4.335,3.429
EpL8-3cdg-2220,2220,3.024,2.697,2.867,2.402,4.255,3.444
EpL8-3cdg-2230,2230,2.592,3.27,2.946,1.804,2.567,2.214
EpL8-3cdg-2240,2240,2.738,6.543,4.994,2.625,7.477,5.576
EpL8-3cdg-2250,2250,4.21,4.787,4.504,2.448,6.448,4.855
EpL8-3cdg-2260,2260,1.598,3.11,2.464,2.462,6.137,4.655
EpL8-3cdg-2270,2270,1.79,3.281,2.634,2.538,8.224,6.055
EpL8-3cdg-2280,2280,2.367,2.901,2.644,2.35,6.519,4.876
EpL8-3cdg-2290,2290,1.489,3.464,2.655,2.466,5.774,4.42
EpL8-3cdg-2300,2300,1.763,2.891,2.388,2.473,7.789,5.75
EpL8-3cdg-2310,2310,1.654,3.762,2.894,2.394,5.715,4.362
EpL8-3cdg-2320,2320,1.49,2.703,2.175,1.982,6.44,4.74
EpL8-3cdg-2330,2330,2.011,2.958,2.524,1.874,5.714,4.231
EpL8-3cdg-2340,2340,2.263,3.874,3.163,1.946,4.186,3.251
EpL8-3cdg-2350,2350,2.091,2.957,2.556,2.525,5.952,4.552
EpL8-3cdg-2360,2360,2.699,2.47,2.589,2.402,5.94,4.51
EpL8-3cdg-2370,2370,2.759,3.062,2.913,3.128,8.717,6.517
EpL8-3cdg-2380,2380,2.757,3.617,3.21,2.497,8.152,5.998
EpL8-3cdg-2390,2390,2.779,5.067,4.073,1.851,8.817,6.334
EpL8-3cdg-2400,2400,2.949,5.485,4.388,2.289,8.276,6.039
EpL8-3cdg-2410,2410,2.202,4.769,3.699,2.263,9.238,6.689
EpL8-3cdg-2420,2420,2.751,4.405,3.662,2.191,9.045,6.545
EpL8-3cdg-2430,2430,2.37,4.593,3.641,3.007,7.841,5.911
EpL8-3cdg-2440,2440,2.572,4.502,3.655,2.533,8.063,5.946
EpL8-3cdg-2450,2450,2.13,3.386,2.821,2.787,8.825,6.511
EpL8-3cdg-2460,2460,1.879,2.868,2.419,2.603,7.268,5.433
EpL8-3cdg-2470,2470,1.965,3.375,2.753,2.502,8.548,6.265
EpL8-3cdg-2480,2480,2.007,3.969,3.134,3.261,8.542,6.435
EpL8-3cdg-2490,2490,1.718,4.034,3.087,2.893,7.429,5.612
EpL8-3cdg-2500,2500,1.609,3.021,2.412,2.912,7.415,5.608
EpL8-3cdg-2510,2510,1.738,2.629,2.223,2.469,4.356,3.529
EpL8-3cdg-2520,2520,2.173,3.031,2.632,2.891,7.52,5.671
EpL8-3cdg-2530,2530,2.04,2.351,2.199,2.487,8.049,5.926
EpL8-3cdg-2540,2540,2.191,2.323,2.257,3.18,8.018,6.072
EpL8-3cdg-2550,2550,1.888,2.928,2.457,3.12,8.092,6.105
EpL8-3cdg-2560,2560,2.831,4.052,3.488,2.961,8.513,6.342
EpL8-3cdg-2570,2570,2.48,4.838,3.83,2.889,7.086,5.387
EpL8-3cdg-2580,2580,1.973,2.764,2.397,2.506,7.486,5.554
EpL8-3cdg-2590,2590,1.662,3.395,2.663,2.394,8.173,5.99
EpL8-3cdg-2600,2600,2.254,3.208,2.767,2.797,8.782,6.484
EpL8-3cdg-2610,2610,2.407,3.704,3.116,2.528,8.429,6.191
EpL8-3cdg-2620,2620,1.957,2.543,2.265,2.471,9.521,6.918
EpL8-3cdg-2630,2630,1.733,2.362,2.068,2.384,9.383,6.809
EpL8-3cdg-2640,2640,1.787,3.191,2.578,2.909,7.57,5.708
EpL8-3cdg-2650,2650,1.649,2.674,2.216,2.382,8.815,6.422
EpL8-3cdg-2660,2660,1.902,3.474,2.791,2.364,9.6,6.953
EpL8-3cdg-2670,2670,1.64,3.615,2.796,2.145,8.287,6.02
EpL8-3cdg-2680,2680,2.292,3.772,3.112,3.048,10.69,7.819
EpL8-3cdg-2690,2690,2.084,4.116,3.25,2.306,9.48,6.861
EpL8-3cdg-2700,2700,1.744,5.276,3.91,2.363,7.411,5.473
EpL8-3cdg-2710,2710,2.662,3.853,3.304,2.199,7.759,5.672
EpL8-3cdg-2720,2720,2.331,5.289,4.07,1.932,7.167,5.22
EpL8-3cdg-2730,2730,2.504,3.972,3.311,2.203,9.505,6.861
EpL8-3cdg-2740,2740,2.374,4.534,3.606,2.91,8.737,6.48
EpL8-3cdg-2750,2750,2.992,5.18,4.217,2.962,9.054,6.702
EpL8-3cdg-2760,2760,2.019,4.926,3.748,3.096,7.399,5.647
EpL8-3cdg-2770,2770,2.203,4.967,3.826,3.205,7.962,6.042
EpL8-3cdg-2780,2780,2.348,4.876,3.812,2.861,8.692,6.438
EpL8-3cdg-2790,2790,2.369,3.758,3.133,3.031,10.042,7.379
EpL8-3cdg-2800,2800,2.346,3.695,3.087,2.244,6.12,4.587
EpL8-3cdg-2810,2810,2.196,4.071,3.259,2.616,8.788,6.45
EpL8-3cdg-2820,2820,2.643,4.072,3.424,2.83,8.45,6.27
EpL8-3cdg-2830,2830,2.328,3.739,3.106,2.729,9.858,7.195
EpL8-3cdg-2840,2840,2.642,4.016,3.39,2.964,8.096,6.067
EpL8-3cdg-2850,2850,1.919,3.939,3.087,3.147,9.762,7.216
EpL8-3cdg-2860,2860,2.434,3.827,3.199,2.369,7.32,5.413
EpL8-3cdg-2870,2870,1.964,3.735,2.973,2.995,6.325,4.929
EpL8-3cdg-2880,2880,2.283,3.733,3.085,2.615,7.59,5.649
EpL8-3cdg-2890,2890,2.136,3.606,2.954,2.705,10.477,7.61
EpL8-3cdg-2900,2900,2.229,3.473,2.91,2.686,6.166,4.736
EpL8-3cdg-2910,2910,2.396,3.435,2.955,3.147,8.927,6.661
EpL8-3cdg-2920,2920,2.195,3.883,3.144,3.205,10.273,7.571
EpL8-3cdg-2930,2930,2.841,4.032,3.48,3.18,12.444,9.032
EpL8-3cdg-2940,2940,2.426,4.214,3.428,3.217,12.554,9.114
EpL8-3cdg-2950,2950,2.287,4.211,3.377,2.994,7.45,5.652
EpL8-3cdg-2960,2960,1.984,3.938,3.106,3.409,10.169,7.546
EpL8-3cdg-2970,2970,2.322,4.167,3.362,3.098,9.271,6.878
EpL8-3cdg-2980,2980,2.095,3.953,3.153,3.14,8.66,6.483
EpL8-3cdg-2990,2990,2.463,4.216,3.442,3.053,10.367,7.602
EpL8-3cdg-3000,3000,2.165,4.238,3.353,2.908,9.971,7.306
EpL8-3cdg-3010,3010,2.224,4.199,3.348,3.032,9.087,6.74
EpL8-3cdg-3020,3020,2.203,3.963,3.196,3.348,10.594,7.817
EpL8-3cdg-3030,3030,2.323,4.075,3.306,3.435,9.818,7.319
EpL8-3cdg-3040,3040,2.052,3.843,3.07,3.018,9.438,6.971
EpL8-3cdg-3050,3050,2.478,4.046,3.346,3.32,9.802,7.282
EpL8-3cdg-3060,3060,1.97,3.719,2.966,3.175,9.637,7.139
EpL8-3cdg-3070,3070,1.907,3.85,3.027,3.509,10.387,7.714
EpL8-3cdg-3080,3080,2.354,3.714,3.101,2.989,10.158,7.449
EpL8-3cdg-3090,3090,1.859,3.886,3.034,3.466,10.407,7.718
EpL8-3cdg-3100,3100,2.462,4.24,3.457,2.952,9.805,7.203
EpL8-3cdg-3110,3110,1.669,3.694,2.854,3.164,10.359,7.62
EpL8-3cdg-3120,3120,2.034,4.208,3.292,2.981,8.584,6.394
EpL8-3cdg-3130,3130,2.256,3.847,3.144,2.597,8.645,6.35
EpL8-3cdg-3140,3140,2.054,4.346,3.386,3.122,9.15,6.803
EpL8-3cdg-3150,3150,1.801,3.745,2.927,2.761,8.745,6.452
EpL8-3cdg-3160,3160,1.818,4.557,3.454,3.128,8.473,6.357
EpL8-3cdg-3170,3170,1.811,3.397,2.713,2.91,7.436,5.621
EpL8-3cdg-3180,3180,2.357,3.317,2.871,3.244,8.236,6.231
EpL8-3cdg-3190,3190,1.699,4.342,3.282,3.035,8.888,6.608
EpL8-3cdg-3200,3200,1.911,3.616,2.882,2.707,8.67,6.39
EpL8-3cdg-3210,3210,2.374,4.091,3.334,2.519,9.881,7.171
EpL8-3cdg-3220,3220,1.917,3.308,2.695,2.975,9.777,7.189
EpL8-3cdg-3230,3230,1.918,3.676,2.921,2.813,8.478,6.285
EpL8-3cdg-3240,3240,2.009,4.411,3.414,2.966,8.99,6.661
EpL8-3cdg-3250,3250,2.091,3.788,3.049,3.414,10.238,7.593
EpL8-3cdg-3260,3260,1.827,3.394,2.716,3.307,9.325,6.962
EpL8-3cdg-3270,3270,2.048,3.992,3.161,3.087,9.416,6.972
EpL8-3cdg-3280,3280,1.917,4.142,3.214,2.864,9.058,6.684
EpL8-3cdg-3290,3290,2.137,5.956,4.453,3.081,10.271,7.543
EpL8-3cdg-3300,3300,2.322,4.794,3.752,2.845,8.841,6.534
EpL8-3cdg-3310,3310,2.708,4.694,3.82,3.129,9.337,6.929
EpL8-3cdg-3320,3320,2.545,3.649,3.139,3.419,9.064,6.818
EpL8-3cdg-3330,3330,2.463,4.558,3.651,3.26,8.38,6.329
EpL8-3cdg-3340,3340,2.555,5.812,4.471,3.352,9.297,6.955
EpL8-3cdg-3350,3350,2.541,5.107,4.019,3.142,8.572,6.425
EpL8-3cdg-3360,3360,2.206,5.994,4.495,2.887,10.338,7.549
EpL8-3cdg-3370,3370,2.156,5.243,3.991,2.974,9.621,7.085
EpL8-3cdg-3380,3380,2.294,5.203,4.004,2.947,10.398,7.602
EpL8-3cdg-3390,3390,2.55,6.12,4.667,2.992,9.88,7.262
EpL8-3cdg-3400,3400,2.051,5.992,4.456,3.114,9.438,6.993
EpL8-3cdg-3410,3410,1.979,6.373,4.695,3.04,6.749,5.212
EpL8-3cdg-3420,3420,2.124,6.836,5.036,3.336,9.243,6.915
EpL8-3cdg-3430,3430,2.424,8.85,6.454,2.881,8.738,6.473
EpL8-3cdg-3440,3440,2.567,6.346,4.819,2.945,9.666,7.108
EpL8-3cdg-3450,3450,2.226,7.357,5.407,2.661,8.302,6.133
EpL8-3cdg-3460,3460,2.064,6.956,5.104,2.906,8.895,6.584
EpL8-3cdg-3470,3470,2.864,5.96,4.657,2.926,8.561,6.366
EpL8-3cdg-3480,3480,2.347,7.323,5.41,2.801,7.911,5.905
EpL8-3cdg-3490,3490,2.779,7.971,5.94,2.956,10.162,7.444
EpL8-3cdg-3500,3500,2.135,8.905,6.44,2.964,9.247,6.832
EpL8-3cdg-3510,3510,2.936,11.653,8.451,3.33,9.541,7.111
EpL8-3cdg-3520,3520,2.266,7.694,5.642,2.994,9.139,6.766
EpL8-3cdg-3530,3530,2.578,11.822,8.508,2.951,9.262,6.839
EpL8-3cdg-3540,3540,2.213,9.376,6.774,2.969,8.586,6.393
EpL8-3cdg-3550,3550,2.032,10.201,7.313,2.971,9.473,6.985
EpL8-3cdg-3560,3560,2.993,7.942,5.974,3.198,9.035,6.744
EpL8-3cdg-3570,3570,2.727,9.177,6.734,2.851,8.962,6.616
EpL8-3cdg-3580,3580,2.439,8.668,6.334,3.106,9.658,7.137
EpL8-3cdg-3590,3590,2.042,5.432,4.084,3.103,9.361,6.939
EpL8-3cdg-3600,3600,2.643,9.55,6.97,3.104,11.51,8.384
EpL8-3cdg-3610,3610,2.749,8.735,6.442,3.159,10.927,8.001
EpL8-3cdg-3620,3620,2.445,4.75,3.764,2.95,10.165,7.445
EpL8-3cdg-3630,3630,2.007,5.941,4.412,3.239,10.742,7.893
EpL8-3cdg-3640,3640,2.093,5.221,3.959,2.865,11.335,8.222
EpL8-3cdg-3650,3650,1.982,6.643,4.876,3.187,11.335,8.282
EpL8-3cdg-3660,3660,2.067,7.204,5.272,3.639,11.157,8.257
EpL8-3cdg-3670,3670,2.222,5.665,4.283,3.301,11.723,8.566
EpL8-3cdg-3680,3680,2.235,5.582,4.233,3.255,11.408,8.345
EpL8-3cdg-3690,3690,2.445,5.316,4.121,3.278,12.497,9.087
EpL8-3cdg-3700,3700,1.995,6.382,4.704,3.147,11.049,8.081
EpL8-3cdg-3710,3710,3.38,5.474,4.536,3.223,11.587,8.459
EpL8-3cdg-3720,3720,1.819,4.607,3.487,3.262,12.726,9.239
EpL8-3cdg-3730,3730,2.224,4.02,3.238,3.519,11.582,8.515
EpL8-3cdg-3740,3740,1.938,4.399,3.385,3.168,12.099,8.796
EpL8-3cdg-3750,3750,2.106,4.72,3.639,2.879,11.241,8.16
EpL8-3cdg-3760,3760,2.553,3.916,3.297,2.936,9.88,7.251
EpL8-3cdg-3770,3770,1.714,4.216,3.204,3.573,11.275,8.321
EpL8-3cdg-3780,3780,2.233,4.069,3.271,3.446,9.192,6.909
EpL8-3cdg-3790,3790,1.587,5.747,4.193,3.542,10.985,8.121
EpL8-3cdg-3800,3800,2.037,5.894,4.388,2.963,8.611,6.408
EpL8-3cdg-3810,3810,1.825,4.232,3.245,2.716,8.856,6.516
EpL8-3cdg-3820,3820,1.548,4.607,3.42,4.261,11.322,8.514
EpL8-3cdg-3830,3830,2.293,4.865,3.788,3.969,10.734,8.054
EpL8-3cdg-3840,3840,2.221,4.189,3.341,3.476,12.627,9.211
EpL8-3cdg-3850,3850,1.676,4.864,3.62,3.553,11.167,8.244
EpL8-3cdg-3860,3860,1.801,3.464,2.751,2.961,10.731,7.83
EpL8-3cdg-3870,3870,1.83,3.343,2.686,3.328,11.866,8.668
EpL8-3cdg-3880,3880,1.716,3.215,2.568,3.212,9.9,7.323
EpL8-3cdg-3890,3890,1.954,3.3,2.703,2.979,9.924,7.289
EpL8-3cdg-3900,3900,2.364,3.451,2.951,3.242,9.66,7.17
EpL8-3cdg-3910,3910,2.469,2.917,2.7,3.2,10.271,7.568
EpL8-3cdg-3920,3920,2.059,3.521,2.875,3.131,10.357,7.611
EpL8-3cdg-3930,3930,2.14,3.647,2.981,3.012,9.093,6.74
EpL8-3cdg-3940,3940,2.018,3.656,2.943,2.874,9.439,6.941
EpL8-3cdg-3950,3950,1.903,4.256,3.283,2.967,9.173,6.783
EpL8-3cdg-3960,3960,1.918,3.242,2.656,3.163,9.196,6.843
EpL8-3cdg-3970,3970,1.806,4.043,3.118,2.659,8.853,6.503
EpL8-3cdg-3980,3980,2.144,3.78,3.063,3.044,9.683,7.141
EpL8-3cdg-3990,3990,2.131,3.967,3.173,3.967,10.469,7.879
EpL8-3cdg-4000,4000,2.198,4.055,3.25,3.308,9.288,6.939
EpL8-3cdg-4010,4010,2.563,4.414,3.598,3.078,9.917,7.305
EpL8-3cdg-4020,4020,1.989,4.629,3.547,2.917,9.84,7.219
EpL8-3cdg-4030,4030,1.918,3.867,3.041,3.015,9.183,6.8
EpL8-3cdg-4040,4040,2.378,5.238,4.051,2.965,8.181,6.124
EpL8-3cdg-4050,4050,2.092,4.364,3.409,2.541,9.113,6.654
EpL8-3cdg-4060,4060,2.729,3.982,3.406,3.216,9.708,7.196
EpL8-3cdg-4070,4070,2.411,4.668,3.702,2.83,10.187,7.436
EpL8-3cdg-4080,4080,3.496,4.498,4.022,3.004,9.3,6.876
EpL8-3cdg-4090,4090,3.245,3.945,3.608,3.423,8.913,6.72
EpL8-3cdg-4100,4100,2.97,3.909,3.466,3.056,9.786,7.213
EpL8-3cdg-4110,4110,2.609,4.14,3.451,3.096,8.692,6.493
EpL8-3cdg-4120,4120,2.627,4.194,3.49,2.808,9.751,7.138
EpL8-3cdg-4130,4130,2.561,4.262,3.506,2.976,9.097,6.734
EpL8-3cdg-4140,4140,2.475,4.693,3.739,2.718,7.215,5.427
EpL8-3cdg-4150,4150,3.255,4.543,3.944,2.84,9.598,7.041
EpL8-3cdg-4160,4160,2.923,3.613,3.282,2.775,9.008,6.631
EpL8-3cdg-4170,4170,2.485,3.781,3.192,3.262,8.834,6.627
EpL8-3cdg-4180,4180,2.74,4.218,3.548,2.711,9.024,6.628
EpL8-3cdg-4190,4190,2.62,3.853,3.287,2.755,9.069,6.668
EpL8-3cdg-4200,4200,2.873,4.691,3.879,2.691,7.697,5.737
EpL8-3cdg-4210,4210,2.621,4.546,3.699,2.739,9.247,6.784
EpL8-3cdg-4220,4220,2.456,4.191,3.424,2.96,8.37,6.247
EpL8-3cdg-4230,4230,2.397,5.33,4.116,3.089,8.524,6.381
EpL8-3cdg-4240,4240,2.605,3.872,3.292,2.931,9.067,6.704
EpL8-3cdg-4250,4250,2.368,4.17,3.38,2.783,8.369,6.205
EpL8-3cdg-4260,4260,2.638,4.815,3.869,3.009,7.439,5.649
EpL8-3cdg-4270,4270,2.559,5.014,3.966,3.256,8.233,6.232
EpL8-3cdg-4280,4280,2.332,4.62,3.646,2.751,7.826,5.837
EpL8-3cdg-4290,4290,2.655,4.279,3.551,2.682,7.965,5.914
EpL8-3cdg-4300,4300,3.16,4.85,4.083,2.77,9.569,7.007
EpL8-3cdg-4310,4310,3.456,5.037,4.31,3.075,7.325,5.593
EpL8-3cdg-4320,4320,2.551,4.219,3.477,2.877,9.02,6.661
EpL8-3cdg-4330,4330,2.406,4.544,3.623,3.209,8.513,6.403
EpL8-3cdg-4340,4340,2.472,4.611,3.687,2.57,8.982,6.572
EpL8-3cdg-4350,4350,2.358,4.304,3.459,2.906,9.257,6.826
EpL8-3cdg-4360,4360,2.24,4.254,3.388,3.469,8.036,6.163
EpL8-3cdg-4370,4370,2.241,4.734,3.689,2.76,8.269,6.133
EpL8-3cdg-4380,4380,2.468,4.729,3.758,2.73,8.475,6.265
EpL8-3cdg-4390,4390,2.351,6.129,4.621,3.17,8.867,6.627
EpL8-3cdg-4400,4400,2.606,5.164,4.075,2.662,7.993,5.927
EpL8-3cdg-4410,4410,2.231,5.452,4.147,2.582,7.872,5.829
EpL8-3cdg-4420,4420,2.525,4.918,3.895,2.443,7.248,5.382
EpL8-3cdg-4430,4430,2.746,4.759,3.873,3.379,8.891,6.694
EpL8-3cdg-4440,4440,2.227,4.976,3.839,2.718,7.885,5.869
EpL8-3cdg-4450,4450,2.69,4.973,3.984,3.003,8.202,6.147
EpL8-3cdg-4460,4460,2.544,4.039,3.367,2.994,8.388,6.268
EpL8-3cdg-4470,4470,2.682,4.769,3.857,2.965,8.394,6.264
EpL8-3cdg-4480,4480,2.802,4.962,4.017,3.077,8.703,6.496
EpL8-3cdg-4490,4490,2.506,4.366,3.549,3.209,9.902,7.323
EpL8-3cdg-4500,4500,2.582,4.327,3.552,3.464,8.726,6.609
EpL8-3cdg-4510,4510,2.557,4.811,3.839,2.981,9.539,7.031
EpL8-3cdg-4520,4520,2.771,4.332,3.627,3.105,9.495,7.029
EpL8-3cdg-4530,4530,2.454,5.04,3.949,3.106,9.76,7.206
EpL8-3cdg-4540,4540,2.109,4.776,3.677,2.874,11.136,8.088
EpL8-3cdg-4550,4550,2.407,4.605,3.661,3.119,10.95,8.008
EpL8-3cdg-4560,4560,2.193,4.235,3.36,3.252,9.772,7.246
EpL8-3cdg-4570,4570,2.121,4.16,3.29,4.005,11.999,8.901
EpL8-3cdg-4580,4580,2.341,4.217,3.4,2.965,12.059,8.733
EpL8-3cdg-4590,4590,2.189,4.547,3.555,2.897,10.339,7.553
EpL8-3cdg-4600,4600,2.162,4.162,3.305,3.415,11.848,8.673
EpL8-3cdg-4610,4610,2.117,4.153,3.284,2.924,10.83,7.89
EpL8-3cdg-4620,4620,2.376,4.154,3.373,2.947,9.938,7.292
EpL8-3cdg-4630,4630,2.36,4.08,3.323,3.952,12.198,9.021
EpL8-3cdg-4640,4640,2.363,4.497,3.579,3.391,11.09,8.158
EpL8-3cdg-4650,4650,2.143,4.283,3.374,3.497,9.792,7.317
EpL8-3cdg-4660,4660,2.408,4.528,3.614,2.791,10.124,7.386
EpL8-3cdg-4670,4670,3.241,4.473,3.898,2.685,7.699,5.738
EpL8-3cdg-4680,4680,2.652,3.992,3.381,3.022,7.498,5.691
EpL8-3cdg-4690,4690,4.359,7.137,5.897,2.507,6.858,5.139
EpL8-3cdg-4700,4700,2.97,4.509,3.808,3.296,9.1,6.811
EpL8-3cdg-4710,4710,2.907,4.243,3.629,2.67,8.901,6.537
EpL8-3cdg-4720,4720,3.213,4.23,3.75,3.061,9.2,6.822
EpL8-3cdg-4730,4730,3.03,3.927,3.502,3.086,8.547,6.395
EpL8-3cdg-4740,4740,2.962,4.179,3.614,3.165,7.465,5.709
EpL8-3cdg-4750,4750,3.307,4.099,3.719,2.831,9.309,6.845
EpL8-3cdg-4760,4760,2.442,4.205,3.428,2.868,6.645,5.096
EpL8-3cdg-4770,4770,2.482,4.378,3.547,3.032,8.93,6.636
EpL8-3cdg-4780,4780,2.455,4.288,3.483,2.647,9.097,6.665
EpL8-3cdg-4790,4790,2.462,4.358,3.528,2.77,10.25,7.468
EpL8-3cdg-4800,4800,2.311,4.443,3.529,3.266,8.876,6.656
EpL8-3cdg-4810,4810,2.309,4.558,3.6,2.595,8.013,5.926
EpL8-3cdg-4820,4820,2.486,4.401,3.563,2.728,7.439,5.576
EpL8-3cdg-4830,4830,2.287,4.828,3.763,3.051,8.576,6.405
EpL8-3cdg-4840,4840,2.563,4.018,3.361,3.017,8.998,6.678
EpL8-3cdg-4850,4850,2.308,4.104,3.318,3.653,8.766,6.686
EpL8-3cdg-4860,4860,2.438,4.399,3.545,3.051,9.511,7.027
EpL8-3cdg-4870,4870,2.848,4.432,3.715,2.949,9.337,6.889
EpL8-3cdg-4880,4880,2.434,4.605,3.67,3.313,9.59,7.14
EpL8-3cdg-4890,4890,2.456,3.945,3.277,3.095,11.124,8.121
EpL8-3cdg-4900,4900,2.895,4.326,3.672,2.745,11.317,8.189
EpL8-3cdg-4910,4910,2.376,4.412,3.532,2.999,7.231,5.511
EpL8-3cdg-4920,4920,2.061,4.315,3.368,2.374,4.911,3.842
EpL8-3cdg-4930,4930,2.673,4.735,3.832,3.88,11.302,8.408
EpL8-3cdg-4940,4940,2.428,4.208,3.424,4.039,10.051,7.625
EpL8-3cdg-4950,4950,2.168,3.781,3.072,2.834,10.666,7.762
EpL8-3cdg-4960,4960,2.379,3.977,3.267,3.247,12.412,9.023
EpL8-3cdg-4970,4970,2.783,4.317,3.622,3.055,10.542,7.72
EpL8-3cdg-4980,4980,2.901,4.369,3.699,3.156,10.259,7.551
EpL8-3cdg-4990,4990,2.617,3.963,3.35,3.411,10.057,7.472
EpL8-3cdg-5000,5000,2.341,4.276,3.436,3.345,13.197,9.574