Structure.,Time,a1+a2,a1+a22,a1+a2+b,a21R,pep_1-9R,pep_1-9,p_5789,CD94R,NKG2AR,CDNKG2R,CDNKG2A
EpL8-3cdg-0000,0,0,0,0,0,0,0,0,0,0,0,0
EpL8-3cdg-0010,10,0.823,0.812,0.762,0.804,1.913,1.758,1.689,3.1,3.1,3.1,1.816
EpL8-3cdg-0020,20,0.982,1.026,0.854,0.56,2.087,1.892,1.766,1.734,2.647,2.232,1.914
EpL8-3cdg-0030,30,0.921,0.853,0.827,1.104,2.118,1.907,1.663,1.71,2.532,2.156,1.747
EpL8-3cdg-0040,40,1.13,1.209,0.951,0.597,2.121,1.921,1.699,2.06,2.902,2.511,1.654
EpL8-3cdg-0050,50,0.751,0.767,0.789,0.572,2.08,1.85,1.702,1.955,3.346,2.732,1.71
EpL8-3cdg-0060,60,0.94,0.94,0.798,0.808,2.097,1.817,1.693,2.089,4.211,3.311,1.683
EpL8-3cdg-0070,70,0.741,0.694,0.693,0.806,2.087,1.789,1.511,2.066,3.057,2.603,1.527
EpL8-3cdg-0080,80,0.827,0.828,0.745,0.819,2.152,1.815,1.553,2.06,3.711,2.992,1.498
EpL8-3cdg-0090,90,0.924,0.973,0.87,0.681,2.063,1.813,1.541,3.444,4.195,3.833,1.555
EpL8-3cdg-0100,100,1.261,1.348,1.081,0.746,2.097,1.829,1.654,3.088,4.951,4.115,1.862
EpL8-3cdg-0110,110,0.76,0.788,0.778,0.572,2.216,1.925,1.686,1.932,4.046,3.158,1.564
EpL8-3cdg-0120,120,0.83,0.876,0.741,0.598,2.14,1.904,1.68,2.793,4.472,3.718,1.802
EpL8-3cdg-0130,130,0.81,0.851,0.73,0.527,1.91,1.754,1.604,3.387,4.157,3.787,1.629
EpL8-3cdg-0140,140,0.866,0.897,0.792,0.576,1.999,1.763,1.517,2.474,3.845,3.225,1.59
EpL8-3cdg-0150,150,0.94,1.002,0.817,0.458,2.056,1.777,1.643,3.454,4.579,4.049,1.654
EpL8-3cdg-0160,160,0.977,0.953,0.863,0.714,2.034,1.858,1.674,2.456,3.88,3.238,1.589
EpL8-3cdg-0170,170,1.022,1.107,0.915,0.524,2.305,1.968,1.57,2.239,2.669,2.461,1.392
EpL8-3cdg-0180,180,1.082,1.147,0.985,0.573,2.178,1.87,1.589,2.402,2.802,2.607,1.601
EpL8-3cdg-0190,190,1.114,1.167,1.005,0.799,2.126,1.874,1.578,3.582,4.325,3.966,1.645
EpL8-3cdg-0200,200,0.876,0.921,0.771,0.471,2.218,1.907,1.652,3.037,3.762,3.414,1.516
EpL8-3cdg-0210,210,1.027,1.082,0.878,0.599,2.134,1.826,1.578,2.306,3.677,3.061,1.542
EpL8-3cdg-0220,220,0.772,0.808,0.717,0.584,1.767,1.652,1.433,2.398,4.11,3.355,1.393
EpL8-3cdg-0230,230,0.962,1.002,0.889,0.69,1.987,1.824,1.632,2.476,3.623,3.096,1.64
EpL8-3cdg-0240,240,0.818,0.863,0.759,0.518,2.015,1.751,1.551,2.331,3.387,2.901,1.695
EpL8-3cdg-0250,250,0.85,0.9,0.827,0.626,2.131,1.864,1.64,1.67,3.143,2.508,1.656
EpL8-3cdg-0260,260,0.981,0.991,0.896,0.925,1.998,1.729,1.445,3.792,4.096,3.945,1.584
EpL8-3cdg-0270,270,1.123,1.168,0.965,0.809,2.138,1.925,1.518,2.266,3.209,2.772,1.793
EpL8-3cdg-0280,280,0.943,0.98,0.8,0.559,1.937,1.734,1.343,1.688,3.371,2.656,1.637
EpL8-3cdg-0290,290,1.009,1.076,0.855,0.527,1.748,1.637,1.488,1.99,3.601,2.9,1.75
EpL8-3cdg-0300,300,0.826,0.892,0.751,0.334,2.009,1.92,1.599,2.106,3.083,2.634,1.516
EpL8-3cdg-0310,310,0.844,0.838,0.815,0.797,2.472,2.293,1.552,2.384,3.287,2.866,1.522
EpL8-3cdg-0320,320,0.953,1.031,0.855,0.378,2.05,1.919,1.523,2.398,3.618,3.062,1.459
EpL8-3cdg-0330,330,0.969,1.028,0.842,0.583,2.104,2.001,1.559,2.45,3.727,3.146,1.781
EpL8-3cdg-0340,340,0.832,0.872,0.825,0.506,1.941,1.849,1.601,2.145,3.068,2.642,1.457
EpL8-3cdg-0350,350,0.822,0.883,0.777,0.32,1.992,1.896,1.454,1.68,2.433,2.086,1.474
EpL8-3cdg-0360,360,0.919,0.979,0.881,0.52,1.975,1.901,1.53,1.706,3.048,2.462,1.594
EpL8-3cdg-0370,370,1.104,1.163,0.996,0.654,2.008,1.892,1.591,1.557,2.871,2.301,1.591
EpL8-3cdg-0380,380,0.927,0.995,0.818,0.549,2.104,1.997,1.648,1.302,2.592,2.043,1.46
EpL8-3cdg-0390,390,0.814,0.786,0.772,0.842,2.021,1.968,1.545,1.509,2.773,2.225,1.445
EpL8-3cdg-0400,400,0.993,1.043,0.896,0.686,2.097,2.039,1.568,1.623,2.363,2.023,1.741
EpL8-3cdg-0410,410,1.056,1.117,0.955,0.673,2.142,2.065,1.548,2.088,4.072,3.224,1.782
EpL8-3cdg-0420,420,0.788,0.819,0.757,0.512,2.085,2.022,1.494,1.608,2.653,2.187,1.662
EpL8-3cdg-0430,430,0.958,0.988,0.892,0.689,2.008,1.947,1.554,1.919,3.051,2.542,1.638
EpL8-3cdg-0440,440,0.908,0.968,0.923,0.419,1.937,1.839,1.471,1.545,2.665,2.171,1.577
EpL8-3cdg-0450,450,1.033,1.084,0.944,0.781,2.287,2.109,1.365,1.702,2.763,2.288,1.524
EpL8-3cdg-0460,460,1.013,1.021,0.931,1.055,2.111,1.989,1.259,1.398,2.74,2.167,1.476
EpL8-3cdg-0470,470,1.117,1.218,0.973,0.51,2.264,2.123,1.591,1.415,2.625,2.101,1.621
EpL8-3cdg-0480,480,0.913,0.975,0.852,0.392,1.877,1.794,1.564,1.948,2.671,2.333,1.899
EpL8-3cdg-0490,490,0.78,0.834,0.813,0.374,1.942,1.86,1.468,1.793,2.239,2.026,1.527
EpL8-3cdg-0500,500,1.068,1.14,0.981,0.368,1.872,1.774,1.454,1.719,3.329,2.64,1.586
EpL8-3cdg-0510,510,0.967,1.013,0.894,0.554,1.921,1.817,1.448,1.988,3.046,2.566,1.9
EpL8-3cdg-0520,520,0.986,1.041,0.882,0.567,1.978,1.901,1.625,1.951,3.538,2.848,1.926
EpL8-3cdg-0530,530,0.846,0.91,0.782,0.335,1.936,1.855,1.509,2.043,3.547,2.885,1.906
EpL8-3cdg-0540,540,0.84,0.853,0.781,0.711,1.875,1.808,1.575,2.168,3.293,2.781,1.775
EpL8-3cdg-0550,550,0.955,1.002,0.865,0.623,2.022,1.861,1.555,1.882,4.145,3.206,1.984
EpL8-3cdg-0560,560,1.042,1.098,0.934,0.641,2.051,1.928,1.591,2.074,3.575,2.913,1.937
EpL8-3cdg-0570,570,0.936,0.98,0.848,0.513,2.274,2.075,1.612,2.489,4.242,3.467,2.107
EpL8-3cdg-0580,580,0.96,1.019,0.903,0.655,2.244,2.121,1.648,2.404,3.307,2.885,1.929
EpL8-3cdg-0590,590,1.097,1.047,0.952,1.178,2.175,2.011,1.565,2.128,3.721,3.022,1.973
EpL8-3cdg-0600,600,0.942,0.983,0.863,0.637,2.206,2.003,1.581,2.251,3.797,3.112,2.155
EpL8-3cdg-0610,610,0.775,0.79,0.727,0.549,2.016,1.887,1.605,1.936,3.422,2.771,1.853
EpL8-3cdg-0620,620,1.042,1.076,0.904,0.799,2.21,2.025,1.616,2.414,3.312,2.892,1.876
EpL8-3cdg-0630,630,1.03,1.115,0.921,0.411,2.233,2.042,1.62,2.123,4.159,3.29,1.975
EpL8-3cdg-0640,640,0.961,1.021,0.85,0.477,2.165,2.028,1.581,2.033,3.581,2.902,1.696
EpL8-3cdg-0650,650,0.863,0.9,0.812,0.692,2.192,2.005,1.597,2.229,3.974,3.212,1.8
EpL8-3cdg-0660,660,0.953,0.996,0.88,0.719,2.13,1.986,1.596,1.934,3.22,2.648,1.621
EpL8-3cdg-0670,670,1.152,1.232,0.993,0.539,2.151,1.993,1.576,1.989,2.916,2.49,1.634
EpL8-3cdg-0680,680,0.92,0.995,0.844,0.472,1.986,1.823,1.58,1.554,2.469,2.058,1.661
EpL8-3cdg-0690,690,0.733,0.793,0.718,0.331,2.026,1.901,1.558,1.919,3.24,2.655,1.766
EpL8-3cdg-0700,700,0.914,0.982,0.852,0.479,2.053,1.902,1.43,1.705,2.917,2.382,1.744
EpL8-3cdg-0710,710,0.858,0.898,0.826,0.514,2.108,1.919,1.493,1.663,2.804,2.299,1.603
EpL8-3cdg-0720,720,1.02,1.071,0.906,0.657,2.145,1.992,1.593,2.015,3.373,2.77,1.542
EpL8-3cdg-0730,730,0.854,0.892,0.787,0.58,2.185,2.079,1.597,1.711,3.083,2.485,1.792
EpL8-3cdg-0740,740,0.876,0.941,0.856,0.505,2.076,1.936,1.511,1.825,2.882,2.406,1.598
EpL8-3cdg-0750,750,0.865,0.915,0.836,0.366,2.024,1.924,1.527,1.702,3.15,2.523,1.563
EpL8-3cdg-0760,760,0.815,0.852,0.756,0.55,2.162,2.048,1.499,1.672,3.165,2.522,1.817
EpL8-3cdg-0770,770,1.036,1.066,0.889,0.735,2.021,1.945,1.555,1.447,3.065,2.387,1.764
EpL8-3cdg-0780,780,1.017,1.078,0.942,0.487,2.009,1.882,1.593,1.593,2.937,2.355,1.95
EpL8-3cdg-0790,790,0.961,1.003,0.899,0.696,2.064,1.955,1.542,2.094,2.679,2.4,1.501
EpL8-3cdg-0800,800,0.897,0.95,0.849,0.448,2.058,1.927,1.604,2.34,3.351,2.884,1.607
EpL8-3cdg-0810,810,1.041,1.092,0.945,0.818,2.153,2.042,1.839,2.837,3.148,2.995,1.771
EpL8-3cdg-0820,820,0.855,0.901,0.876,0.526,2.02,1.977,1.598,1.564,3.788,2.885,1.509
EpL8-3cdg-0830,830,0.861,0.901,0.825,0.503,2.008,1.922,1.47,1.781,2.532,2.184,1.635
EpL8-3cdg-0840,840,0.941,1,0.919,0.511,2.079,1.938,1.538,2.125,3.33,2.786,1.515
EpL8-3cdg-0850,850,0.964,1.031,0.932,0.504,1.927,1.841,1.548,1.613,3.392,2.646,1.642
EpL8-3cdg-0860,860,0.904,0.917,0.82,0.749,1.983,1.868,1.596,2.129,3.024,2.61,1.565
EpL8-3cdg-0870,870,1.116,1.141,0.996,0.959,2.083,1.985,1.507,2.381,3.443,2.954,1.596
EpL8-3cdg-0880,880,0.877,0.936,0.851,0.572,1.984,1.928,1.537,1.869,2.868,2.415,1.57
EpL8-3cdg-0890,890,0.853,0.909,0.826,0.421,2.099,2.025,1.634,2.136,3.699,3.011,1.477
EpL8-3cdg-0900,900,0.999,1.07,0.878,0.556,2.08,1.961,1.448,2.525,4.217,3.465,1.938
EpL8-3cdg-0910,910,0.975,1.047,0.907,0.385,2.018,1.926,1.553,3.17,4.212,3.721,1.969
EpL8-3cdg-0920,920,0.995,1.001,0.903,0.781,2.574,2.401,1.89,2.174,3.432,2.865,2.054
EpL8-3cdg-0930,930,1.152,1.25,0.982,0.481,2.077,1.991,1.586,1.288,2.537,2.004,1.642
EpL8-3cdg-0940,940,0.871,0.925,0.841,0.466,2.108,1.985,1.56,1.52,3.785,2.871,1.647
EpL8-3cdg-0950,950,0.969,1.016,0.879,0.632,2.122,1.906,1.647,1.776,5.755,4.237,1.951
EpL8-3cdg-0960,960,1.206,1.296,1.005,0.53,2.143,1.999,1.654,3.379,5.11,4.321,1.954
EpL8-3cdg-0970,970,0.878,0.916,0.856,0.597,1.922,1.809,1.191,2.311,3.23,2.803,1.705
EpL8-3cdg-0980,980,0.949,1.009,0.928,0.529,2.131,1.996,1.724,1.851,2.594,2.249,1.763
EpL8-3cdg-0990,990,0.964,1.023,0.858,0.57,2.269,2.172,1.896,2.319,4.036,3.281,1.832
EpL8-3cdg-1000,1000,0.946,0.948,0.934,1.016,2.245,2.093,1.777,2.229,4.217,3.361,1.952
EpL8-3cdg-1010,1010,1.034,1.076,0.934,0.617,2.268,2.095,1.743,2.223,4.201,3.349,1.847
EpL8-3cdg-1020,1020,0.852,0.909,0.83,0.603,2.207,2.016,1.636,2.183,6.583,4.88,1.662
EpL8-3cdg-1030,1030,0.964,1.041,0.851,0.386,2.115,1.974,1.536,1.92,5.317,3.978,1.688
EpL8-3cdg-1040,1040,0.901,0.962,0.82,0.49,2.11,1.99,1.623,1.835,3.652,2.879,1.63
EpL8-3cdg-1050,1050,0.947,1.017,0.833,0.515,2.066,1.95,1.53,2.26,3.025,2.665,1.525
EpL8-3cdg-1060,1060,0.782,0.82,0.751,0.592,2.072,1.846,1.471,1.772,2.564,2.199,1.618
EpL8-3cdg-1070,1070,1.011,1.048,0.927,0.718,2.144,1.915,1.57,2.632,3.981,3.366,1.828
EpL8-3cdg-1080,1080,1.043,1.123,0.874,0.474,2.089,2.009,1.554,2.484,3.54,3.052,1.902
EpL8-3cdg-1090,1090,0.763,0.81,0.75,0.496,2.002,1.944,1.649,2.522,3.146,2.847,1.568
EpL8-3cdg-1100,1100,0.855,0.866,0.787,0.684,2.136,1.994,1.601,2.105,2.895,2.526,1.696
EpL8-3cdg-1110,1110,0.903,0.928,0.819,0.689,2.123,1.971,1.697,1.957,2.424,2.2,1.639
EpL8-3cdg-1120,1120,1.155,1.214,1.055,0.859,2.205,2.063,1.547,1.773,3.603,2.829,2.07
EpL8-3cdg-1130,1130,0.94,0.998,0.844,0.52,1.952,1.84,1.528,2.172,4.571,3.565,2.413
EpL8-3cdg-1140,1140,1.06,1.117,0.916,0.556,2.238,2.075,1.639,2.339,2.777,2.565,1.801
EpL8-3cdg-1150,1150,0.899,0.969,0.853,0.482,1.889,1.839,1.492,2.311,2.91,2.624,1.61
EpL8-3cdg-1160,1160,0.937,0.979,0.92,0.677,2.141,2.025,1.441,2.151,3.354,2.811,1.638
EpL8-3cdg-1170,1170,0.783,0.826,0.823,0.593,1.777,1.712,1.366,1.973,2.536,2.269,1.628
EpL8-3cdg-1180,1180,0.95,0.992,0.948,0.549,1.912,1.841,1.503,1.685,2.584,2.176,1.58
EpL8-3cdg-1190,1190,1.066,1.157,1.005,0.533,1.875,1.8,1.454,1.985,2.8,2.422,1.538
EpL8-3cdg-1200,1200,0.855,0.908,0.853,0.505,2.064,1.957,1.563,2.203,3.501,2.917,2.032
EpL8-3cdg-1210,1210,0.928,0.953,0.931,0.731,2.017,1.958,1.525,1.794,2.371,2.099,1.709
EpL8-3cdg-1220,1220,1.006,1.069,0.967,0.669,1.96,1.848,1.656,2.802,3.792,3.328,1.71
EpL8-3cdg-1230,1230,0.845,0.899,0.829,0.585,2.032,1.979,1.602,1.471,4.256,3.169,2.172
EpL8-3cdg-1240,1240,0.905,0.93,0.858,0.516,1.87,1.769,1.393,1.985,6.653,4.884,2.086
EpL8-3cdg-1250,1250,0.857,0.908,0.82,0.466,1.942,1.847,1.471,2.339,3.067,2.723,1.577
EpL8-3cdg-1260,1260,0.783,0.814,0.785,0.48,1.946,1.817,1.474,2.04,3.551,2.887,1.528
EpL8-3cdg-1270,1270,1.025,1.031,0.989,0.794,1.96,1.836,1.401,2.167,4.732,3.665,1.791
EpL8-3cdg-1280,1280,0.912,0.964,0.917,0.569,1.936,1.867,1.526,1.535,1.784,1.662,1.483
EpL8-3cdg-1290,1290,0.917,0.975,0.865,0.503,2.018,1.928,1.63,1.385,2.665,2.116,1.651
EpL8-3cdg-1300,1300,0.936,1.007,0.945,0.379,2.006,1.898,1.647,1.823,2.589,2.234,1.721
EpL8-3cdg-1310,1310,1.019,1.075,1.018,0.6,1.968,1.87,1.637,1.637,2.87,2.329,1.526
EpL8-3cdg-1320,1320,0.994,0.999,0.962,0.743,1.912,1.864,1.516,2.105,4.082,3.236,1.695
EpL8-3cdg-1330,1330,0.831,0.876,0.816,0.482,1.93,1.825,1.638,1.792,2.836,2.366,1.754
EpL8-3cdg-1340,1340,0.929,0.997,0.979,0.512,1.854,1.823,1.566,1.91,2.815,2.4,1.737
EpL8-3cdg-1350,1350,0.872,0.908,0.878,0.583,1.926,1.874,1.553,1.707,2.454,2.109,1.952
EpL8-3cdg-1360,1360,0.883,0.955,0.866,0.368,1.948,1.882,1.555,1.864,3.468,2.774,2.005
EpL8-3cdg-1370,1370,0.967,0.975,0.926,0.786,2.002,1.937,1.74,1.921,3.444,2.78,1.827
EpL8-3cdg-1380,1380,0.991,1.058,0.983,0.582,1.895,1.819,1.566,1.607,3.948,3.001,1.941
EpL8-3cdg-1390,1390,1.15,1.23,1.097,0.547,2.039,1.955,1.677,2.162,4.137,3.289,1.913
EpL8-3cdg-1400,1400,1.115,1.211,1.073,0.488,2.015,1.904,1.725,1.861,4.269,3.279,2.049
EpL8-3cdg-1410,1410,0.991,1.023,0.988,0.737,1.957,1.851,1.644,1.777,3.563,2.805,2.106
EpL8-3cdg-1420,1420,0.907,0.954,0.932,0.639,1.912,1.829,1.676,1.665,3.66,2.832,1.84
EpL8-3cdg-1430,1430,1.013,1.075,1.013,0.719,1.909,1.815,1.666,1.396,2.342,1.922,1.642
EpL8-3cdg-1440,1440,1.042,1.117,0.973,0.589,1.905,1.817,1.607,1.474,2.894,2.288,1.646
EpL8-3cdg-1450,1450,1.048,1.122,1.002,0.592,1.947,1.906,1.853,2.696,3.722,3.243,1.89
EpL8-3cdg-1460,1460,0.919,0.949,0.862,0.761,1.96,1.912,1.916,2.464,3.561,3.055,1.794
EpL8-3cdg-1470,1470,1.002,1.085,0.898,0.44,2.043,1.949,1.879,1.96,4.289,3.321,2.202
EpL8-3cdg-1480,1480,1.009,0.926,0.956,1.174,1.924,1.859,1.643,2.475,4.411,3.565,1.985
EpL8-3cdg-1490,1490,0.868,0.931,0.81,0.433,1.973,1.94,1.62,2.428,2.982,2.716,1.638
EpL8-3cdg-1500,1500,0.858,0.887,0.789,0.692,2.062,1.995,1.918,1.647,3.656,2.824,2.318
EpL8-3cdg-1510,1510,0.969,0.999,0.878,0.726,2.02,1.948,1.841,1.909,3.468,2.79,2.095
EpL8-3cdg-1520,1520,0.941,0.945,0.858,0.846,2.006,1.947,1.853,1.48,3.008,2.362,1.915
EpL8-3cdg-1530,1530,0.982,1.026,0.866,0.715,1.897,1.869,1.656,1.572,3.152,2.481,1.943
EpL8-3cdg-1540,1540,0.961,0.929,0.877,0.97,1.926,1.856,1.616,2.062,3.418,2.815,1.737
EpL8-3cdg-1550,1550,1.093,1.094,1.019,0.81,1.957,1.904,1.772,1.576,3.186,2.504,2.06
EpL8-3cdg-1560,1560,1.046,1.088,0.976,0.723,1.941,1.831,1.538,1.914,3.772,2.98,2.092
EpL8-3cdg-1570,1570,0.935,0.932,0.882,0.709,1.952,1.848,1.768,1.795,3.317,2.658,1.787
EpL8-3cdg-1580,1580,1.009,0.953,0.931,1.02,2.013,1.951,1.893,2.087,3.721,3.007,1.675
EpL8-3cdg-1590,1590,0.723,0.736,0.746,0.696,1.923,1.898,1.7,1.628,3.325,2.608,1.748
EpL8-3cdg-1600,1600,0.875,0.878,0.88,0.733,1.81,1.766,1.64,1.724,2.728,2.276,1.754
EpL8-3cdg-1610,1610,0.941,0.989,0.879,0.69,2.231,2.135,1.706,1.544,2.75,2.223,1.77
EpL8-3cdg-1620,1620,1.062,1.108,1.027,0.794,2.251,2.145,1.614,1.655,2.82,2.305,1.807
EpL8-3cdg-1630,1630,0.801,0.738,0.791,0.976,2.263,2.194,1.677,2.203,4.113,3.288,1.937
EpL8-3cdg-1640,1640,0.689,0.71,0.736,0.613,2.233,2.183,1.65,2.409,3.908,3.237,1.748
EpL8-3cdg-1650,1650,0.71,0.701,0.707,0.628,2.185,2.07,1.621,1.391,2.88,2.253,1.899
EpL8-3cdg-1660,1660,0.837,0.89,0.848,0.475,2.123,2.07,1.728,1.454,2.843,2.25,1.845
EpL8-3cdg-1670,1670,0.876,0.839,0.878,1.025,2.176,2.106,1.825,2.299,3.204,2.783,1.892
EpL8-3cdg-1680,1680,1.032,1.008,0.969,1.049,2.229,2.093,1.661,1.651,3.301,2.6,2.099
EpL8-3cdg-1690,1690,1.047,1.051,0.963,1.092,2.376,2.301,1.701,1.725,2.942,2.404,1.876
EpL8-3cdg-1700,1700,0.832,0.864,0.863,0.565,2.385,2.237,1.831,2.222,2.997,2.633,2.062
EpL8-3cdg-1710,1710,0.979,1.038,0.953,0.678,2.504,2.317,1.911,1.857,3.241,2.633,2.001
EpL8-3cdg-1720,1720,0.959,0.99,0.876,0.609,2.402,2.179,1.639,1.371,2.722,2.147,1.83
EpL8-3cdg-1730,1730,0.894,0.826,0.815,1.102,2.254,2.127,1.616,1.683,2.96,2.4,1.83
EpL8-3cdg-1740,1740,1.157,1.198,1.038,0.611,2.488,2.284,1.883,1.353,2.378,1.928,1.661
EpL8-3cdg-1750,1750,1.066,1.095,0.935,0.745,2.482,2.276,1.81,1.687,2.505,2.131,1.881
EpL8-3cdg-1760,1760,0.894,0.899,0.815,0.803,2.028,1.859,1.811,1.808,2.7,2.292,1.831
EpL8-3cdg-1770,1770,0.91,0.937,0.784,0.696,2.165,2.018,1.552,1.455,2.809,2.229,1.794
EpL8-3cdg-1780,1780,1.065,1.049,0.921,1.066,2.286,2.078,1.704,1.642,2.948,2.378,1.75
EpL8-3cdg-1790,1790,1.101,1.102,0.956,1.059,2.429,2.225,1.936,1.95,3.203,2.644,1.852
EpL8-3cdg-1800,1800,1.137,1.147,0.942,0.956,2.462,2.251,1.882,1.975,3.646,2.922,1.823
EpL8-3cdg-1810,1810,0.924,0.959,0.806,0.623,2.074,1.891,1.105,1.412,2.349,1.932,1.71
EpL8-3cdg-1820,1820,0.779,0.802,0.718,0.583,2.276,2.095,1.566,1.874,2.865,2.415,1.829
EpL8-3cdg-1830,1830,0.994,1.057,0.87,0.599,2.253,2.057,1.516,1.482,3.107,2.425,2.029
EpL8-3cdg-1840,1840,0.998,0.996,0.858,0.89,2.239,2.013,1.739,1.865,2.458,2.178,1.748
EpL8-3cdg-1850,1850,1.002,1.01,0.886,0.965,2.256,2.14,1.887,1.483,3.267,2.527,1.777
EpL8-3cdg-1860,1860,1.105,1.12,0.934,0.92,2.475,2.102,1.819,1.34,2.856,2.222,1.673
EpL8-3cdg-1870,1870,1.157,1.192,1.004,0.959,2.199,1.991,1.771,1.542,3.303,2.567,1.932
EpL8-3cdg-1880,1880,1.017,1.075,0.91,0.747,2.464,2.29,1.846,1.712,4.246,3.223,1.812
EpL8-3cdg-1890,1890,1.024,1.048,0.877,0.705,2.323,2.154,1.843,1.994,2.755,2.4,1.579
EpL8-3cdg-1900,1900,1.179,1.194,0.974,1.032,2.25,2.065,1.85,1.649,2.218,1.951,1.859
EpL8-3cdg-1910,1910,1.049,1.095,0.891,0.692,2.278,2.042,1.539,1.393,3.232,2.478,1.877
EpL8-3cdg-1920,1920,1.003,1.022,0.921,0.808,2.36,2.141,1.872,2.034,2.695,2.384,1.774
EpL8-3cdg-1930,1930,0.926,0.925,0.807,0.849,2.198,2.075,1.813,2.135,2.844,2.51,1.804
EpL8-3cdg-1940,1940,1.094,1.115,0.934,0.935,2.23,2.021,1.607,1.733,2.645,2.231,1.919
EpL8-3cdg-1950,1950,1.088,1.158,0.929,0.596,2.111,1.77,1.556,1.494,3.096,2.421,1.953
EpL8-3cdg-1960,1960,1.196,1.29,1.023,0.639,2.7,1.999,2.023,1.845,2.758,2.341,1.679
EpL8-3cdg-1970,1970,1.318,1.412,1.128,0.676,2.717,2.002,1.992,1.674,2.816,2.31,1.917
EpL8-3cdg-1980,1980,1.405,1.522,1.146,0.498,3.079,2.438,2.16,2.696,3.411,3.07,1.83
EpL8-3cdg-1990,1990,1.241,1.34,1.009,0.583,3.112,2.504,2.037,2.349,2.72,2.539,1.829
EpL8-3cdg-2000,2000,1.514,1.636,1.241,0.605,3.441,2.649,2.411,2.423,4.048,3.326,1.959
EpL8-3cdg-2010,2010,1.163,1.233,0.979,0.673,2.764,2.162,2.11,1.139,3.159,2.363,1.851
EpL8-3cdg-2020,2020,0.953,0.987,0.815,0.681,2.823,2.209,2.025,1.822,3.329,2.674,1.821
EpL8-3cdg-2030,2030,1.278,1.382,1.065,0.57,2.991,2.456,2.166,1.672,2.955,2.393,1.901
EpL8-3cdg-2040,2040,1.045,1.123,0.895,0.52,3.055,2.453,2.006,1.436,2.682,2.144,1.694
EpL8-3cdg-2050,2050,1.137,1.221,0.971,0.573,3.162,2.726,2.25,1.755,4.679,3.517,1.832
EpL8-3cdg-2060,2060,1.311,1.419,1.09,0.573,3.307,2.61,2.373,1.472,2.921,2.305,1.623
EpL8-3cdg-2070,2070,1.172,1.225,1.02,0.805,2.915,2.435,2.316,1.758,6.725,4.888,2.389
EpL8-3cdg-2080,2080,1.023,1.074,0.871,0.706,2.772,2.375,2.289,1.547,4.614,3.424,1.853
EpL8-3cdg-2090,2090,1.091,1.148,0.928,0.646,3.286,2.724,2.298,2.648,7.028,5.286,2.174
EpL8-3cdg-2100,2100,1.238,1.264,1.029,0.994,2.926,2.507,2.352,1.916,3.413,2.759,2.004
EpL8-3cdg-2110,2110,1.383,1.503,1.144,0.421,3.01,2.211,2.044,1.461,3.034,2.372,1.888
EpL8-3cdg-2120,2120,1.302,1.411,1.097,0.588,2.69,2.116,1.782,1.552,2.88,2.306,1.782
EpL8-3cdg-2130,2130,0.957,1.013,0.854,0.607,2.458,2.246,2.033,1.557,3.399,2.633,1.853
EpL8-3cdg-2140,2140,1.069,1.125,0.911,0.743,2.425,2.222,1.948,1.463,3.003,2.353,1.745
EpL8-3cdg-2150,2150,1.189,1.283,0.987,0.532,2.649,2.236,2.023,2.162,3.774,3.066,1.778
EpL8-3cdg-2160,2160,1.189,1.264,1.016,0.668,2.388,2.057,1.757,3.293,3.238,3.266,1.645
EpL8-3cdg-2170,2170,1.203,1.282,1.006,0.638,2.491,2.276,1.808,3.191,3.357,3.274,1.773
EpL8-3cdg-2180,2180,1.195,1.269,0.986,0.676,2.319,2.065,1.69,2.559,3.119,2.849,1.976
EpL8-3cdg-2190,2190,1.035,1.119,0.868,0.421,2.431,2.177,1.752,1.744,3.347,2.659,1.886
EpL8-3cdg-2200,2200,1.036,1.113,0.918,0.526,2.312,2.135,1.703,1.632,3.421,2.67,1.917
EpL8-3cdg-2210,2210,1.014,0.969,0.896,1.101,2.272,2.05,1.968,2.192,3.164,2.716,2.12
EpL8-3cdg-2220,2220,1.172,1.216,0.962,0.816,2.692,2.402,2.281,3.024,2.697,2.867,2.155
EpL8-3cdg-2230,2230,1.314,1.415,1.089,0.603,3.008,2.521,2.322,2.592,3.27,2.946,1.966
EpL8-3cdg-2240,2240,1.018,1.033,0.863,0.808,2.464,2.193,1.762,2.738,6.543,4.994,1.999
EpL8-3cdg-2250,2250,1.078,1.165,0.923,0.435,2.348,2.084,1.798,4.21,4.787,4.504,2.066
EpL8-3cdg-2260,2260,1.019,0.917,0.903,1.089,2.418,2.231,1.77,1.598,3.11,2.464,2.013
EpL8-3cdg-2270,2270,0.964,1.023,0.837,0.475,2.41,2.243,1.743,1.79,3.281,2.634,2.025
EpL8-3cdg-2280,2280,1.01,1.072,0.905,0.605,2.344,2.172,1.573,2.367,2.901,2.644,2.006
EpL8-3cdg-2290,2290,1.147,1.229,0.973,0.526,2.286,2.046,1.354,1.489,3.464,2.655,2.166
EpL8-3cdg-2300,2300,0.802,0.798,0.751,0.7,2.346,2.221,1.708,1.763,2.891,2.388,2.032
EpL8-3cdg-2310,2310,0.836,0.907,0.799,0.341,2.287,2.18,1.707,1.654,3.762,2.894,2.07
EpL8-3cdg-2320,2320,1.08,1.118,0.904,0.736,2.306,2.099,1.602,1.49,2.703,2.175,1.986
EpL8-3cdg-2330,2330,0.917,0.944,0.823,0.573,2.254,2.131,1.493,2.011,2.958,2.524,1.839
EpL8-3cdg-2340,2340,0.858,0.892,0.8,0.523,2.328,2.188,1.634,2.263,3.874,3.163,1.874
EpL8-3cdg-2350,2350,1.109,1.095,0.968,0.974,2.143,1.995,1.875,2.091,2.957,2.556,1.823
EpL8-3cdg-2360,2360,0.959,1.034,0.815,0.482,2.107,1.929,1.494,2.699,2.47,2.589,1.794
EpL8-3cdg-2370,2370,0.997,1.053,0.904,0.65,2.218,2.064,1.668,2.759,3.062,2.913,2.08
EpL8-3cdg-2380,2380,0.987,1.038,0.876,0.517,2.02,1.896,1.694,2.757,3.617,3.21,2.159
EpL8-3cdg-2390,2390,0.872,0.897,0.784,0.57,2.047,1.923,1.776,2.779,5.067,4.073,2.399
EpL8-3cdg-2400,2400,0.868,0.891,0.863,0.687,2.203,2.082,1.849,2.949,5.485,4.388,2.28
EpL8-3cdg-2410,2410,0.801,0.846,0.782,0.502,2.522,2.309,2.002,2.202,4.769,3.699,2.427
EpL8-3cdg-2420,2420,0.893,0.944,0.819,0.578,2.321,2.177,2.079,2.751,4.405,3.662,2.157
EpL8-3cdg-2430,2430,1.044,1.103,0.947,0.597,2.337,2.126,1.725,2.37,4.593,3.641,2.224
EpL8-3cdg-2440,2440,0.816,0.825,0.753,0.698,2.285,2.148,1.756,2.572,4.502,3.655,2.428
EpL8-3cdg-2450,2450,1.13,1.2,1.009,0.73,2.444,2.304,1.748,2.13,3.386,2.821,2.014
EpL8-3cdg-2460,2460,0.906,0.981,0.813,0.406,2.379,2.221,1.718,1.879,2.868,2.419,2.063
EpL8-3cdg-2470,2470,1,1.066,0.903,0.604,2.493,2.349,1.783,1.965,3.375,2.753,2.117
EpL8-3cdg-2480,2480,1.153,1.237,0.984,0.625,2.249,2.12,1.724,2.007,3.969,3.134,2.577
EpL8-3cdg-2490,2490,1.101,1.08,0.972,1.054,2.416,2.248,1.791,1.718,4.034,3.087,2.287
EpL8-3cdg-2500,2500,1.031,1.093,0.884,0.663,2.393,2.257,1.748,1.609,3.021,2.412,2.175
EpL8-3cdg-2510,2510,0.927,0.974,0.826,0.62,2.388,2.196,1.69,1.738,2.629,2.223,1.819
EpL8-3cdg-2520,2520,1.108,1.181,0.933,0.603,2.612,2.331,1.908,2.173,3.031,2.632,2.153
EpL8-3cdg-2530,2530,1.042,1.081,0.943,0.773,2.408,2.202,1.921,2.04,2.351,2.199,1.878
EpL8-3cdg-2540,2540,0.855,0.906,0.778,0.525,2.373,2.224,1.778,2.191,2.323,2.257,1.879
EpL8-3cdg-2550,2550,0.808,0.812,0.753,0.717,2.269,2.086,1.796,1.888,2.928,2.457,1.898
EpL8-3cdg-2560,2560,1.078,1.116,0.913,0.847,1.937,1.885,1.764,2.831,4.052,3.488,1.97
EpL8-3cdg-2570,2570,1.139,1.208,0.97,0.692,2.416,2.19,1.811,2.48,4.838,3.83,1.811
EpL8-3cdg-2580,2580,0.95,1.001,0.851,0.579,2.25,2.112,1.687,1.973,2.764,2.397,1.688
EpL8-3cdg-2590,2590,0.885,0.958,0.834,0.413,2.283,2.12,1.726,1.662,3.395,2.663,1.805
EpL8-3cdg-2600,2600,1.016,1.03,0.888,0.84,2.498,2.328,1.736,2.254,3.208,2.767,1.79
EpL8-3cdg-2610,2610,0.705,0.68,0.67,0.653,2.348,2.199,1.806,2.407,3.704,3.116,2.108
EpL8-3cdg-2620,2620,0.827,0.898,0.746,0.342,2.432,2.174,1.778,1.957,2.543,2.265,1.882
EpL8-3cdg-2630,2630,0.969,1.043,0.862,0.421,2.457,2.294,1.974,1.733,2.362,2.068,1.82
EpL8-3cdg-2640,2640,1.126,1.204,0.929,0.485,2.41,2.19,1.922,1.787,3.191,2.578,2.07
EpL8-3cdg-2650,2650,1.029,1.057,0.884,0.76,2.432,2.245,2.078,1.649,2.674,2.216,1.747
EpL8-3cdg-2660,2660,0.938,0.954,0.83,0.743,2.497,2.375,2.04,1.902,3.474,2.791,2.089
EpL8-3cdg-2670,2670,0.937,0.947,0.799,0.767,2.376,2.213,1.952,1.64,3.615,2.796,2.19
EpL8-3cdg-2680,2680,1.18,1.253,1.007,0.653,2.344,2.126,1.693,2.292,3.772,3.112,2.32
EpL8-3cdg-2690,2690,1.081,1.172,0.926,0.472,2.432,2.202,1.811,2.084,4.116,3.25,2.449
EpL8-3cdg-2700,2700,0.781,0.835,0.726,0.467,2.005,1.921,1.88,1.744,5.276,3.91,2.495
EpL8-3cdg-2710,2710,1.103,1.204,0.944,0.375,2.425,2.179,1.754,2.662,3.853,3.304,2.778
EpL8-3cdg-2720,2720,1.105,1.161,0.942,0.776,2.041,1.937,1.797,2.331,5.289,4.07,2.941
EpL8-3cdg-2730,2730,1.116,1.146,0.958,0.72,2.347,2.126,1.732,2.504,3.972,3.311,2.951
EpL8-3cdg-2740,2740,0.804,0.847,0.773,0.472,2.366,2.244,1.806,2.374,4.534,3.606,3.2
EpL8-3cdg-2750,2750,0.874,0.839,0.8,0.954,2.385,2.26,1.68,2.992,5.18,4.217,3.506
EpL8-3cdg-2760,2760,0.824,0.873,0.791,0.575,2.303,2.117,1.78,2.019,4.926,3.748,3.03
EpL8-3cdg-2770,2770,0.891,0.885,0.831,0.865,2.395,2.235,1.77,2.203,4.967,3.826,3.243
EpL8-3cdg-2780,2780,0.912,0.954,0.825,0.61,2.285,2.034,1.825,2.348,4.876,3.812,3.172
EpL8-3cdg-2790,2790,0.914,0.929,0.826,0.814,2.35,2.211,1.764,2.369,3.758,3.133,2.621
EpL8-3cdg-2800,2800,1.065,1.135,0.977,0.549,2.29,2.125,1.78,2.346,3.695,3.087,2.68
EpL8-3cdg-2810,2810,1.124,1.205,0.971,0.577,2.329,2.093,1.699,2.196,4.071,3.259,2.957
EpL8-3cdg-2820,2820,0.87,0.89,0.799,0.657,2.404,2.274,1.668,2.643,4.072,3.424,2.991
EpL8-3cdg-2830,2830,1.075,1.127,0.914,0.694,2.564,2.368,1.961,2.328,3.739,3.106,2.674
EpL8-3cdg-2840,2840,1.17,1.257,0.975,0.601,2.48,2.253,1.713,2.642,4.016,3.39,2.996
EpL8-3cdg-2850,2850,0.867,0.859,0.795,0.799,2.433,2.216,1.777,1.919,3.939,3.087,3.021
EpL8-3cdg-2860,2860,0.898,0.965,0.784,0.435,2.36,2.254,1.691,2.434,3.827,3.199,2.903
EpL8-3cdg-2870,2870,0.964,0.985,0.846,0.695,2.378,2.25,1.805,1.964,3.735,2.973,2.841
EpL8-3cdg-2880,2880,0.89,0.896,0.774,0.746,2.496,2.315,2.005,2.283,3.733,3.085,2.75
EpL8-3cdg-2890,2890,0.942,0.995,0.795,0.616,2.535,2.375,1.772,2.136,3.606,2.954,2.738
EpL8-3cdg-2900,2900,0.974,1.004,0.828,0.717,2.42,2.223,1.803,2.229,3.473,2.91,2.628
EpL8-3cdg-2910,2910,0.806,0.841,0.738,0.653,2.162,2.036,1.7,2.396,3.435,2.955,2.773
EpL8-3cdg-2920,2920,1.152,1.167,0.985,0.919,2.219,2.03,1.519,2.195,3.883,3.144,3.042
EpL8-3cdg-2930,2930,1.045,1.123,0.927,0.487,2.462,2.301,2.007,2.841,4.032,3.48,2.901
EpL8-3cdg-2940,2940,1.054,1.129,0.935,0.567,2.403,2.206,2.05,2.426,4.214,3.428,2.785
EpL8-3cdg-2950,2950,0.972,1.035,0.852,0.539,2.608,2.395,2.161,2.287,4.211,3.377,3.001
EpL8-3cdg-2960,2960,0.891,0.957,0.83,0.473,2.51,2.327,1.974,1.984,3.938,3.106,2.947
EpL8-3cdg-2970,2970,0.997,1.05,0.884,0.629,2.367,2.215,2.047,2.322,4.167,3.362,3.175
EpL8-3cdg-2980,2980,0.823,0.854,0.748,0.602,2.308,2.172,1.831,2.095,3.953,3.153,2.989
EpL8-3cdg-2990,2990,0.989,1.068,0.883,0.425,2.434,2.202,1.997,2.463,4.216,3.442,3.071
EpL8-3cdg-3000,3000,0.986,1.049,0.877,0.627,2.403,2.166,1.838,2.165,4.238,3.353,3.125
EpL8-3cdg-3010,3010,0.852,0.904,0.783,0.52,2.429,2.245,1.77,2.224,4.199,3.348,3.234
EpL8-3cdg-3020,3020,1.052,1.129,0.9,0.563,2.39,2.217,1.712,2.203,3.963,3.196,3.092
EpL8-3cdg-3030,3030,1.049,1.139,0.909,0.471,2.4,2.27,1.736,2.323,4.075,3.306,3.208
EpL8-3cdg-3040,3040,1.059,1.145,0.883,0.52,2.283,2.135,1.599,2.052,3.843,3.07,2.95
EpL8-3cdg-3050,3050,1.006,1.068,0.883,0.635,2.307,2.11,1.709,2.478,4.046,3.346,2.849
EpL8-3cdg-3060,3060,1.079,1.138,0.928,0.685,2.397,2.149,1.688,1.97,3.719,2.966,2.839
EpL8-3cdg-3070,3070,0.868,0.901,0.802,0.67,2.307,2.143,1.843,1.907,3.85,3.027,2.972
EpL8-3cdg-3080,3080,0.995,1.056,0.849,0.555,2.462,2.184,1.874,2.354,3.714,3.101,2.825
EpL8-3cdg-3090,3090,0.956,1.028,0.816,0.463,2.425,2.153,2.037,1.859,3.886,3.034,2.907
EpL8-3cdg-3100,3100,1.027,1.085,0.913,0.57,2.412,2.179,2,2.462,4.24,3.457,2.835
EpL8-3cdg-3110,3110,0.949,0.961,0.853,0.863,2.415,2.188,1.934,1.669,3.694,2.854,2.796
EpL8-3cdg-3120,3120,1.032,1.103,0.879,0.607,2.523,2.196,1.874,2.034,4.208,3.292,3.101
EpL8-3cdg-3130,3130,0.998,1.041,0.909,0.687,2.556,2.307,2.129,2.256,3.847,3.144,2.996
EpL8-3cdg-3140,3140,1.078,1.169,0.939,0.409,2.558,2.303,2.095,2.054,4.346,3.386,2.958
EpL8-3cdg-3150,3150,1.139,1.206,0.96,0.745,2.657,2.211,2.091,1.801,3.745,2.927,2.779
EpL8-3cdg-3160,3160,1.138,1.204,0.971,0.724,2.446,2.211,1.932,1.818,4.557,3.454,2.941
EpL8-3cdg-3170,3170,1.121,1.18,0.954,0.764,2.508,2.16,1.744,1.811,3.397,2.713,2.635
EpL8-3cdg-3180,3180,0.911,0.96,0.843,0.576,2.588,2.347,2.227,2.357,3.317,2.871,2.56
EpL8-3cdg-3190,3190,1.01,1.038,0.871,0.778,2.628,2.416,2.257,1.699,4.342,3.282,2.891
EpL8-3cdg-3200,3200,0.925,0.982,0.858,0.582,2.543,2.351,2.015,1.911,3.616,2.882,2.616
EpL8-3cdg-3210,3210,0.816,0.835,0.74,0.628,2.453,2.143,2.156,2.374,4.091,3.334,2.609
EpL8-3cdg-3220,3220,1.069,1.118,0.914,0.672,2.792,2.43,2.215,1.917,3.308,2.695,2.314
EpL8-3cdg-3230,3230,1.046,1.064,0.952,0.808,2.597,2.208,2.248,1.918,3.676,2.921,2.178
EpL8-3cdg-3240,3240,0.905,0.968,0.833,0.513,2.608,2.277,2.194,2.009,4.411,3.414,2.373
EpL8-3cdg-3250,3250,1.046,1.116,0.935,0.538,2.685,2.376,2.244,2.091,3.788,3.049,2.317
EpL8-3cdg-3260,3260,1.163,1.156,0.989,1.107,2.821,2.517,2.234,1.827,3.394,2.716,2.456
EpL8-3cdg-3270,3270,1.118,1.133,0.966,0.959,2.677,2.345,2.155,2.048,3.992,3.161,2.987
EpL8-3cdg-3280,3280,1.076,1.158,0.936,0.519,2.642,2.304,2.187,1.917,4.142,3.214,2.852
EpL8-3cdg-3290,3290,1.359,1.433,1.143,0.807,2.76,2.247,2.274,2.137,5.956,4.453,3.081
EpL8-3cdg-3300,3300,1.398,1.522,1.169,0.573,2.915,2.398,2.261,2.322,4.794,3.752,2.799
EpL8-3cdg-3310,3310,1.356,1.428,1.084,0.753,2.554,2.161,2.249,2.708,4.694,3.82,3.03
EpL8-3cdg-3320,3320,1.106,1.126,0.942,0.993,2.736,2.274,2.253,2.545,3.649,3.139,3.018
EpL8-3cdg-3330,3330,1.113,1.172,0.969,0.78,2.288,2.04,2.228,2.463,4.558,3.651,3.114
EpL8-3cdg-3340,3340,1.046,1.103,0.916,0.669,2.121,1.982,2.256,2.555,5.812,4.471,3.13
EpL8-3cdg-3350,3350,1.021,1.079,0.903,0.664,2.475,2.159,2.269,2.541,5.107,4.019,3.274
EpL8-3cdg-3360,3360,1.065,1.109,0.93,0.864,2.265,2.077,2.224,2.206,5.994,4.495,3.068
EpL8-3cdg-3370,3370,1.115,1.178,0.931,0.687,2.505,2.088,2.194,2.156,5.243,3.991,3.124
EpL8-3cdg-3380,3380,1.07,1.133,0.908,0.575,2.681,2.189,2.266,2.294,5.203,4.004,3.188
EpL8-3cdg-3390,3390,1.227,1.265,1.033,0.948,2.688,2.283,2.29,2.55,6.12,4.667,3.762
EpL8-3cdg-3400,3400,1.106,1.164,0.953,0.704,2.632,2.206,2.215,2.051,5.992,4.456,3.588
EpL8-3cdg-3410,3410,1.234,1.267,1.041,0.966,2.546,2.136,2.262,1.979,6.373,4.695,3.268
EpL8-3cdg-3420,3420,1.182,1.222,0.994,0.762,2.486,2.115,2.291,2.124,6.836,5.036,3.645
EpL8-3cdg-3430,3430,1.284,1.364,1.09,0.631,2.631,2.156,2.227,2.424,8.85,6.454,3.408
EpL8-3cdg-3440,3440,1.327,1.369,1.105,0.975,2.519,2.154,2.196,2.567,6.346,4.819,3.488
EpL8-3cdg-3450,3450,1.298,1.397,1.052,0.564,2.676,2.193,2.071,2.226,7.357,5.407,3.194
EpL8-3cdg-3460,3460,1.21,1.271,1.008,0.747,2.706,2.174,2.209,2.064,6.956,5.104,3.254
EpL8-3cdg-3470,3470,1.464,1.555,1.191,0.755,2.941,2.318,2.24,2.864,5.96,4.657,3.413
EpL8-3cdg-3480,3480,1.253,1.308,1.026,0.87,2.478,2.14,2.28,2.347,7.323,5.41,3.414
EpL8-3cdg-3490,3490,1.233,1.288,1.053,0.799,2.667,2.154,2.242,2.779,7.971,5.94,3.798
EpL8-3cdg-3500,3500,1.236,1.322,1.053,0.66,2.865,2.279,2.271,2.135,8.905,6.44,3.563
EpL8-3cdg-3510,3510,1.317,1.347,1.096,0.999,2.743,2.281,2.463,2.936,11.653,8.451,3.762
EpL8-3cdg-3520,3520,1.338,1.345,1.105,1.179,2.63,2.19,2.255,2.266,7.694,5.642,3.353
EpL8-3cdg-3530,3530,1.502,1.604,1.205,0.739,2.89,2.338,2.29,2.578,11.822,8.508,3.954
EpL8-3cdg-3540,3540,1.233,1.224,1.046,1.071,2.755,2.283,2.373,2.213,9.376,6.774,3.384
EpL8-3cdg-3550,3550,1.263,1.331,1.031,0.867,2.743,2.262,2.289,2.032,10.201,7.313,3.656
EpL8-3cdg-3560,3560,1.514,1.607,1.224,0.788,2.767,2.136,2.185,2.993,7.942,5.974,3.394
EpL8-3cdg-3570,3570,1.435,1.523,1.169,0.791,2.801,2.395,2.348,2.727,9.177,6.734,3.337
EpL8-3cdg-3580,3580,1.334,1.391,1.096,0.899,2.603,2.233,2.284,2.439,8.668,6.334,3.42
EpL8-3cdg-3590,3590,1.365,1.454,1.11,0.768,2.645,2.11,2.167,2.042,5.432,4.084,3.149
EpL8-3cdg-3600,3600,1.363,1.46,1.139,0.681,2.708,2.198,2.407,2.643,9.55,6.97,3.672
EpL8-3cdg-3610,3610,1.4,1.504,1.147,0.626,2.807,2.246,2.268,2.749,8.735,6.442,3.493
EpL8-3cdg-3620,3620,1.193,1.279,1.015,0.648,2.714,2.228,2.243,2.445,4.75,3.764,3.196
EpL8-3cdg-3630,3630,1.451,1.563,1.216,0.69,2.678,2.174,2.286,2.007,5.941,4.412,3.237
EpL8-3cdg-3640,3640,1.516,1.572,1.239,1.077,2.758,2.262,2.293,2.093,5.221,3.959,3.023
EpL8-3cdg-3650,3650,1.16,1.242,0.978,0.541,2.824,2.299,2.229,1.982,6.643,4.876,3.149
EpL8-3cdg-3660,3660,1.172,1.206,1.034,0.945,2.23,1.943,2.116,2.067,7.204,5.272,3.289
EpL8-3cdg-3670,3670,1.367,1.41,1.171,1.049,2.716,2.198,2.235,2.222,5.665,4.283,2.944
EpL8-3cdg-3680,3680,1.49,1.569,1.235,0.99,2.738,2.158,2.172,2.235,5.582,4.233,3.359
EpL8-3cdg-3690,3690,1.657,1.737,1.337,1.174,2.814,2.237,2.288,2.445,5.316,4.121,2.99
EpL8-3cdg-3700,3700,1.508,1.626,1.248,0.685,2.617,2.234,2.211,1.995,6.382,4.704,3.302
EpL8-3cdg-3710,3710,1.417,1.441,1.186,1.096,2.618,2.306,2.23,3.38,5.474,4.536,3.172
EpL8-3cdg-3720,3720,1.45,1.52,1.229,0.996,2.706,2.374,2.375,1.819,4.607,3.487,2.907
EpL8-3cdg-3730,3730,1.715,1.828,1.423,0.863,2.873,2.27,2.3,2.224,4.02,3.238,2.894
EpL8-3cdg-3740,3740,1.386,1.464,1.201,0.818,2.803,2.205,2.203,1.938,4.399,3.385,2.865
EpL8-3cdg-3750,3750,1.283,1.351,1.095,0.806,2.556,2.15,2.311,2.106,4.72,3.639,2.869
EpL8-3cdg-3760,3760,1.245,1.267,1.058,1.016,2.622,2.234,2.301,2.553,3.916,3.297,2.461
EpL8-3cdg-3770,3770,1.357,1.418,1.128,0.941,2.842,2.273,2.272,1.714,4.216,3.204,2.464
EpL8-3cdg-3780,3780,1.447,1.52,1.223,0.981,2.726,2.288,2.359,2.233,4.069,3.271,2.402
EpL8-3cdg-3790,3790,1.375,1.467,1.167,0.829,2.864,2.343,2.275,1.587,5.747,4.193,2.395
EpL8-3cdg-3800,3800,1.444,1.55,1.2,0.666,2.833,2.201,2.291,2.037,5.894,4.388,2.419
EpL8-3cdg-3810,3810,1.346,1.397,1.124,0.954,2.722,2.269,2.286,1.825,4.232,3.245,2.205
EpL8-3cdg-3820,3820,1.546,1.627,1.27,0.967,2.905,2.295,2.355,1.548,4.607,3.42,2.367
EpL8-3cdg-3830,3830,1.411,1.445,1.209,1.136,2.576,2.14,2.038,2.293,4.865,3.788,2.237
EpL8-3cdg-3840,3840,1.431,1.532,1.183,0.778,2.719,2.299,2.371,2.221,4.189,3.341,2.367
EpL8-3cdg-3850,3850,1.332,1.398,1.124,0.867,2.789,2.272,2.238,1.676,4.864,3.62,2.305
EpL8-3cdg-3860,3860,1.505,1.56,1.231,1.044,2.767,2.26,2.365,1.801,3.464,2.751,2.464
EpL8-3cdg-3870,3870,1.2,1.237,1.042,0.93,2.483,2.134,2.314,1.83,3.343,2.686,2.298
EpL8-3cdg-3880,3880,1.328,1.385,1.135,0.927,2.681,2.204,2.279,1.716,3.215,2.568,2.293
EpL8-3cdg-3890,3890,1.523,1.558,1.258,1.213,2.794,2.226,2.254,1.954,3.3,2.703,2.535
EpL8-3cdg-3900,3900,1.371,1.44,1.179,0.909,2.758,2.302,2.241,2.364,3.451,2.951,2.568
EpL8-3cdg-3910,3910,1.326,1.393,1.136,0.901,2.829,2.108,2.096,2.469,2.917,2.7,2.36
EpL8-3cdg-3920,3920,1.362,1.436,1.124,0.849,2.775,2.228,2.336,2.059,3.521,2.875,2.382
EpL8-3cdg-3930,3930,1.102,1.146,0.996,0.696,2.591,2.165,2.276,2.14,3.647,2.981,2.764
EpL8-3cdg-3940,3940,1.509,1.601,1.225,0.865,2.922,2.198,2.233,2.018,3.656,2.943,2.844
EpL8-3cdg-3950,3950,1.397,1.501,1.161,0.753,2.913,2.353,2.364,1.903,4.256,3.283,2.522
EpL8-3cdg-3960,3960,1.486,1.559,1.223,0.944,2.855,2.273,2.261,1.918,3.242,2.656,2.518
EpL8-3cdg-3970,3970,1.519,1.559,1.233,1.246,2.688,2.333,2.363,1.806,4.043,3.118,2.733
EpL8-3cdg-3980,3980,1.507,1.555,1.216,1.105,2.604,2.097,2.272,2.144,3.78,3.063,2.578
EpL8-3cdg-3990,3990,1.188,1.219,1.087,0.941,2.339,1.991,2.236,2.131,3.967,3.173,2.998
EpL8-3cdg-4000,4000,1.473,1.555,1.231,0.892,2.679,2.133,2.038,2.198,4.055,3.25,3.012
EpL8-3cdg-4010,4010,1.602,1.695,1.287,0.947,2.758,2.234,2.251,2.563,4.414,3.598,3.072
EpL8-3cdg-4020,4020,1.577,1.619,1.271,1.231,2.739,2.204,2.263,1.989,4.629,3.547,2.905
EpL8-3cdg-4030,4030,1.714,1.71,1.399,1.517,2.75,2.23,2.346,1.918,3.867,3.041,2.714
EpL8-3cdg-4040,4040,1.469,1.538,1.222,0.936,2.711,2.266,2.389,2.378,5.238,4.051,3.003
EpL8-3cdg-4050,4050,1.31,1.32,1.088,1.16,2.797,2.276,2.268,2.092,4.364,3.409,2.809
EpL8-3cdg-4060,4060,1.512,1.567,1.235,1.1,2.713,2.195,2.213,2.729,3.982,3.406,3.012
EpL8-3cdg-4070,4070,1.219,1.255,0.987,0.836,2.639,2.198,2.221,2.411,4.668,3.702,2.899
EpL8-3cdg-4080,4080,1.386,1.422,1.127,1.011,2.542,2.106,2.124,3.496,4.498,4.022,3.112
EpL8-3cdg-4090,4090,1.336,1.423,1.099,0.672,2.838,2.251,2.208,3.245,3.945,3.608,2.862
EpL8-3cdg-4100,4100,1.304,1.36,1.053,0.81,2.769,2.317,2.201,2.97,3.909,3.466,2.801
EpL8-3cdg-4110,4110,1.145,1.111,0.959,1.135,2.185,1.939,2.064,2.609,4.14,3.451,2.857
EpL8-3cdg-4120,4120,1.034,1.045,0.887,0.897,2.291,2.001,2.116,2.627,4.194,3.49,3.114
EpL8-3cdg-4130,4130,1.516,1.546,1.214,1.144,2.771,2.261,2.28,2.561,4.262,3.506,2.859
EpL8-3cdg-4140,4140,1.386,1.362,1.129,1.294,2.761,2.234,2.181,2.475,4.693,3.739,2.983
EpL8-3cdg-4150,4150,1.411,1.434,1.188,1.087,2.67,2.195,2.236,3.255,4.543,3.944,2.753
EpL8-3cdg-4160,4160,1.481,1.534,1.216,1.069,2.579,2.128,2.086,2.923,3.613,3.282,2.806
EpL8-3cdg-4170,4170,1.485,1.536,1.235,0.923,2.55,2.105,2.148,2.485,3.781,3.192,2.934
EpL8-3cdg-4180,4180,1.315,1.384,1.098,0.801,2.642,2.108,2.077,2.74,4.218,3.548,2.914
EpL8-3cdg-4190,4190,1.5,1.55,1.215,1.162,2.779,2.305,2.187,2.62,3.853,3.287,2.967
EpL8-3cdg-4200,4200,1.417,1.485,1.161,0.906,2.758,2.211,2.199,2.873,4.691,3.879,2.899
EpL8-3cdg-4210,4210,1.434,1.496,1.165,0.974,2.761,2.233,2.228,2.621,4.546,3.699,3.039
EpL8-3cdg-4220,4220,1.43,1.465,1.185,1.068,2.631,2.207,2.159,2.456,4.191,3.424,2.845
EpL8-3cdg-4230,4230,1.441,1.507,1.192,0.867,2.724,2.164,2.241,2.397,5.33,4.116,3.06
EpL8-3cdg-4240,4240,1.539,1.648,1.243,0.751,2.94,2.291,2.286,2.605,3.872,3.292,2.968
EpL8-3cdg-4250,4250,1.267,1.34,1.048,0.713,2.762,2.254,2.284,2.368,4.17,3.38,2.919
EpL8-3cdg-4260,4260,1.464,1.518,1.176,0.961,2.783,2.224,2.271,2.638,4.815,3.869,3.084
EpL8-3cdg-4270,4270,1.405,1.491,1.155,0.778,2.733,2.072,2.082,2.559,5.014,3.966,2.986
EpL8-3cdg-4280,4280,1.433,1.449,1.154,1.159,2.783,2.367,2.379,2.332,4.62,3.646,3.204
EpL8-3cdg-4290,4290,1.171,1.232,0.964,0.743,2.568,2.169,2.329,2.655,4.279,3.551,3.147
EpL8-3cdg-4300,4300,1.155,1.221,0.977,0.633,2.408,2.206,2.331,3.16,4.85,4.083,3.048
EpL8-3cdg-4310,4310,1.42,1.492,1.223,0.929,2.709,2.496,2.389,3.456,5.037,4.31,3.066
EpL8-3cdg-4320,4320,1.053,1.113,0.903,0.669,2.584,2.41,2.374,2.551,4.219,3.477,3.187
EpL8-3cdg-4330,4330,1.174,1.142,0.974,1.238,3.139,3.027,2.511,2.406,4.544,3.623,3.22
EpL8-3cdg-4340,4340,1.154,1.148,0.961,1.064,2.807,2.587,2.453,2.472,4.611,3.687,3.156
EpL8-3cdg-4350,4350,0.91,0.927,0.799,0.669,2.756,2.587,2.385,2.358,4.304,3.459,2.943
EpL8-3cdg-4360,4360,1.166,1.171,0.97,1.071,2.698,2.579,2.522,2.24,4.254,3.388,3.072
EpL8-3cdg-4370,4370,1.116,1.116,0.985,1.009,2.635,2.407,2.387,2.241,4.734,3.689,3.258
EpL8-3cdg-4380,4380,1.104,1.181,0.925,0.681,2.737,2.499,2.366,2.468,4.729,3.758,3.257
EpL8-3cdg-4390,4390,1.207,1.251,1.005,0.972,2.468,2.258,2.275,2.351,6.129,4.621,3.481
EpL8-3cdg-4400,4400,1.261,1.352,1.092,0.766,2.625,2.364,2.252,2.606,5.164,4.075,3.442
EpL8-3cdg-4410,4410,1.526,1.475,1.258,1.623,2.643,2.458,2.377,2.231,5.452,4.147,3.314
EpL8-3cdg-4420,4420,1.293,1.355,1.064,0.831,2.684,2.441,2.34,2.525,4.918,3.895,3.319
EpL8-3cdg-4430,4430,1.283,1.297,1.073,1.054,2.549,2.286,2.317,2.746,4.759,3.873,3.339
EpL8-3cdg-4440,4440,1.434,1.513,1.178,1.005,2.417,2.261,2.282,2.227,4.976,3.839,3.396
EpL8-3cdg-4450,4450,1.281,1.329,1.098,0.922,2.54,2.284,2.29,2.69,4.973,3.984,3.359
EpL8-3cdg-4460,4460,1.257,1.317,1.095,0.91,2.509,2.264,2.262,2.544,4.039,3.367,3.193
EpL8-3cdg-4470,4470,1.138,1.132,0.975,1.097,2.573,2.411,2.324,2.682,4.769,3.857,3.288
EpL8-3cdg-4480,4480,1.337,1.384,1.138,0.985,2.576,2.408,2.406,2.802,4.962,4.017,3.276
EpL8-3cdg-4490,4490,1.183,1.16,0.993,1.214,2.374,2.264,2.272,2.506,4.366,3.549,3.306
EpL8-3cdg-4500,4500,1.008,1.046,0.886,0.763,2.505,2.271,2.352,2.582,4.327,3.552,3.247
EpL8-3cdg-4510,4510,0.996,1.015,0.888,0.926,2.432,2.314,2.331,2.557,4.811,3.839,3.303
EpL8-3cdg-4520,4520,1.024,1.065,0.87,0.744,2.383,2.217,2.268,2.771,4.332,3.627,3.261
EpL8-3cdg-4530,4530,1.196,1.208,1.01,1.063,2.449,2.29,2.342,2.454,5.04,3.949,3.181
EpL8-3cdg-4540,4540,1.08,1.122,0.94,0.801,2.526,2.27,2.322,2.109,4.776,3.677,3.333
EpL8-3cdg-4550,4550,1.186,1.239,1.014,0.813,2.602,2.327,2.277,2.407,4.605,3.661,3.127
EpL8-3cdg-4560,4560,1.204,1.234,1.064,0.991,2.532,2.272,2.299,2.193,4.235,3.36,3.069
EpL8-3cdg-4570,4570,1.219,1.293,1.038,0.73,2.484,2.275,2.297,2.121,4.16,3.29,2.84
EpL8-3cdg-4580,4580,1.187,1.146,1.048,1.325,2.545,2.415,2.321,2.341,4.217,3.4,2.947
EpL8-3cdg-4590,4590,1.03,1.088,0.925,0.734,2.538,2.304,2.294,2.189,4.547,3.555,3.027
EpL8-3cdg-4600,4600,1.454,1.505,1.221,0.94,2.585,2.305,2.347,2.162,4.162,3.305,3.081
EpL8-3cdg-4610,4610,1.369,1.298,1.179,1.467,2.555,2.392,2.332,2.117,4.153,3.284,3.141
EpL8-3cdg-4620,4620,1.376,1.443,1.166,0.889,2.617,2.352,2.416,2.376,4.154,3.373,3.077
EpL8-3cdg-4630,4630,1.369,1.42,1.176,0.946,2.629,2.391,2.476,2.36,4.08,3.323,3.119
EpL8-3cdg-4640,4640,1.49,1.498,1.239,1.219,2.447,2.288,2.314,2.363,4.497,3.579,3.241
EpL8-3cdg-4650,4650,1.334,1.394,1.097,0.863,2.394,2.252,2.27,2.143,4.283,3.374,3.178
EpL8-3cdg-4660,4660,1.209,1.232,1.039,0.901,2.378,2.225,2.294,2.408,4.528,3.614,3.178
EpL8-3cdg-4670,4670,1.176,1.235,1.034,0.788,2.265,2.145,2.033,3.241,4.473,3.898,3.27
EpL8-3cdg-4680,4680,1.569,1.608,1.289,1.171,2.585,2.402,2.396,2.652,3.992,3.381,3.181
EpL8-3cdg-4690,4690,1.483,1.524,1.287,1.134,2.543,2.3,2.145,4.359,7.137,5.897,3.442
EpL8-3cdg-4700,4700,1.316,1.339,1.187,1.149,2.432,2.263,2.098,2.97,4.509,3.808,3.175
EpL8-3cdg-4710,4710,1.571,1.568,1.338,1.236,2.592,2.367,2.32,2.907,4.243,3.629,3.145
EpL8-3cdg-4720,4720,1.378,1.386,1.223,1.151,2.513,2.427,2.378,3.213,4.23,3.75,3.248
EpL8-3cdg-4730,4730,1.251,1.242,1.111,1.156,2.582,2.394,2.293,3.03,3.927,3.502,3.251
EpL8-3cdg-4740,4740,1.352,1.423,1.163,0.792,2.767,2.432,2.396,2.962,4.179,3.614,3.357
EpL8-3cdg-4750,4750,1.229,1.19,1.063,1.219,2.502,2.266,2.336,3.307,4.099,3.719,3.403
EpL8-3cdg-4760,4760,1.197,1.208,1.085,0.901,2.58,2.398,2.379,2.442,4.205,3.428,3.188
EpL8-3cdg-4770,4770,1.373,1.387,1.177,1.218,2.418,2.251,2.264,2.482,4.378,3.547,3.298
EpL8-3cdg-4780,4780,1.179,1.194,1.092,1,2.691,2.433,2.372,2.455,4.288,3.483,3.155
EpL8-3cdg-4790,4790,1.348,1.38,1.161,1.032,2.419,2.245,2.308,2.462,4.358,3.528,3.258
EpL8-3cdg-4800,4800,1.167,1.188,1.065,1.041,2.542,2.381,2.396,2.311,4.443,3.529,3.206
EpL8-3cdg-4810,4810,1.371,1.415,1.132,1.05,2.505,2.33,2.379,2.309,4.558,3.6,3.319
EpL8-3cdg-4820,4820,1.223,1.284,1.086,0.888,2.546,2.339,2.308,2.486,4.401,3.563,3.051
EpL8-3cdg-4830,4830,1.239,1.257,1.068,1.121,2.587,2.329,2.284,2.287,4.828,3.763,3.386
EpL8-3cdg-4840,4840,0.998,0.954,0.917,1.161,2.552,2.405,2.375,2.563,4.018,3.361,3.134
EpL8-3cdg-4850,4850,1.215,1.262,1.068,0.905,2.57,2.269,2.275,2.308,4.104,3.318,3.12
EpL8-3cdg-4860,4860,1.306,1.34,1.109,1.029,2.526,2.377,2.435,2.438,4.399,3.545,3.252
EpL8-3cdg-4870,4870,1.577,1.543,1.296,1.494,2.552,2.287,2.291,2.848,4.432,3.715,3.225
EpL8-3cdg-4880,4880,1.36,1.352,1.139,1.283,2.53,2.388,2.409,2.434,4.605,3.67,3.271
EpL8-3cdg-4890,4890,1.303,1.355,1.086,1.054,2.45,2.322,2.367,2.456,3.945,3.277,3.061
EpL8-3cdg-4900,4900,1.356,1.346,1.143,1.21,2.663,2.479,2.419,2.895,4.326,3.672,3.145
EpL8-3cdg-4910,4910,0.994,1.006,0.934,0.834,2.569,2.378,2.333,2.376,4.412,3.532,3.166
EpL8-3cdg-4920,4920,1.2,1.213,1.056,1.019,2.564,2.33,2.175,2.061,4.315,3.368,3.187
EpL8-3cdg-4930,4930,0.886,0.882,0.831,0.904,2.552,2.358,2.267,2.673,4.735,3.832,3.157
EpL8-3cdg-4940,4940,1.338,1.356,1.104,1.118,2.611,2.449,2.435,2.428,4.208,3.424,3.127
EpL8-3cdg-4950,4950,1.238,1.285,1.129,1.045,2.463,2.292,2.215,2.168,3.781,3.072,3.006
EpL8-3cdg-4960,4960,1.203,1.236,1.059,1.014,2.398,2.244,2.233,2.379,3.977,3.267,3.175
EpL8-3cdg-4970,4970,1.048,1.088,0.91,0.759,2.442,2.256,2.171,2.783,4.317,3.622,3.198
EpL8-3cdg-4980,4980,1.29,1.272,1.075,1.148,2.471,2.269,2.245,2.901,4.369,3.699,3.28
EpL8-3cdg-4990,4990,1.414,1.453,1.157,1.1,2.424,2.272,2.28,2.617,3.963,3.35,3.106
EpL8-3cdg-5000,5000,1.191,1.162,0.988,1.272,2.469,2.31,2.244,2.341,4.276,3.436,3.102