No,HGAL,A4d1,A4d2,B4d1,B4d2,C4d1,C4d2,N of E0103,NA,NB,NC,NKG2A binding,SP-1A,SP-2A,SP-3A,SP-4A,SP-5A,SP-1C,SP-2C,SP-3C,SP-4C,SP-5C,NKG2A,3D12 MFI,Norm 3D12,Norm NKG2A,Predicted score,Norm NKG2A by prediction
1,10J00014,A*01:01,A*03:01,B*08:01,B*51:01,C*07:01,C*16:01,0,2,1,1,4,2,0,0,0,0,1,0,1,0,0,9.520,21.411,1.071,8.89,9.894733114,0.962128022
2,10J00020,A*01:01,A*24:02,B*07:02,B*55:01,C*03:18,C*07:02,0,2,1,1,4,1,1,0,0,0,1,0,1,0,0,15.245,21.977,1.099,13.87,10.78165879,1.413975372
3,10J00237,A*01:01,A*24:02,B*08:01,B*51:01,C*07:01,C*15:02,0,2,1,1,4,1,1,0,0,0,0,1,1,0,0,19.248,16.870,0.844,22.81,29.37124598,0.65531779
4,10J00040,A*01:01,A*24:02,B*07:02,B*57:01,C*06:02,C*07:02,1,2,1,1,4,1,1,0,0,0,1,0,1,0,0,27.278,32.873,1.644,16.59,13.77204024,1.980643356
5,10J00223,A*31:01,A*32:01,B*08:01,B*40:01,C*03:04,C*07:01,1,0,1,1,2,0,0,2,0,0,1,0,1,0,0,9.315,28.851,1.443,6.46,9.332773144,0.99809562
7,42M00141,A*01:02,A*33:03,B*49:01,B*53:01,C*04:01,C*07:01,1,1,0,1,2,1,0,1,0,0,1,0,1,0,0,18.330,22.211,1.111,16.50,19.22046216,0.953671137
8,42M00053,A*33:03,A*74:01,B*18:01,B*45:01,C*07:04,C*16:01,2,0,0,1,1,0,0,1,1,0,1,0,1,0,0,9.060,19.037,0.952,9.52,25.40183366,0.356667165
9,42M00783,A*01:01,A*33:03,B*42:01,B*57:03,C*07:01,C*17:01,1,1,1,0,2,1,0,1,0,0,0,0,1,1,0,5.235,14.842,0.742,7.05,10.69588083,0.489440756
11,42M01246,A*32:01,A*74:01,B*08:01,B*44:03,C*04:01,C*07:01,2,0,1,1,2,0,0,1,1,0,1,0,1,0,0,18.213,25.779,1.289,14.13,25.99276845,0.700675653
12,66K00096,A*01:01,A*01:01,B*08:01,B*13:02,C*06:02,C*07:01,0,2,1,1,4,2,0,0,0,0,1,0,1,0,0,27.398,23.472,1.174,23.34,30.1396925,0.909017237
13,05E00440,A*29:02,A*32:01,B*44:03,B*47:01,C*07:01,C*16:01,1,0,0,1,1,0,0,2,0,0,1,0,1,0,0,23.473,15.627,0.782,30.03,46.43054761,0.505540021
14,05E00427,A*01:01,A*32:01,B*08:01,B*41:01,C*07:01,C*17:01,0,1,1,0,2,1,0,1,0,0,0,0,1,1,0,11.570,25.600,1.280,9.04,8.342854832,1.386815453
15,CAR39224,A*01:01,A*33:03,B*40:06,B*53:01,C*07:01,C*15:02,2,1,0,1,2,1,0,1,0,0,0,1,1,0,0,38.180,30.654,1.533,24.91,12.23014504,3.121794538
16,CAR28875,A*74:01,A*74:01,B*15:18,B*57:03,C*07:01,C*07:01,0,0,0,0,0,0,0,0,2,0,0,0,2,0,0,1.433,4.550,0.228,6.30,2.804504438,0.510785428
17,CAR26184,A*01:01,A*33:03,B*07:05,B*15:17,C*07:01,C*15:05,1,1,1,1,3,1,0,1,0,0,0,1,1,0,0,25.883,24.844,1.243,20.83,28.58940236,0.90531798
18,CAR25141,A*01:01,A*03:01,B*08:01,B*35:01,C*04:01,C*07:01,1,2,1,1,4,2,0,0,0,0,1,0,1,0,0,17.538,32.858,1.643,10.67,24.80376729,0.707049852
19,CAR28888,A*01:01,A*74:01,B*49:01,B*58:02,C*06:02,C*07:01,0,1,0,1,2,1,0,0,1,0,1,0,1,0,0,22.258,11.823,0.591,37.64,40.73980357,0.546333022
20,CAR28913,A*01:01,A*03:01,B*07:02,B*57:01,C*06:02,C*07:02,1,2,1,1,4,2,0,0,0,0,1,0,1,0,0,25.983,20.004,1.000,25.97,32.86738008,0.790525437
21,CAR39241,A*01:01,A*03:01,B*07:02,B*57:01,C*06:02,C*07:02,1,2,1,1,4,2,0,0,0,0,1,0,1,0,0,16.098,16.029,0.802,20.08,26.53657112,0.606615675
22,CAR46046,A*01:01,A*01:01,B*08:01,B*15:01,C*04:01,C*07:01,0,2,1,1,4,2,0,0,0,0,1,0,1,0,0,20.813,19.430,0.972,21.42,23.93273823,0.869624687
24,CAR25165,A*29:02,A*32:01,B*27:02,B*44:02,C*05:01,C*05:01,1,0,0,2,2,0,0,2,0,0,2,0,0,0,0,26.445,15.963,0.798,33.12,39.89310225,0.662896554
25,CAR25536,A*32:01,A*32:01,B*40:02,B*55:01,C*02:02,C*03:03,1,0,0,2,2,0,0,2,0,0,1,1,0,0,0,27.753,18.702,0.935,29.67,33.86107203,0.819598977
26,CAR26188,A*29:02,A*31:01,B*48:01,B*56:01,C*01:02,C*08:01,1,0,1,2,3,0,0,2,0,0,2,0,0,0,0,23.420,28.207,1.411,16.60,23.13765374,1.012202891
27,CAR26217,A*33:03,A*74:01,B*07:05,B*58:01,C*03:02,C*15:05,0,0,1,2,3,0,0,1,1,0,1,1,0,0,0,26.698,23.568,1.179,22.65,16.01975609,1.666535985
28,CAR28929,A*31:01,A*31:01,B*15:07,B*27:05,C*02:02,C*03:03,0,0,0,2,2,0,0,2,0,0,1,1,0,0,0,24.803,14.559,0.728,34.06,44.13735966,0.561938915
29,CAR30507,A*74:01,A*74:01,B*07:02,B*53:01,C*04:01,C*15:05,0,0,1,2,3,0,0,0,2,0,1,1,0,0,0,28.098,15.892,0.795,35.35,28.9702039,0.969875811
30,CAR37508,A*31:01,A*74:01,B*35:01,B*57:01,C*06:02,C*16:01,1,0,0,2,2,0,0,1,1,0,2,0,0,0,0,22.913,11.358,0.568,40.34,45.01868513,0.508955336
31,CAR38576,A*29:02,A*32:01,B*27:05,B*44:03,C*02:02,C*16:01,1,0,0,2,2,0,0,2,0,0,1,1,0,0,0,6.838,8.676,0.434,15.76,25.46702054,0.268484489
32,CAR38586,A*33:03,A*74:01,B*14:02,B*53:01,C*04:01,C*08:02,1,0,1,2,3,0,0,1,1,0,2,0,0,0,0,24.710,19.555,0.978,25.27,34.53222843,0.715563435
33,CAR39375,A*29:02,A*74:01,B*27:03,B*44:03,C*02:02,C*16:01,1,0,0,2,2,0,0,1,1,0,1,1,0,0,0,28.305,14.047,0.702,40.30,49.70358759,0.569475995
34,CAR44756,A*32:01,A*32:01,B*35:01,B*57:01,C*04:01,C*06:02,0,0,0,2,2,0,0,2,0,0,2,0,0,0,0,31.910,16.558,0.828,38.53,46.89279097,0.680488394
35,CAR01548,A*02:01,A*31:01,B*15:01,B*51:01,C*03:04,C*15:02,1,1,0,2,3,0,1,1,0,0,1,1,0,0,0,24.195,14.756,0.738,32.78,38.73532368,0.624623669
36,CAR01559,A*02:01,A*02:02,B*35:01,B*45:01,C*14:02,C*16:01,2,2,0,2,4,0,2,0,0,0,2,0,0,0,0,10.308,28.193,1.410,7.31,17.70679306,0.582121221
37,CAR01561,A*01:01,A*03:01,B*41:02,B*57:01,C*06:02,C*12:02,0,2,0,2,4,2,0,0,0,0,2,0,0,0,0,29.680,21.085,1.054,28.15,36.11117549,0.821906227
38,CAR01591,A*03:01,A*11:01,B*13:01,B*49:01,C*04:06,C*07:01,2,2,0,1,3,2,0,0,0,0,1,0,1,0,0,27.933,26.702,1.335,20.92,17.39195768,1.606058416
39,CAR01601,A*03:01,A*26:01,B*44:02,B*51:01,C*05:01,C*15:02,1,2,0,2,4,1,1,0,0,0,1,1,0,0,0,21.565,25.799,1.290,16.71,35.7177204,0.603761936
40,CAR01622,A*03:01,A*26:01,B*15:01,B*27:05,C*02:02,C*03:03,0,2,0,2,4,1,1,0,0,0,1,1,0,0,0,19.803,31.965,1.599,12.39,25.30080205,0.782682698
41,CAR24573,A*01:01,A*01:01,B*13:02,B*57:01,C*06:02,C*07:01,0,2,0,1,3,2,0,0,0,0,1,0,1,0,0,29.440,22.330,1.117,26.36,30.89272407,0.952975203
42,CAR08414,A*03:01,A*25:01,B*07:02,B*39:01,C*07:02,C*12:03,0,2,2,1,5,1,1,0,0,0,1,0,1,0,0,13.560,16.997,0.850,15.95,16.57059053,0.818317246
43,CAR24590,A*24:02,A*32:01,B*14:02,B*39:01,C*08:02,C*12:03,1,1,2,2,5,0,1,1,0,0,2,0,0,0,0,9.443,21.902,1.095,8.62,10.28912451,0.917716565
44,CAR25164,A*03:01,A*03:01,B*07:02,B*07:05,C*07:02,C*15:05,1,2,2,1,5,2,0,0,0,0,0,1,1,0,0,17.673,23.682,1.185,14.92,16.41418269,1.07666037
45,CAR26233,A*24:02,A*33:01,B*14:02,B*48:02,C*04:01,C*08:02,0,1,2,2,5,0,1,1,0,0,2,0,0,0,0,9.390,12.330,0.617,15.23,18.32713096,0.512355154
46,CAR27379,A*25:01,A*30:02,B*08:01,B*08:01,C*07:01,C*07:01,0,2,2,0,4,1,1,0,0,0,0,0,2,0,0,14.445,25.823,1.291,11.19,7.402587453,1.951344728
47,CAR29570,A*24:02,A*32:01,B*08:01,B*14:01,C*07:02,C*08:02,1,1,2,1,4,0,1,1,0,0,1,0,1,0,0,11.440,28.277,1.414,8.09,9.256785643,1.235850158
48,CAR34674,A*03:01,A*66:01,B*07:02,B*39:10,C*07:01,C*12:03,1,2,2,1,5,1,1,0,0,0,1,0,1,0,0,19.448,25.015,1.251,15.55,12.84507848,1.514003984
49,CAR34685,A*02:01,A*03:01,B*07:02,B*07:02,C*07:02,C*07:02,1,2,2,0,4,1,1,0,0,0,0,0,2,0,0,14.008,19.643,0.982,14.26,10.03239278,1.396227232
50,CAR38577,A*02:01,A*24:02,B*07:02,B*73:01,C*07:02,C*15:05,2,2,2,1,5,0,2,0,0,0,0,1,1,0,0,20.273,33.500,1.675,12.10,14.15908254,1.431766497
52,CAR39229,A*23:01,A*68:02,B*07:02,B*14:01,C*07:02,C*08:02,1,2,2,1,5,0,2,0,0,0,1,0,1,0,0,16.320,35.367,1.769,9.23,13.85407122,1.177993078
53,CAR44749,A*24:95,A*32:01,B*08:01,B*39:01,C*07:01,C*12:03,1,1,2,1,4,0,1,1,0,0,1,0,1,0,0,11.520,27.361,1.368,8.42,11.48501423,1.00304621
54,CAR51124,A*03:01,A*24:02,B*14:02,B*39:01,C*07:02,C*08:02,1,2,2,1,5,1,1,0,0,0,1,0,1,0,0,12.910,19.213,0.961,13.44,13.15729016,0.981205084
55,42M00014,A*23:01,A*24:02,B*07:02,B*39:01,C*07:02,C*07:02,1,2,2,0,4,0,2,0,0,0,0,0,2,0,0,6.313,19.506,0.976,6.47,5.507903906,1.146080271
56,42M00030,A*23:01,A*68:02,B*07:02,B*42:02,C*07:02,C*17:01,0,2,2,0,4,0,2,0,0,0,0,0,1,1,0,7.215,24.380,1.219,5.92,5.755545327,1.253573656
57,42M00040,A*11:01,A*68:02,B*07:02,B*14:02,C*04:01,C*07:02,2,2,2,1,5,1,1,0,0,0,1,0,1,0,0,20.010,29.727,1.487,13.46,21.22774927,0.942634085
58,42M00062,A*30:02,A*30:02,B*07:02,B*81:01,C*15:05,C*18,0,2,1,1,4,2,0,0,0,0,0,1,1,0,0,25.065,32.667,1.634,15.34,22.02902099,1.137817246
59,42M00065,A*23:01,A*23:01,B*07:02,B*08:01,C*03:04,C*07:02,0,2,2,1,5,0,2,0,0,0,1,0,1,0,0,10.265,19.517,0.976,10.52,8.519079416,1.2049424
60,42M00075,A*01:01,A*02:01,B*08:01,B*38:01,C*07:01,C*12:03,0,2,2,1,5,1,1,0,0,0,1,0,1,0,0,6.890,15.415,0.771,8.94,46.10128233,0.149453543
61,42M00076,A*23:01,A*30:01,B*42:01,B*42:01,C*17:01,C*17:01,0,2,2,0,4,1,1,0,0,0,0,0,0,2,0,9.248,24.474,1.224,7.56,9.225697553,1.00236323
62,CAR16845,A*26:01,A*29:02,B*44:03,B*49:01,C*07:01,C*16:01,2,1,0,1,2,0,1,1,0,0,1,0,1,0,0,17.098,16.812,0.841,20.33,22.51402308,0.759415585
65,CAR24582,A*33:01,A*68:02,B*53:01,B*57:03,C*04:01,C*07:01,1,1,0,1,2,0,1,1,0,0,1,0,1,0,0,17.738,12.254,0.613,28.94,42.62689336,0.416110549
69,CAR26220,A*29:02,A*68:02,B*27:05,B*57:03,C*01:02,C*07:01,2,1,0,1,2,0,1,1,0,0,1,0,1,0,0,33.043,29.371,1.469,22.49,28.92029273,1.142536845
70,CAR26601,A*25:01,A*31:01,B*18:01,B*49:01,C*07:02,C*12:03,1,1,0,1,2,0,1,1,0,0,1,0,1,0,0,23.463,12.541,0.627,37.40,39.99524739,0.586632201
71,CAR30503,A*29:02,A*69:01,B*51:01,B*57:03,C*07:01,C*14:02,2,1,0,1,2,0,1,1,0,0,1,0,1,0,0,26.408,14.561,0.728,36.26,34.21985653,0.771701073
84,42M01267,A*33:03,A*74:01,B*15:10,B*44:03,C*02:10,C*04:01,1,0,0,2,2,0,0,1,1,0,1,1,0,0,0,56.753,7.563,0.378,150.06,107.8129495,0.526397806
93,05E01852,A*01:01,A*68:01,B*44:02,B*57:01,C*07:01,C*07:04,1,2,0,0,2,1,1,0,0,0,0,0,2,0,0,27.405,17.362,0.868,31.56,30.86976841,0.887761762
94,42M00147,A*02:05,A*30:02,B*49:01,B*57:03,C*07:01,C*07:01,1,2,0,0,2,1,1,0,0,0,0,0,2,0,0,8.153,15.566,0.778,10.47,18.8918618,0.431535022
95,42M01105,A*03:01,A*66:02,B*35:01,B*58:01,C*07:01,C*07:01,1,2,0,0,2,1,1,0,0,0,0,0,2,0,0,17.113,19.954,0.998,17.15,22.01195043,0.777418614
96,42M01196,A*02:01,A*03:01,B*57:02,B*57:03,C*07:01,C*18:02,0,2,0,0,2,1,1,0,0,0,0,0,2,0,0,11.350,10.632,0.532,21.35,13.74884692,0.825523774
97,CAR08416,A*30:01,A*68:02,B*18:01,B*57:03,C*07:01,C*07:01,1,2,0,0,2,1,1,0,0,0,0,0,2,0,0,4.405,10.890,0.545,8.09,10.92258354,0.403292864
98,CAR24580,A*30:04,A*68:02,B*44:03,B*57:03,C*07:01,C*07:01,1,2,0,0,2,1,1,0,0,0,0,0,2,0,0,20.080,17.096,0.855,23.48,27.59098491,0.727773947
99,05E00298,A*02:01,A*03:01,B*07:02,B*41:02,C*07:02,C*17:03,2,2,1,0,3,1,1,0,0,0,0,0,1,0,1,8.800,23.698,1.185,7.42,11.63636052,0.756250203
100,42M00124,A*01:01,A*02:01,B*08:01,B*49:01,C*07:01,C*07:01,1,2,1,0,3,1,1,0,0,0,0,0,2,0,0,15.033,22.391,1.120,13.42,16.74135353,0.897926202
101,42M01120,A*30:01,A*34:02,B*41:03,B*42:01,C*17:01,C*17:03,1,2,1,0,3,1,1,0,0,0,0,0,0,1,1,11.705,19.733,0.987,11.86,15.97629573,0.73264793
102,42M01240,A*03:01,A*68:02,B*42:01,B*57:03,C*07:01,C*17:01,1,2,1,0,3,1,1,0,0,0,0,0,1,1,0,7.325,14.577,0.729,10.05,8.67704202,0.84418169
103,66K00548,A*01:01,A*68:01,B*08:01,B*44:02,C*07:01,C*07:04,0,2,1,0,3,1,1,0,0,0,0,0,2,0,0,8.908,12.750,0.638,13.97,13.74959274,0.64783737
104,66K00582,A*03:01,A*24:02,B*08:01,B*49:01,C*07:01,C*07:02,1,2,1,0,3,1,1,0,0,0,0,0,2,0,0,13.413,19.522,0.976,13.74,13.23219603,1.013626156
105,CAR25155,A*01:01,A*02:01,B*07:02,B*57:03,C*07:02,C*18:02,2,2,1,0,3,1,1,0,0,0,0,0,2,0,0,24.185,23.398,1.170,20.67,21.89355796,1.104662844
106,CAR26231,A*30:02,A*34:02,B*08:01,B*57:03,C*07:01,C*18:02,0,2,1,0,3,1,1,0,0,0,0,0,2,0,0,6.928,12.679,0.634,10.92,13.56161546,0.510816725
107,CAR29561,A*02:01,A*30:02,B*07:02,B*57:03,C*07:02,C*18:02,0,2,1,0,3,1,1,0,0,0,0,0,2,0,0,6.435,13.038,0.652,9.87,11.17733556,0.575718602
108,CAR39371,A*02:05,A*30:01,B*42:01,B*57:03,C*17:01,C*18:02,0,2,1,0,3,1,1,0,0,0,0,0,1,1,0,5.373,9.324,0.466,11.52,9.63508168,0.557597764
109,05E00049,A*03:01,A*26:01,B*07:02,B*07:02,C*07:02,C*07:02,2,2,2,0,4,1,1,0,0,0,0,0,2,0,0,13.853,25.875,1.294,10.70,10.85672118,1.275937714
110,05E00394,A*01:01,A*02:01,B*08:01,B*08:01,C*07:01,C*07:01,1,2,2,0,4,1,1,0,0,0,0,0,2,0,0,10.170,19.507,0.976,10.42,9.445238661,1.076732983
111,05E00452,A*02:01,A*11:01,B*07:02,B*08:01,C*07:01,C*07:02,1,2,2,0,4,1,1,0,0,0,0,0,2,0,0,13.000,25.540,1.277,10.18,16.48277575,0.788702109
112,05E01171,A*24:02,A*30:01,B*07:02,B*08:01,C*07:01,C*07:02,1,2,2,0,4,1,1,0,0,0,0,0,2,0,0,12.273,21.044,1.052,11.66,11.81283162,1.038912633
113,05E02671,A*01:01,A*02:01,B*07:02,B*08:01,C*07:01,C*07:02,1,2,2,0,4,1,1,0,0,0,0,0,2,0,0,11.720,23.482,1.174,9.98,9.305386256,1.259485601
114,42M00106,A*01:01,A*02:01,B*08:01,B*08:01,C*07:01,C*07:01,0,2,2,0,4,1,1,0,0,0,0,0,2,0,0,3.230,15.324,0.766,4.21,8.780344944,0.367867096
115,42M01112,A*23:01,A*30:01,B*42:01,B*42:02,C*17:01,C*17:01,0,2,2,0,4,1,1,0,0,0,0,0,0,2,0,5.745,16.978,0.849,6.77,5.299023027,1.084162113
116,42M01263,A*24:02,A*30:02,B*08:01,B*81:01,C*07:01,C*18:01,0,2,1,0,3,1,1,0,0,0,0,0,2,0,0,12.808,29.019,1.451,8.83,14.03395349,0.912608126
117,42M01292,A*23:01,A*30:01,B*42:02,B*81:01,C*17:01,C*18:01,0,2,1,1,4,1,1,0,0,0,0,0,1,1,0,5.880,16.565,0.828,7.10,13.56157232,0.433578044
118,66K00526,A*02:01,A*03:01,B*07:02,B*07:02,C*07:02,C*07:02,2,2,2,0,4,1,1,0,0,0,0,0,2,0,0,12.985,21.252,1.063,12.22,9.78231686,1.327395155
119,05E00148,A*01:01,A*11:01,B*35:03,B*51:01,C*02:02,C*04:01,1,2,0,2,4,2,0,0,0,0,1,1,0,0,0,24.340,15.752,0.788,30.90,33.47995019,0.727002276
120,42M00092,A*03:01,A*30:02,B*15:10,B*51:01,C*03:04,C*15:02,1,2,0,2,4,2,0,0,0,0,1,1,0,0,0,9.903,16.030,0.802,12.35,19.48741886,0.508148363
121,42M00967,A*01:01,A*11:01,B*27:05,B*57:01,C*02:02,C*06:02,1,2,0,2,4,2,0,0,0,0,1,1,0,0,0,20.388,19.048,0.953,21.40,29.3774058,0.693985716
122,CAR24562,A*03:01,A*11:01,B*35:01,B*51:01,C*04:01,C*15:02,1,2,0,2,4,2,0,0,0,0,1,1,0,0,0,4.950,15.492,0.775,6.39,7.903772054,0.626283244
123,CAR32010,A*01:01,A*03:01,B*15:10,B*40:02,C*02:02,C*04:01,0,2,0,2,4,2,0,0,0,0,1,1,0,0,0,36.923,22.388,1.120,32.97,35.42337788,1.042320135
124,CAR34661,A*01:01,A*03:01,B*27:02,B*44:02,C*02:02,C*05:01,1,2,0,2,4,2,0,0,0,0,1,1,0,0,0,23.908,17.555,0.878,27.23,31.55301014,0.757693161
125,42M01115,A*30:02,A*33:03,B*18:01,B*53:01,C*02:02,C*04:01,1,1,0,2,3,1,0,1,0,0,1,1,0,0,0,36.023,16.887,0.845,42.65,41.35897506,0.870971777
126,42M01145,A*01:01,A*33:03,B*15:03,B*35:02,C*02:10,C*04:01,0,1,0,2,3,1,0,1,0,0,1,1,0,0,0,30.138,16.720,0.836,36.04,48.2815335,0.624203454
127,CAR26190,A*01:01,A*31:01,B*51:01,B*57:01,C*06:02,C*15:02,1,1,0,2,3,1,0,1,0,0,1,1,0,0,0,15.153,16.494,0.825,18.37,34.72558198,0.436349778
128,CAR28884,A*11:01,A*31:01,B*27:05,B*40:01,C*02:02,C*03:04,1,1,0,2,3,1,0,1,0,0,1,1,0,0,0,30.493,18.089,0.905,33.70,38.46940483,0.792642884
129,CAR34662,A*11:01,A*31:01,B*27:05,B*51:01,C*01:02,C*15:02,1,1,0,2,3,1,0,1,0,0,1,1,0,0,0,30.235,19.893,0.995,30.39,30.25758854,0.999253459
130,CAR38554,A*11:01,A*32:01,B*27:05,B*27:05,C*01:02,C*02:02,0,1,0,2,3,1,0,1,0,0,1,1,0,0,0,20.520,16.269,0.814,25.22,25.89201425,0.792522351
131,05E01868,A*03:01,A*74:01,B*15:03,B*35:01,C*02:10,C*04:01,0,1,0,2,3,1,0,0,1,0,1,1,0,0,0,25.098,21.436,1.072,23.41,47.07689413,0.533117158
132,42M00114,A*03:01,A*74:01,B*15:03,B*35:01,C*02:10,C*04:01,2,1,0,2,3,1,0,0,1,0,1,1,0,0,0,25.740,22.401,1.120,22.98,45.03310368,0.571579525
133,42M01038,A*03:01,A*74:11,B*15:03,B*35:01,C*02:10,C*04:01,1,1,0,2,3,1,0,0,1,0,1,1,0,0,0,17.528,29.873,1.494,11.73,37.15783308,0.471704041
134,CAR28922,A*30:02,A*74:01,B*15:03,B*35:01,C*02:10,C*04:01,0,1,0,2,3,1,0,0,1,0,1,1,0,0,0,32.705,20.949,1.048,31.21,40.94371068,0.79877958
135,42M01125,A*02:02,A*66:03,B*15:03,B*53:01,C*02:10,C*04:01,1,2,0,2,4,0,2,0,0,0,1,1,0,0,0,25.230,18.704,0.935,26.97,42.74231952,0.590281489
136,42M01151,A*02:01,A*23:01,B*15:03,B*53:01,C*02:10,C*06:02,2,2,0,2,4,0,2,0,0,0,1,1,0,0,0,28.645,31.154,1.558,18.39,24.67120298,1.161070258
137,42M01286,A*26:01,A*68:02,B*44:05,B*53:01,C*02:02,C*04:01,1,2,0,2,4,0,2,0,0,0,1,1,0,0,0,22.725,17.384,0.869,26.14,30.01038411,0.757237892
138,66K00136,A*02:01,A*02:01,B*51:01,B*51:01,C*14:02,C*15:06,1,2,0,2,4,0,2,0,0,0,1,1,0,0,0,14.293,16.156,0.808,17.69,29.89160349,0.478144306
139,66K00592,A*02:96,A*68:01,B*27:02,B*51:01,C*02:02,C*14:02,2,2,0,2,4,0,2,0,0,0,1,1,0,0,0,30.105,25.686,1.285,23.43,28.83671415,1.043981636
140,CAR28926,A*02:01,A*02:01,B*15:01,B*27:05,C*02:02,C*03:04,2,2,0,2,4,0,2,0,0,0,1,1,0,0,0,22.840,24.733,1.237,18.46,25.85461899,0.883401144
141,CAR29562,A*02:01,A*02:01,B*15:01,B*51:01,C*03:03,C*15:02,1,2,0,2,4,0,2,0,0,0,1,1,0,0,0,13.573,11.501,0.575,23.60,21.00266732,0.646227443
143,CAR33034,A*02:01,A*66:01,B*15:03,B*58:02,C*02:10,C*06:02,1,2,0,2,4,0,2,0,0,0,1,1,0,0,0,13.673,16.961,0.848,16.12,23.35754808,0.585356817
144,CAR51105,A*02:02,A*02:04,B*15:16,B*51:01,C*14:02,C*15:02,1,2,0,2,4,0,2,0,0,0,1,1,0,0,0,27.248,17.151,0.858,31.77,29.7044239,0.91728761
145,42M00085,A*24:02,A*33:03,B*15:03,B*15:16,C*02:10,C*14:02,0,1,0,2,3,0,1,1,0,0,1,1,0,0,0,21.848,16.841,0.842,25.94,39.07222312,0.559156819
146,42M00097,A*02:02,A*33:01,B*15:03,B*35:01,C*02:10,C*04:01,1,1,0,2,3,0,1,1,0,0,1,1,0,0,0,18.340,17.571,0.879,20.87,26.88788343,0.682091621
147,42M00128,A*23:01,A*31:01,B*40:01,B*57:03,C*02:10,C*03:04,1,1,0,2,3,0,1,1,0,0,1,1,0,0,0,11.403,13.821,0.691,16.50,27.15847968,0.419850453
148,42M00771,A*33:03,A*68:02,B*15:03,B*53:01,C*02:10,C*04:01,2,1,0,2,3,0,1,1,0,0,1,1,0,0,0,30.088,20.271,1.014,29.68,39.4070443,0.763505625
149,42M01155,A*02:01,A*33:01,B*15:47,B*78:01,C*02:10,C*16:01,1,1,0,2,3,0,1,1,0,0,1,1,0,0,0,16.025,17.062,0.853,18.78,41.75781835,0.38376047
150,CAR01632,A*25:01,A*32:01,B*18:01,B*40:02,C*02:02,C*12:03,0,1,0,2,3,0,1,1,0,0,1,1,0,0,0,7.775,15.681,0.784,9.91,18.30323453,0.424788307
151,CAR08408,A*02:01,A*32:01,B*40:02,B*44:03,C*02:02,C*04:01,1,1,0,2,3,0,1,1,0,0,1,1,0,0,0,18.053,15.254,0.763,23.66,28.82163574,0.626352375
152,CAR23299,A*24:02,A*31:01,B*15:01,B*27:05,C*02:02,C*03:04,1,1,0,2,3,0,1,1,0,0,1,1,0,0,0,14.053,13.925,0.696,20.18,23.66401164,0.593834224
153,CAR25169,A*02:01,A*32:01,B*40:02,B*57:01,C*02:02,C*06:02,0,1,0,2,3,0,1,1,0,0,1,1,0,0,0,15.170,10.411,0.521,29.14,40.07810481,0.378510912
154,CAR28871,A*29:02,A*68:07,B*27:05,B*40:02,C*01:02,C*15:02,2,1,0,2,3,0,1,1,0,0,1,1,0,0,0,28.160,22.773,1.139,24.73,30.87261577,0.912135214
155,10J00101,A*02:01,A*30:01,B*15:03,B*15:10,C*02:10,C*03:04,1,2,0,2,4,1,1,0,0,0,1,1,0,0,0,42.520,26.803,1.340,31.72,38.93574584,1.092055618
156,42M00035,A*02:01,A*30:02,B*15:03,B*18:01,C*02:10,C*05:01,2,2,0,2,4,1,1,0,0,0,1,1,0,0,0,21.700,30.898,1.545,14.04,31.26032829,0.694170573
157,42M00994,A*02:05,A*36:01,B*27:03,B*53:01,C*02:02,C*04:01,0,2,0,2,4,1,1,0,0,0,1,1,0,0,0,28.203,15.957,0.798,35.34,42.244092,0.667608147
158,66K00532,A*11:01,A*24:02,B*44:05,B*52:01,C*02:02,C*12:02,1,2,0,2,4,1,1,0,0,0,1,1,0,0,0,19.628,18.178,0.909,21.59,31.38398221,0.625398647
159,CAR30551,A*01:01,A*02:01,B*51:01,B*57:01,C*06:02,C*15:02,0,2,0,2,4,1,1,0,0,0,1,1,0,0,0,18.818,13.745,0.687,27.37,36.9219122,0.509656702
160,CAR34217,A*02:05,A*30:02,B*18:01,B*27:03,C*02:02,C*05:01,0,2,0,2,4,1,1,0,0,0,1,1,0,0,0,31.285,13.465,0.673,46.46,39.39961395,0.794043313
161,CAR34233,A*11:01,A*23:01,B*27:05,B*51:01,C*02:02,C*14:02,0,2,0,2,4,1,1,0,0,0,1,1,0,0,0,22.470,20.490,1.025,21.93,28.44777818,0.789868364
162,CAR37490,A*03:01,A*25:01,B*40:02,B*57:01,C*02:02,C*06:02,0,2,0,2,4,1,1,0,0,0,1,1,0,0,0,20.998,14.793,0.740,28.38,33.42041995,0.628283547
163,CAR40111,A*01:01,A*24:02,B*27:05,B*57:01,C*02:02,C*06:02,0,2,0,2,4,1,1,0,0,0,1,1,0,0,0,18.788,14.177,0.709,26.50,26.81145989,0.700726483
164,CAR46028,A*24:02,A*30:02,B*15:01,B*27:05,C*01:02,C*02:02,1,2,0,2,4,1,1,0,0,0,1,1,0,0,0,24.498,16.305,0.816,30.04,31.87907684,0.768450734
166,10J00296,A*29:02,A*31:01,B*44:03,B*52:01,C*14:03,C*15:02,0,0,0,2,2,0,0,2,0,0,1,1,0,0,0,15.803,10.906,0.545,28.97,43.52736868,0.363047445
167,42M00112,A*31:01,A*74:01,B*15:03,B*52:01,C*02:10,C*12:02,1,0,0,2,2,0,0,1,1,0,1,1,0,0,0,20.383,16.324,0.816,24.97,39.61705319,0.514488039
168,CAR23292,A*11:01,A*26:01,B*35:01,B*57:01,C*04:01,C*06:02,1,2,0,2,4,1,1,0,0,0,2,0,0,0,0,12.715,9.144,0.457,27.80,26.0218965,0.488626953
169,CAR24594,A*02:01,A*03:01,B*40:01,B*57:01,C*03:04,C*06:02,2,2,0,2,4,1,1,0,0,0,2,0,0,0,0,23.893,20.867,1.044,22.90,33.18606516,0.719955797
170,CAR25166,A*02:01,A*11:01,B*15:01,B*37:01,C*04:01,C*06:02,0,2,0,2,4,1,1,0,0,0,2,0,0,0,0,19.715,12.620,0.631,31.24,35.9736814,0.548039545
171,CAR25530,A*02:01,A*03:01,B*15:01,B*56:01,C*01:02,C*03:04,1,2,0,2,4,1,1,0,0,0,2,0,0,0,0,32.650,22.124,1.107,29.51,37.32420017,0.874767573
172,CAR25543,A*02:11,A*11:01,B*35:01,B*52:01,C*04:01,C*12:02,0,2,0,2,4,1,1,0,0,0,2,0,0,0,0,44.640,26.417,1.321,33.79,36.89674237,1.209862907
173,CAR25544,A*02:01,A*03:01,B*27:05,B*44:02,C*01:02,C*05:01,1,2,0,2,4,1,1,0,0,0,2,0,0,0,0,28.530,20.823,1.041,27.40,41.50928174,0.687316157
174,CAR25550,A*11:01,A*26:01,B*35:01,B*58:01,C*04:01,C*14:02,0,2,0,2,4,1,1,0,0,0,2,0,0,0,0,28.845,17.127,0.857,33.67,35.45054622,0.813668704
175,CAR25562,A*02:01,A*03:01,B*27:05,B*44:02,C*01:02,C*05:01,1,2,0,2,4,1,1,0,0,0,2,0,0,0,0,42.950,31.707,1.586,27.08,36.84502894,1.165693208
176,CAR26175,A*01:01,A*25:01,B*18:01,B*57:01,C*06:02,C*12:03,0,2,0,2,4,1,1,0,0,0,2,0,0,0,0,29.208,17.910,0.896,32.61,45.80110446,0.637702962
177,CAR26192,A*01:01,A*68:01,B*55:01,B*57:01,C*03:03,C*06:02,0,2,0,2,4,1,1,0,0,0,2,0,0,0,0,6.950,13.166,0.659,10.55,26.5199312,0.262067045
178,CAR19674,A*01:01,A*02:01,B*13:02,B*57:01,C*06:02,C*07:01,1,2,0,1,3,1,1,0,0,0,1,0,1,0,0,42.270,42.212,2.111,20.02,54.14859032,0.78062974
179,CAR26967,A*01:01,A*02:17,B*15:40,B*57:03,C*03:03,C*07:01,1,2,0,1,3,1,1,0,0,0,1,0,1,0,0,32.625,26.317,1.316,24.79,34.57024854,0.94373056
180,CAR28876,A*23:01,A*30:01,B*53:01,B*57:03,C*04:01,C*18:02,1,2,0,1,3,1,1,0,0,0,1,0,1,0,0,19.180,16.043,0.802,23.90,24.85299395,0.771738006
181,CAR28920,A*03:01,A*23:01,B*35:01,B*57:03,C*04:01,C*18:02,1,2,0,1,3,1,1,0,0,0,1,0,1,0,0,37.135,33.493,1.675,22.17,32.57432662,1.140008217
182,CAR30593,A*02:01,A*30:01,B*15:16,B*57:03,C*14:02,C*18:02,1,2,0,1,3,1,1,0,0,0,1,0,1,0,0,25.055,24.712,1.236,20.27,37.4758522,0.668563849
183,CAR32025,A*02:01,A*11:01,B*15:18,B*27:05,C*01:02,C*07:04,1,2,0,1,3,1,1,0,0,0,1,0,1,0,0,19.783,21.884,1.094,18.07,33.4907266,0.590685901
184,CAR33044,A*30:01,A*68:02,B*53:01,B*57:03,C*04:01,C*07:01,2,2,0,1,3,1,1,0,0,0,1,0,1,0,0,38.453,19.053,0.953,40.35,46.8751185,0.820317926
185,CAR33050,A*01:01,A*02:01,B*27:05,B*57:03,C*01:02,C*07:01,2,2,0,1,3,1,1,0,0,0,1,0,1,0,0,41.510,32.262,1.613,25.73,38.92250864,1.066478021
186,CAR33061,A*01:01,A*26:01,B*49:01,B*57:01,C*06:02,C*07:01,1,2,0,1,3,1,1,0,0,0,1,0,1,0,0,19.578,13.231,0.662,29.59,33.05611386,0.592250501
187,CAR33946,A*02:05,A*03:01,B*40:01,B*57:03,C*03:04,C*07:01,2,2,0,1,3,1,1,0,0,0,1,0,1,0,0,20.248,22.085,1.105,18.33,30.11748895,0.672283803
188,05E00289,A*11:01,A*24:02,B*27:05,B*51:01,C*07:02,C*15:02,1,2,0,1,3,1,1,0,0,0,0,1,1,0,0,7.950,8.070,0.404,19.70,22.87830812,0.34749073
189,05E01645,A*01:01,A*26:01,B*15:17,B*27:02,C*02:02,C*07:01,1,2,0,1,3,1,1,0,0,0,0,1,1,0,0,21.405,14.566,0.729,29.38,30.00536963,0.713372315
190,10J00021,A*02:01,A*03:01,B*27:05,B*44:02,C*02:02,C*07:04,1,2,0,1,3,1,1,0,0,0,0,1,1,0,0,11.130,16.155,0.808,13.77,22.94634017,0.48504467
191,42M00135,A*30:02,A*66:02,B*27:05,B*40:12,C*07:01,C*15:05,0,2,0,1,3,1,1,0,0,0,0,1,1,0,0,5.108,9.444,0.472,10.81,13.93536526,0.366513536
192,42M00457,A*30:02,A*66:03,B*15:03,B*57:03,C*02:10,C*18:02,1,2,0,1,3,1,1,0,0,0,0,1,1,0,0,17.763,16.601,0.830,21.39,28.66640762,0.619627692
193,66K00482,A*01:01,A*68:02,B*15:17,B*27:03,C*02:02,C*07:01,1,2,0,1,3,1,1,0,0,0,0,1,1,0,0,20.138,22.220,1.111,18.12,21.02750679,0.957674165
194,66K00566,A*02:01,A*03:01,B*15:01,B*27:02,C*02:02,C*07:04,1,2,0,1,3,1,1,0,0,0,0,1,1,0,0,14.285,15.812,0.791,18.06,29.31421116,0.487306308
195,CAR34678,A*02:05,A*30:02,B*15:03,B*57:03,C*02:10,C*18:02,0,2,0,1,3,1,1,0,0,0,0,1,1,0,0,11.545,9.937,0.497,23.23,21.11056978,0.546882444
196,05E01058,A*29:02,A*31:01,B*40:01,B*44:03,C*03:04,C*16:01,2,0,0,2,2,0,0,2,0,0,2,0,0,0,0,28.243,21.594,1.080,26.15,42.03112539,0.671942513
198,42M00130,A*29:02,A*33:03,B*44:03,B*53:01,C*04:01,C*16:01,2,0,0,2,2,0,0,2,0,0,2,0,0,0,0,30.978,13.137,0.657,47.15,56.35936649,0.549642445
199,42M00390,A*32:01,A*74:01,B*50:01,B*53:01,C*04:01,C*06:02,0,0,0,2,2,0,0,1,1,0,2,0,0,0,0,23.383,11.334,0.567,41.25,38.02411679,0.614938675
200,42M00573,A*74:01,A*74:01,B*15:03,B*15:03,C*02:10,C*02:10,0,0,0,2,2,0,0,0,2,0,0,2,0,0,0,21.250,16.998,0.850,25.00,32.27096591,0.658486643
201,CAR08419,A*30:02,A*34:02,B*07:02,B*58:02,C*04:01,C*07:02,0,2,1,1,4,1,1,0,0,0,1,0,1,0,0,25.040,9.270,0.464,54.00,30.43370218,0.822772065
202,CAR23310,A*26:01,A*30:02,B*14:02,B*49:01,C*07:01,C*08:02,1,2,1,1,4,1,1,0,0,0,1,0,1,0,0,13.108,17.968,0.899,14.59,23.73095667,0.552337615
203,CAR24588,A*03:01,A*24:02,B*07:02,B*35:01,C*04:01,C*07:02,2,2,1,1,4,1,1,0,0,0,1,0,1,0,0,21.225,19.526,0.977,21.73,26.76781787,0.792929782
204,CAR25524,A*02:01,A*11:01,B*39:24,B*57:01,C*06:02,C*07:01,1,2,1,1,4,1,1,0,0,0,1,0,1,0,0,21.215,17.616,0.881,24.08,19.48455674,1.088811015
205,CAR25526,A*03:01,A*68:01,B*08:01,B*57:01,C*06:02,C*07:01,2,2,1,1,4,1,1,0,0,0,1,0,1,0,0,25.050,26.885,1.345,18.63,16.6759775,1.502160818
206,CAR26599,A*02:01,A*03:01,B*07:02,B*52:01,C*07:02,C*12:02,1,2,1,1,4,1,1,0,0,0,1,0,1,0,0,22.513,24.372,1.219,18.47,19.99007644,1.126183788
207,CAR26765,A*02:01,A*11:01,B*39:02,B*52:01,C*07:02,C*12:02,1,2,1,1,4,1,1,0,0,0,1,0,1,0,0,14.865,21.895,1.095,13.58,18.10992934,0.820820431
208,CAR30504,A*01:01,A*34:02,B*14:02,B*57:01,C*07:01,C*08:02,0,2,1,1,4,1,1,0,0,0,1,0,1,0,0,26.990,24.566,1.229,21.97,31.10669948,0.86765875
209,CAR33080,A*02:01,A*03:01,B*07:02,B*44:02,C*05:01,C*07:02,1,2,1,1,4,1,1,0,0,0,1,0,1,0,0,22.818,29.133,1.457,15.66,25.32032855,0.901153394
210,CAR33094,A*02:01,A*03:01,B*07:02,B*51:01,C*07:02,C*14:02,1,2,1,1,4,1,1,0,0,0,1,0,1,0,0,30.150,27.624,1.381,21.82,32.07612328,0.939951494
211,CAR25154,A*02:01,A*25:01,B*35:41,B*51:01,C*04:01,C*14:02,1,2,0,2,4,0,2,0,0,0,2,0,0,0,0,30.880,20.922,1.046,29.51,32.37475239,0.953829689
212,CAR25533,A*02:01,A*02:01,B*35:01,B*44:03,C*16:01,C*16:01,2,2,0,2,4,0,2,0,0,0,2,0,0,0,0,37.773,34.336,1.717,22.00,37.14469969,1.016901478
213,CAR25546,A*24:02,A*25:01,B*44:02,B*57:01,C*05:01,C*06:02,1,2,0,2,4,0,2,0,0,0,2,0,0,0,0,32.893,25.596,1.280,25.69,30.88367162,1.065044999
214,CAR26221,A*02:01,A*02:20,B*27:05,B*57:01,C*01:02,C*06:02,2,2,0,2,4,0,2,0,0,0,2,0,0,0,0,35.978,22.649,1.133,31.76,39.38313262,0.913525604
215,CAR27395,A*24:02,A*68:01,B*15:03,B*40:06,C*08:01,C*12:03,2,2,0,2,4,0,2,0,0,0,2,0,0,0,0,35.345,22.647,1.133,31.21,31.36527761,1.12688306
216,CAR29564,A*02:01,A*34:02,B*27:05,B*44:03,C*01:02,C*04:01,1,2,0,2,4,0,2,0,0,0,2,0,0,0,0,37.710,25.887,1.295,29.13,35.63946539,1.05809668
217,CAR29590,A*02:01,A*02:01,B*27:05,B*51:01,C*01:02,C*14:02,2,2,0,2,4,0,2,0,0,0,2,0,0,0,0,11.733,15.109,0.756,15.53,27.18161922,0.431633594
218,CAR30552,A*02:01,A*02:01,B*27:05,B*51:01,C*01:02,C*14:02,2,2,0,2,4,0,2,0,0,0,2,0,0,0,0,30.053,20.246,1.013,29.68,27.42762421,1.095701902
221,CAR24563,A*02:01,A*29:02,B*44:03,B*57:01,C*06:02,C*16:01,1,1,0,2,3,0,1,1,0,0,2,0,0,0,0,30.068,19.707,0.986,30.51,41.86289866,0.718237412
222,CAR25535,A*29:02,A*68:02,B*44:03,B*53:01,C*04:01,C*16:01,1,1,0,2,3,0,1,1,0,0,2,0,0,0,0,38.655,21.038,1.052,36.73,41.38471887,0.934040415
223,CAR26214,A*02:01,A*29:02,B*15:01,B*44:03,C*03:04,C*16:01,2,1,0,2,3,0,1,1,0,0,2,0,0,0,0,23.345,22.541,1.127,20.71,25.97329267,0.898807875
224,CAR26229,A*31:01,A*34:02,B*40:01,B*44:03,C*03:04,C*04:01,1,1,0,2,3,0,1,1,0,0,2,0,0,0,0,26.918,20.500,1.025,26.25,30.17280194,0.892111381
225,CAR28928,A*26:01,A*32:01,B*35:03,B*40:01,C*03:04,C*04:01,0,1,0,2,3,0,1,1,0,0,2,0,0,0,0,26.403,22.184,1.110,23.80,25.91103493,1.018967404
226,CAR30505,A*24:02,A*32:01,B*27:05,B*40:02,C*01:02,C*03:06,1,1,0,2,3,0,1,1,0,0,2,0,0,0,0,24.658,21.178,1.059,23.28,36.09391402,0.683148411
227,CAR30510,A*02:01,A*32:01,B*44:03,B*44:03,C*04:01,C*16:01,0,1,0,2,3,0,1,1,0,0,2,0,0,0,0,17.045,16.765,0.839,20.33,39.38293534,0.432801665
228,CAR30520,A*68:01,A*80:01,B*44:03,B*44:03,C*04:01,C*04:01,0,2,0,2,4,0,1,0,0,1,2,0,0,0,0,36.328,17.251,0.863,42.11,55.25299777,0.657475639
229,CAR30564,A*02:01,A*29:02,B*15:16,B*15:31,C*04:27,C*14:02,0,1,0,2,3,0,1,1,0,0,2,0,0,0,0,25.415,12.150,0.608,41.83,50.83001424,0.49999986
230,CAR33962,A*33:03,A*68:02,B*15:10,B*53:01,C*03:04,C*04:01,2,1,0,2,3,0,1,1,0,0,2,0,0,0,0,29.165,27.608,1.381,21.13,37.06658209,0.786827335
231,66K00182,A*02:01,A*02:01,B*08:01,B*15:01,C*03:04,C*07:01,1,2,1,1,4,0,2,0,0,0,1,0,1,0,0,12.968,17.709,0.886,14.64,21.13966474,0.613420324
232,66K00464,A*02:01,A*02:01,B*08:01,B*15:01,C*03:03,C*07:01,1,2,1,1,4,0,2,0,0,0,1,0,1,0,0,12.303,22.785,1.140,10.80,19.69100655,0.62477761
233,66K00531,A*02:01,A*68:01,B*14:02,B*44:02,C*07:04,C*08:02,0,2,1,1,4,0,2,0,0,0,1,0,1,0,0,11.750,19.447,0.973,12.08,17.52472985,0.670481091
234,66K00627,A*02:01,A*02:01,B*07:02,B*44:02,C*05:01,C*07:02,1,2,1,1,4,0,2,0,0,0,1,0,1,0,0,11.953,22.635,1.132,10.56,19.31353935,0.618866371
235,CAR28885,A*02:01,A*02:01,B*07:02,B*51:01,C*04:01,C*07:02,2,2,1,1,4,0,2,0,0,0,1,0,1,0,0,11.385,27.561,1.378,8.26,16.29752403,0.698572371
236,CAR33068,A*02:01,A*02:01,B*14:01,B*58:01,C*07:01,C*08:02,0,2,1,1,4,0,2,0,0,0,1,0,1,0,0,19.045,25.049,1.253,15.20,22.71738149,0.83834486
237,CAR33076,A*02:01,A*24:02,B*07:02,B*44:02,C*05:01,C*07:02,0,2,1,1,4,0,2,0,0,0,1,0,1,0,0,22.870,22.503,1.125,20.32,29.89564393,0.764994394
238,CAR34287,A*02:04,A*24:02,B*39:05,B*50:02,C*06:02,C*07:02,0,2,1,1,4,0,2,0,0,0,1,0,1,0,0,15.968,23.747,1.188,13.44,20.77870403,0.768455048
239,CAR34697,A*24:02,A*25:01,B*39:11,B*44:03,C*07:02,C*16:01,0,2,1,1,4,0,2,0,0,0,1,0,1,0,0,10.720,14.348,0.718,14.94,19.19852848,0.558376128
240,CAR49554,A*02:01,A*68:02,B*07:02,B*53:01,C*04:01,C*07:02,1,2,1,1,4,0,2,0,0,0,1,0,1,0,0,13.445,15.757,0.788,17.06,25.44479719,0.528398788
241,CAR08415,A*68:02,A*68:02,B*53:01,B*57:03,C*04:01,C*07:01,2,2,0,1,3,0,2,0,0,0,1,0,1,0,0,21.005,21.382,1.069,19.64,32.3608977,0.649085826
242,CAR18191,A*02:02,A*68:01,B*57:03,B*58:02,C*06:02,C*18,1,2,0,1,3,0,2,0,0,0,1,0,1,0,0,15.238,22.063,1.103,13.81,24.80727893,0.614235041
243,CAR18208,A*02:01,A*02:01,B*44:02,B*49:01,C*07:01,C*16:04,1,2,0,1,3,0,2,0,0,0,1,0,1,0,0,20.038,15.482,0.774,25.87,30.39961148,0.659136714
245,CAR25523,A*23:01,A*26:01,B*44:02,B*57:03,C*01:02,C*07:01,2,2,0,1,3,0,2,0,0,0,1,0,1,0,0,28.878,29.824,1.491,19.36,25.38802928,1.137445514
246,CAR27417,A*02:05,A*24:03,B*44:03,B*57:03,C*07:01,C*16:01,1,2,0,1,3,0,2,0,0,0,1,0,1,0,0,18.170,20.884,1.044,17.40,27.19688024,0.668091334
247,CAR27423,A*02:01,A*02:01,B*18:01,B*44:02,C*05:01,C*07:01,1,2,0,1,3,0,2,0,0,0,1,0,1,0,0,18.940,20.166,1.009,18.78,29.9093539,0.633246711
248,CAR28893,A*02:01,A*24:02,B*44:02,B*57:01,C*05:01,C*07:02,1,2,0,1,3,0,2,0,0,0,1,0,1,0,0,16.650,13.407,0.671,24.83,26.65836925,0.624569337
249,CAR30497,A*02:01,A*02:05,B*51:01,B*57:03,C*14:02,C*18,1,2,0,1,3,0,2,0,0,0,1,0,1,0,0,13.073,18.327,0.917,14.26,22.34247494,0.585096326
250,CAR30772,A*02:01,A*24:02,B*44:02,B*57:03,C*05:01,C*07:01,0,2,0,1,3,0,2,0,0,0,1,0,1,0,0,15.933,14.244,0.712,22.37,36.45536885,0.437041251
251,CAR19688,A*01:01,A*31:01,B*37:01,B*51:09,C*01:02,C*06:02,1,1,0,2,3,1,0,1,0,0,2,0,0,0,0,21.063,22.237,1.112,18.94,32.42871851,0.649501459
252,CAR25545,A*03:01,A*31:01,B*40:01,B*57:01,C*03:04,C*06:02,1,1,0,2,3,1,0,1,0,0,2,0,0,0,0,16.165,20.595,1.030,15.69,30.92659723,0.522689253
253,CAR25555,A*11:01,A*32:01,B*35:01,B*50:01,C*04:01,C*06:02,0,1,0,2,3,1,0,1,0,0,2,0,0,0,0,7.585,11.072,0.554,13.70,18.99648691,0.399284354
254,CAR26237,A*03:01,A*29:02,B*35:01,B*44:03,C*04:01,C*16:01,2,1,0,2,3,1,0,1,0,0,2,0,0,0,0,38.828,26.815,1.341,28.95,36.84900061,1.053692077
255,CAR26603,A*11:01,A*31:01,B*15:02,B*51:02,C*08:01,C*14:02,1,1,0,2,3,1,0,1,0,0,2,0,0,0,0,40.365,26.123,1.306,30.90,41.49902659,0.972673417
256,CAR30553,A*11:01,A*31:01,B*40:01,B*44:02,C*03:04,C*05:01,1,1,0,2,3,1,0,1,0,0,2,0,0,0,0,26.755,16.973,0.849,31.52,39.7811402,0.672554881
257,CAR33078,A*11:01,A*31:01,B*40:01,B*52:01,C*03:04,C*12:02,2,1,0,2,3,1,0,1,0,0,2,0,0,0,0,38.520,31.941,1.597,24.11,37.41238525,1.029605564
258,CAR33942,A*11:01,A*32:01,B*15:01,B*51:01,C*03:03,C*14:02,0,1,0,2,3,1,0,1,0,0,2,0,0,0,0,17.798,12.212,0.611,29.14,34.36651142,0.517873338
259,CAR33958,A*29:02,A*30:01,B*13:02,B*45:01,C*06:02,C*16:01,1,1,0,2,3,1,0,1,0,0,2,0,0,0,0,33.328,19.069,0.954,34.94,62.61218709,0.532284553
260,CAR34663,A*03:01,A*33:03,B*15:16,B*57:01,C*06:02,C*14:02,0,1,0,2,3,1,0,1,0,0,2,0,0,0,0,34.923,19.172,0.959,36.42,37.86037968,0.922402266
261,CAR24589,A*03:01,A*11:01,B*27:05,B*35:01,C*01:02,C*04:01,1,2,0,2,4,2,0,0,0,0,2,0,0,0,0,45.078,20.472,1.024,44.02,44.23062532,1.019146794
262,CAR25517,A*01:01,A*11:01,B*35:01,B*57:01,C*04:01,C*06:02,0,2,0,2,4,2,0,0,0,0,2,0,0,0,0,31.238,23.907,1.196,26.13,45.5307604,0.686074639
263,CAR25539,A*01:01,A*30:01,B*13:02,B*57:01,C*06:02,C*06:02,0,2,0,2,4,2,0,0,0,0,2,0,0,0,0,37.415,18.253,0.913,40.99,52.60766953,0.711208087
264,CAR26173,A*01:01,A*03:01,B*35:01,B*37:01,C*04:01,C*06:02,1,2,0,2,4,2,0,0,0,0,2,0,0,0,0,35.163,24.891,1.245,28.25,43.22845506,0.81341098
265,CAR30574,A*03:02,A*11:01,B*13:01,B*13:02,C*03:04,C*06:02,1,2,0,2,4,2,0,0,0,0,2,0,0,0,0,42.130,25.065,1.254,33.61,45.5064613,0.925802596
266,CAR33042,A*11:01,A*11:01,B*44:02,B*57:01,C*01:02,C*03:03,0,2,0,2,4,2,0,0,0,0,2,0,0,0,0,18.348,23.297,1.165,15.75,34.52765086,0.531385702
267,CAR33984,A*03:01,A*11:01,B*27:05,B*44:02,C*01:02,C*05:01,1,2,0,2,4,2,0,0,0,0,2,0,0,0,0,31.400,23.980,1.199,26.18,34.30641046,0.915280835
268,CAR34290,A*01:01,A*03:01,B*35:01,B*57:01,C*04:01,C*06:02,1,2,0,2,4,2,0,0,0,0,2,0,0,0,0,37.450,21.670,1.084,34.56,46.19217986,0.810743293
269,CAR37462,A*03:01,A*30:02,B*44:03,B*44:03,C*04:01,C*16:01,2,2,0,2,4,2,0,0,0,0,2,0,0,0,0,38.863,31.691,1.585,24.52,37.17061509,1.045516732
270,CAR40128,A*30:02,A*36:01,B*53:01,B*58:02,C*04:01,C*06:02,1,2,0,2,4,2,0,0,0,0,2,0,0,0,0,39.490,23.615,1.181,33.43,39.57012828,0.997975031
271,66K00513,A*02:01,A*03:01,B*14:02,B*47:01,C*06:02,C*08:02,0,2,1,2,5,1,1,0,0,0,2,0,0,0,0,21.178,30.734,1.537,13.78,23.87284235,0.887095876
272,CAR01613,A*03:01,A*23:01,B*14:02,B*40:01,C*03:04,C*08:02,1,2,1,2,5,1,1,0,0,0,2,0,0,0,0,28.943,36.436,1.822,15.88,21.49206991,1.346659494
273,CAR26213,A*03:01,A*26:01,B*14:01,B*57:01,C*06:02,C*08:02,0,2,1,2,5,1,1,0,0,0,2,0,0,0,0,10.125,23.956,1.198,8.45,20.28808694,0.499061347
274,CAR26239,A*02:01,A*11:01,B*14:02,B*15:01,C*08:02,C*12:03,0,2,1,2,5,1,1,0,0,0,2,0,0,0,0,15.295,19.807,0.991,15.44,23.5395143,0.649758521
275,CAR28909,A*11:01,A*25:01,B*14:02,B*44:02,C*05:01,C*08:02,0,2,1,2,5,1,1,0,0,0,2,0,0,0,0,21.928,25.154,1.258,17.43,28.09704124,0.780420252
276,CAR30516,A*01:01,A*02:30,B*38:01,B*57:01,C*06:02,C*12:03,0,2,1,2,5,1,1,0,0,0,2,0,0,0,0,17.108,20.756,1.038,16.48,23.88555205,0.716227951
277,CAR30550,A*02:01,A*11:01,B*14:02,B*51:01,C*08:02,C*14:02,2,2,1,2,5,1,1,0,0,0,2,0,0,0,0,12.448,23.324,1.166,10.67,17.28454933,0.72015184
278,CAR30803,A*01:01,A*68:02,B*14:02,B*57:01,C*06:02,C*08:02,0,2,1,2,5,1,1,0,0,0,2,0,0,0,0,30.388,29.546,1.478,20.56,26.47725713,1.14768308
279,CAR39397,A*11:01,A*25:01,B*14:02,B*53:01,C*04:01,C*08:02,0,2,1,2,5,1,1,0,0,0,2,0,0,0,0,34.403,31.920,1.596,21.55,28.3869853,1.211911009
280,CAR52778,A*02:02,A*30:02,B*14:02,B*53:01,C*04:01,C*08:02,1,2,1,2,5,1,1,0,0,0,2,0,0,0,0,36.993,24.483,1.225,30.21,31.95469983,1.157654436
281,42M01133,A*30:01,A*33:03,B*15:10,B*42:01,C*08:04,C*17:01,0,1,1,1,3,1,0,1,0,0,1,0,0,1,0,10.615,13.462,0.673,15.76,25.31126328,0.419378515
282,42M01135,A*11:01,A*29:02,B*35:01,B*42:01,C*04:01,C*17:01,0,1,1,1,3,1,0,1,0,0,1,0,0,1,0,12.315,17.298,0.865,14.23,24.11518925,0.510673993
283,42M01276,A*30:02,A*74:01,B*42:01,B*53:01,C*04:01,C*17:01,0,1,1,1,3,1,0,0,1,0,1,0,0,1,0,11.930,22.273,1.114,10.71,18.39032143,0.648710793
284,66K00429,A*11:01,A*32:01,B*07:02,B*40:01,C*03:04,C*07:02,1,1,1,1,3,1,0,1,0,0,1,0,1,0,0,32.768,22.075,1.104,29.68,33.65293314,0.973689273
285,66K00479,A*01:01,A*29:02,B*08:01,B*44:03,C*07:01,C*16:01,1,1,1,1,3,1,0,1,0,0,1,0,1,0,0,10.303,17.022,0.851,12.10,19.22705225,0.535833568
286,CAR30500,A*01:01,A*74:03,B*08:01,B*51:01,C*07:01,C*14:02,1,1,1,1,3,1,0,0,1,0,1,0,1,0,0,16.060,23.311,1.166,13.78,22.66773788,0.708495929
287,CAR30809,A*03:01,A*31:01,B*39:20,B*57:03,C*07:01,C*12:03,1,1,1,1,3,1,0,1,0,0,1,0,1,0,0,18.478,21.361,1.068,17.30,23.93537281,0.771974606
288,CAR33948,A*03:01,A*33:03,B*07:02,B*57:01,C*06:02,C*07:02,1,1,1,1,3,1,0,1,0,0,1,0,1,0,0,17.323,24.065,1.203,14.39,24.5461915,0.705710293
289,CAR39236,A*01:01,A*31:01,B*39:12,B*57:01,C*06:02,C*07:02,1,1,1,1,3,1,0,1,0,0,1,0,1,0,0,14.558,17.328,0.867,16.80,20.08765224,0.724698926
290,CAR40134,A*03:01,A*31:01,B*07:02,B*51:01,C*07:02,C*14:02,1,1,1,1,3,1,0,1,0,0,1,0,1,0,0,16.910,20.313,1.016,16.65,24.2676964,0.696811091
291,42M01335,A*23:01,A*68:01,B*14:01,B*41:01,C*08:02,C*08:02,1,2,1,2,5,0,2,0,0,0,2,0,0,0,0,6.048,14.234,0.712,8.49,12.27468376,0.492680717
292,66K00091,A*02:01,A*68:02,B*14:02,B*44:02,C*05:01,C*08:02,0,2,1,2,5,0,2,0,0,0,2,0,0,0,0,15.845,14.841,0.742,21.35,29.05526197,0.545340118
293,CAR19696,A*68:01,A*69:01,B*35:03,B*39:01,C*04:01,C*12:03,1,2,1,2,5,0,2,0,0,0,2,0,0,0,0,13.238,21.443,1.072,12.34,18.00307727,0.735290962
294,CAR27368,A*02:01,A*26:01,B*27:05,B*39:01,C*01:02,C*12:03,1,2,1,2,5,0,2,0,0,0,2,0,0,0,0,17.988,30.525,1.527,11.78,23.01197332,0.781658302
295,CAR33041,A*02:01,A*02:01,B*14:01,B*37:01,C*06:02,C*08:02,0,2,1,2,5,0,2,0,0,0,2,0,0,0,0,18.423,22.644,1.133,16.27,12.02580844,1.531913641
296,CAR33059,A*02:01,A*25:01,B*14:01,B*18:01,C*08:02,C*12:03,0,2,1,2,5,0,2,0,0,0,2,0,0,0,0,17.815,18.918,0.946,18.83,22.33805861,0.797517829
297,CAR33062,A*02:01,A*26:01,B*38:01,B*57:01,C*06:02,C*12:03,1,2,1,2,5,0,2,0,0,0,2,0,0,0,0,6.693,12.592,0.630,10.63,9.179350157,0.729082112
298,CAR33084,A*23:01,A*34:02,B*39:10,B*58:02,C*06:02,C*12:03,1,2,1,2,5,0,2,0,0,0,2,0,0,0,0,13.483,24.010,1.201,11.23,21.06405544,0.640071426
299,CAR34213,A*24:02,A*25:01,B*35:01,B*38:01,C*04:01,C*12:03,2,2,1,2,5,0,2,0,0,0,2,0,0,0,0,35.288,36.007,1.801,19.60,26.34360065,1.339509373
300,CAR34222,A*02:01,A*02:01,B*14:01,B*57:01,C*06:02,C*08:02,0,2,1,2,5,0,2,0,0,0,2,0,0,0,0,18.383,22.782,1.139,16.13,22.14423764,0.830125665
301,CAR30514,A*02:01,A*31:01,B*13:02,B*18:01,C*06:02,C*07:01,2,1,0,1,2,0,1,1,0,0,1,0,1,0,0,18.970,17.138,0.857,22.13,30.01276536,0.632064382
302,CAR33049,A*66:02,A*74:01,B*52:01,B*58:01,C*07:01,C*16:01,0,1,0,1,2,0,1,0,1,0,1,0,1,0,0,15.850,10.138,0.507,31.26,33.91988187,0.467277571
303,CAR33953,A*02:02,A*74:01,B*57:03,B*57:03,C*04:01,C*07:01,0,1,0,1,2,0,1,0,1,0,1,0,1,0,0,23.123,12.860,0.643,35.95,33.6075218,0.688015622
304,CAR34688,A*29:02,A*68:02,B*53:01,B*57:03,C*04:01,C*07:01,0,1,0,1,2,0,1,1,0,0,1,0,1,0,0,14.183,10.695,0.535,26.51,32.73198966,0.433291717
305,CAR34689,A*02:02,A*29:02,B*53:01,B*81:01,C*04:01,C*18:01,1,1,0,1,2,0,1,1,0,0,1,0,1,0,0,25.488,39.347,1.968,12.95,25.9434424,0.982425524
306,42M00118,A*02:01,A*74:01,B*42:01,B*50:01,C*06:02,C*17:01,1,1,1,1,3,0,1,0,1,0,1,0,0,1,0,8.665,18.638,0.932,9.30,16.4808874,0.525760524
307,42M00184,A*26:01,A*29:02,B*08:01,B*35:01,C*03:04,C*07:01,0,1,1,1,3,0,1,1,0,0,1,0,1,0,0,10.740,20.924,1.046,10.26,14.38671376,0.746522116
308,42M00544,A*23:01,A*33:03,B*08:01,B*53:01,C*04:01,C*07:02,1,1,1,1,3,0,1,1,0,0,1,0,1,0,0,12.545,27.759,1.388,9.04,11.26034942,1.114086209
309,42M00567,A*02:01,A*74:01,B*42:01,B*45:01,C*16:01,C*17:01,2,1,1,1,3,0,1,0,1,0,1,0,0,1,0,18.625,18.053,0.903,20.63,36.72340635,0.507169728
310,42M01088,A*02:01,A*32:106,B*07:02,B*40:16,C*07:02,C*08:02,0,1,1,1,3,0,1,0,1,0,1,0,1,0,0,9.875,14.181,0.709,13.92,24.20878126,0.407909836
312,42M01261,A*29:02,A*34:02,B*14:02,B*81:01,C*07:01,C*08:02,2,1,1,1,3,0,1,1,0,0,1,0,1,0,0,11.775,26.021,1.301,9.05,12.5228115,0.940284057
313,66K00525,A*23:01,A*29:02,B*07:02,B*44:03,C*04:01,C*07:02,0,1,1,1,3,0,1,1,0,0,1,0,1,0,0,15.685,13.848,0.693,22.64,26.03443209,0.602471371
314,CAR34680,A*02:01,A*33:03,B*42:01,B*45:01,C*16:01,C*17:01,2,1,1,1,3,0,1,1,0,0,1,0,0,1,0,35.623,40.036,2.002,17.79,24.05221308,1.481048745
315,CAR40131,A*33:01,A*34:02,B*42:01,B*53:01,C*04:01,C*17:01,1,1,1,1,3,0,1,1,0,0,1,0,0,1,0,17.820,25.190,1.260,14.15,22.38729932,0.795987035
316,CAR16858,A*01:01,A*03:01,B*07:02,B*35:08,C*04:01,C*07:02,1,2,1,1,4,2,0,0,0,0,1,0,1,0,0,30.060,31.066,1.554,19.35,26.97615251,1.114317544
317,CAR19673,A*01:01,A*03:01,B*08:01,B*57:01,C*06:02,C*07:02,1,2,1,1,4,2,0,0,0,0,1,0,1,0,0,35.835,31.621,1.581,22.66,26.28661535,1.363241312
318,CAR23295,A*01:01,A*30:02,B*08:01,B*57:03,C*01:02,C*18,0,2,1,1,4,2,0,0,0,0,1,0,1,0,0,2.475,9.098,0.455,5.44,9.599158596,0.257835098
319,CAR33952,A*01:01,A*30:04,B*07:02,B*57:01,C*06:02,C*07:02,0,2,1,1,4,2,0,0,0,0,1,0,1,0,0,23.943,20.942,1.047,22.86,30.8339898,0.776496981
320,CAR34660,A*01:03,A*03:01,B*14:02,B*41:02,C*08:02,C*17:01,1,2,1,1,4,2,0,0,0,0,1,0,0,1,0,12.055,18.425,0.922,13.08,12.89206394,0.935071378
322,CAR28872,A*02:01,A*03:01,B*14:02,B*15:01,C*03:03,C*15:05,1,2,1,2,5,1,1,0,0,0,1,1,0,0,0,25.813,30.427,1.522,16.96,,
323,10J00221,A*02:06,A*02:06,B*40:01,B*40:06,C*03:03,C*08:01,1,2,0,2,4,0,2,0,0,0,2,0,0,0,0,21.218,29.892,1.495,14.19,,
324,42M00081,A*23:01,A*30:01,B*07:02,B*57:02,C*07:02,C*08:02,0,2,1,1,4,1,1,0,0,0,1,0,1,0,0,1.023,12.202,0.610,1.68,,
325,42M00099,A*30:01,A*68:01,B*07:05,B*41:02,C*08:02,C*17:01,1,2,1,1,4,1,1,0,0,0,1,0,0,1,0,31.705,11.253,0.563,56.33,,
326,42M00146,A*23:01,A*74:01,B*15:10,B*50:01,C*06:02,C*08:04,1,1,0,2,3,0,1,0,1,0,2,0,0,0,0,9.170,10.979,0.549,16.70,,
327,42M00151,A*02:01,A*32:01,B*40:01,B*81:01,C*03:04,C*08:04,2,1,0,2,3,0,1,1,0,0,2,0,0,0,0,12.775,16.779,0.839,15.22,,
328,42M00183,A*23:01,A*23:01,B*41:01,B*50:01,C*06:02,C*08:02,1,2,0,2,4,0,2,0,0,0,2,0,0,0,0,20.093,21.410,1.071,18.76,,
329,42M00793,A*02:01,A*34:02,B*44:03,B*81:01,C*07:01,C*08:04,1,2,0,1,3,0,2,0,0,0,1,0,1,0,0,17.793,17.606,0.881,20.21,,
330,42M01121,A*23:01,A*30:02,B*18:01,B*41:01,C*05:01,C*08:02,2,2,0,2,4,1,1,0,0,0,2,0,0,0,0,17.018,20.134,1.007,16.90,,
331,42M01130,A*30:01,A*30:02,B*13:02,B*42:01,C*08:04,C*17:01,0,2,1,1,4,2,0,0,0,0,1,0,0,1,0,17.478,17.852,0.893,19.57,,
332,42M01158,A*30:01,A*34:02,B*42:01,B*81:01,C*08:04,C*17:01,1,2,1,1,4,1,1,0,0,0,1,0,0,1,0,9.778,25.605,1.281,7.64,,
333,42M01496,A*30:02,A*31:01,B*57:03,B*81:01,C*07:01,C*08:04,1,1,0,1,2,1,0,1,0,0,1,0,1,0,0,17.830,19.917,0.996,17.90,,
335,CAR26234,A*23:01,A*30:02,B*58:01,B*81:01,C*07:01,C*08:04,0,2,0,1,3,1,1,0,0,0,1,0,1,0,0,8.833,15.190,0.760,11.63,,
336,CAR33088,A*03:01,A*68:15,B*40:01,B*57:03,C*03:04,C*08:02,0,2,0,2,4,1,1,0,0,0,2,0,0,0,0,20.735,18.632,0.932,22.25,,
337,CAR34664,A*03:01,A*24:02,B*15:10,B*45:01,C*06:02,C*08:04,1,2,0,2,4,1,1,0,0,0,2,0,0,0,0,24.365,21.324,1.066,22.85,,
338,CAR39218,A*01:01,A*74:01,B*15:10,B*57:01,C*06:02,C*08:04,1,1,0,2,3,1,0,0,1,0,2,0,0,0,0,53.885,11.221,0.561,96.01,,
339,05E02247,A*32:01,A*34:02,B*39:01,B*58:01,C*03:02,C*12:03,0,1,1,2,4,0,1,1,0,0,2,0,0,0,0,9.655,14.378,0.719,13.43,,
340,10J00203,A*02:01,A*34:02,B*08:01,B*27:05,C*01:02,C*07:01,1,2,1,1,4,0,2,0,0,0,1,0,1,0,0,27.855,16.618,0.831,33.52,,
341,42M00001,A*34:02,A*68:02,B*15:16,B*42:01,C*14:02,C*17:01,0,2,1,1,4,0,2,0,0,0,1,0,0,1,0,16.418,20.028,1.002,16.39,,
342,42M00011,A*11:01,A*34:02,B*18:01,B*51:01,C*07:01,C*16:01,0,2,0,1,3,1,1,0,0,0,1,0,1,0,0,10.635,16.597,0.830,12.81,,
343,42M00020,A*34:02,A*68:02,B*15:03,B*53:01,C*04:01,C*12:03,1,2,0,2,4,0,2,0,0,0,2,0,0,0,0,10.150,11.158,0.558,18.19,,
344,42M00098,A*02:01,A*34:02,B*44:03,B*45:01,C*07:01,C*16:01,2,2,0,1,3,0,2,0,0,0,1,0,1,0,0,28.688,32.484,1.625,17.66,,
345,42M00902,A*02:05,A*34:02,B*35:01,B*44:03,C*03:03,C*04:01,0,2,0,2,4,0,2,0,0,0,2,0,0,0,0,16.878,11.911,0.596,28.33,,
346,42M00132,A*34:02,A*68:02,B*53:01,B*53:01,C*04:01,C*04:01,2,2,0,2,4,0,2,0,0,0,2,0,0,0,0,5.998,12.850,0.643,9.33,,
347,42M00167,A*30:02,A*34:02,B*07:02,B*58:02,C*06:02,C*07:02,0,2,1,1,4,1,1,0,0,0,1,0,1,0,0,8.980,14.046,0.702,12.78,,
348,42M00168,A*02:01,A*34:02,B*07:02,B*07:02,C*07:02,C*07:02,0,2,2,0,4,0,2,0,0,0,0,0,2,0,0,12.063,20.471,1.024,11.78,,
349,05E01615,A*25:01,A*68:01,B*27:05,B*44:02,C*02:02,C*07:04,0,2,0,1,3,0,2,0,0,0,0,1,1,0,0,17.173,20.127,1.007,17.06,,
350,05E01647,A*02:01,A*25:01,B*18:01,B*27:02,C*02:02,C*12:03,0,2,0,2,4,0,2,0,0,0,1,1,0,0,0,30.588,24.173,1.209,25.31,,
351,05E01953,A*02:01,A*25:01,B*07:02,B*07:02,C*07:02,C*07:02,1,2,2,0,4,0,2,0,0,0,0,0,2,0,0,6.338,18.369,0.919,6.90,,
352,10J00042,A*03:01,A*25:01,B*07:02,B*18:01,C*07:02,C*12:03,1,2,1,1,4,1,1,0,0,0,1,0,1,0,0,35.300,26.339,1.317,26.79,,
353,10J00120,A*25:01,A*30:02,B*18:01,B*38:01,C*12:03,C*12:03,0,2,1,2,5,1,1,0,0,0,2,0,0,0,0,12.035,14.334,0.717,16.79,,
354,10J00126,A*11:01,A*25:01,B*51:01,B*58:01,C*03:03,C*12:03,1,2,0,2,4,1,1,0,0,0,2,0,0,0,0,31.100,22.879,1.144,27.18,,
355,10J00248,A*02:01,A*25:01,B*18:01,B*39:01,C*12:03,C*12:03,0,2,1,2,5,0,2,0,0,0,2,0,0,0,0,17.018,27.417,1.371,12.41,,
356,10J00279,A*02:01,A*25:01,B*35:08,B*51:01,C*12:03,C*14:02,1,2,0,2,4,0,2,0,0,0,2,0,0,0,0,20.053,17.792,0.890,22.54,,
357,42M00149,A*03:01,A*25:01,B*18:01,B*57:02,C*12:03,C*17:01,0,2,0,1,3,1,1,0,0,0,1,0,0,1,0,22.740,21.696,1.085,20.96,,
358,42M01138,A*25:01,A*30:01,B*42:01,B*56:01,C*01:02,C*17:01,0,2,1,1,4,1,1,0,0,0,1,0,0,1,0,4.385,12.174,0.609,7.20,,
359,04D00027,A*01:01,A*02:01,B*07:05,B*15:17,C*07:01,C*15:05,1,2,1,1,4,1,1,0,0,0,0,1,1,0,0,15.455,22.503,1.125,13.73,,
360,05E00009,A*01:01,A*23:01,B*07:05,B*08:01,C*07:01,C*15:05,0,2,2,1,5,1,1,0,0,0,0,1,1,0,0,15.425,23.776,1.189,12.97,,
361,42M00174,A*23:01,A*30:01,B*07:02,B*50:01,C*06:02,C*15:05,0,2,1,2,5,1,1,0,0,0,1,1,0,0,0,12.315,17.837,0.892,13.81,,
362,42M00373,A*02:02,A*23:01,B*07:02,B*15:10,C*03:04,C*15:05,1,2,1,2,5,0,2,0,0,0,1,1,0,0,0,2.418,8.451,0.423,5.72,,
363,42M00579,A*25:01,A*74:01,B*07:05,B*38:01,C*12:03,C*15:05,0,1,2,2,5,0,1,0,1,0,1,1,0,0,0,14.450,16.892,0.845,17.11,,
364,42M00890,A*02:02,A*68:02,B*15:10,B*40:12,C*03:04,C*15:05,1,2,0,2,4,0,2,0,0,0,1,1,0,0,0,14.685,17.315,0.866,16.96,,
365,42M01160,A*30:01,A*36:01,B*07:02,B*14:02,C*08:02,C*15:05,0,2,2,2,6,2,0,0,0,0,1,1,0,0,0,17.110,17.664,0.883,19.37,,
366,42M01176,A*24:02,A*34:02,B*07:02,B*51:01,C*07:02,C*15:02,0,2,1,1,4,0,2,0,0,0,0,1,1,0,0,4.885,15.854,0.793,6.16,,
367,42M01177,A*30:01,A*32:01,B*07:02,B*44:03,C*04:01,C*15:05,0,1,1,2,4,1,0,1,0,0,1,1,0,0,0,21.563,14.231,0.712,30.29,,
368,42M01194,A*03:01,A*33:01,B*07:02,B*57:03,C*07:01,C*15:05,1,1,1,1,3,1,0,1,0,0,0,1,1,0,0,6.318,9.174,0.459,13.77,,
369,42M00852,A*30:02,A*66:01,B*08:01,B*81:01,C*06:02,C*07:01,0,2,1,1,4,1,1,0,0,0,1,0,1,0,0,13.158,17.167,0.859,15.32,,
370,42M00964,A*23:01,A*66:02,B*07:02,B*44:18,C*06:02,C*07:02,0,2,1,1,4,0,2,0,0,0,1,0,1,0,0,16.720,15.948,0.798,20.96,,
371,42M01126,A*02:86,A*66:01,B*39:01,B*58:02,C*06:02,C*07:02,2,2,1,1,4,0,2,0,0,0,1,0,1,0,0,9.773,18.210,0.911,10.73,,
372,CAR26197,A*33:01,A*66:02,B*14:02,B*53:01,C*04:01,C*08:02,0,1,1,2,4,0,1,1,0,0,2,0,0,0,0,21.405,17.213,0.861,24.86,,
373,05E01774,A*23:01,A*66:01,B*41:02,B*58:01,C*07:01,C*17,1,2,0,1,3,0,2,0,0,0,1,0,1,0,0,9.123,14.855,0.743,12.28,,
374,42M00015,A*23:01,A*66:01,B*15:10,B*41:02,C*03:04,C*17:01,0,2,0,1,3,0,2,0,0,0,1,0,0,1,0,20.648,17.945,0.897,23.01,,
375,42M00032,A*66:01,A*74:01,B*45:01,B*57:03,C*06:02,C*07:01,1,1,0,1,2,0,1,0,1,0,1,0,1,0,0,5.450,10.697,0.535,10.19,,
376,42M00109,A*03:01,A*66:01,B*58:02,B*58:02,C*06:02,C*06:02,2,2,0,2,4,1,1,0,0,0,2,0,0,0,0,20.748,19.368,0.969,21.42,,
378,42M00133,A*66:01,A*68:01,B*15:10,B*50:01,C*03:04,C*06:02,1,2,0,2,4,0,2,0,0,0,2,0,0,0,0,26.533,20.244,1.012,26.21,,
379,05E00494,A*02:01,A*30:01,B*13:02,B*57:01,C*06:02,C*06:02,0,2,0,2,4,1,1,0,0,0,2,0,0,0,0,34.133,15.408,0.771,44.29,,
380,66K00241,A*02:01,A*30:01,B*13:02,B*57:01,C*06:02,C*06:02,0,2,0,2,4,1,1,0,0,0,2,0,0,0,0,27.733,18.421,0.921,30.11,,
381,CAR28886,A*02:01,A*30:01,B*13:02,B*57:01,C*06:02,C*06:02,0,2,0,2,4,1,1,0,0,0,2,0,0,0,0,16.000,11.660,0.583,27.44,,
382,05E00026,A*01:01,A*01:01,B*08:01,B*08:01,C*07:01,C*07:01,0,2,2,0,4,2,0,0,0,0,0,0,2,0,0,9.820,17.273,0.864,11.37,,
385,05E00456,A*01:01,A*11:01,B*08:01,B*35:01,C*04:01,C*07:01,0,2,1,1,4,2,0,0,0,0,1,0,1,0,0,15.513,15.814,0.791,19.61,,
386,10J00174,A*01:01,A*11:01,B*08:01,B*35:01,C*04:01,C*07:01,0,2,1,1,4,2,0,0,0,0,1,0,1,0,0,16.698,15.463,0.773,21.59,,
387,66K00037,A*01:01,A*11:01,B*08:01,B*35:01,C*04:01,C*07:01,0,2,1,1,4,2,0,0,0,0,1,0,1,0,0,16.125,22.188,1.110,14.53,,
388,10J00130,A*01:01,A*02:01,B*08:01,B*44:02,C*05:01,C*07:01,0,2,1,1,4,1,1,0,0,0,1,0,1,0,0,5.830,14.089,0.705,8.27,,
389,66K00574,A*01:01,A*02:01,B*08:01,B*44:02,C*05:01,C*07:01,0,2,1,1,4,1,1,0,0,0,1,0,1,0,0,9.888,16.063,0.803,12.31,,
390,CAR37493,A*01:01,A*02:01,B*08:01,B*44:02,C*05:01,C*07:01,0,2,1,1,4,1,1,0,0,0,1,0,1,0,0,13.018,17.440,0.872,14.92,,
393,05E01147,A*01:01,A*02:01,B*08:01,B*51:01,C*07:01,C*15:02,1,2,1,1,4,1,1,0,0,0,0,1,1,0,0,16.223,30.983,1.549,10.47,,
394,05E01169,A*02:01,A*29:02,B*44:03,B*51:01,C*14:02,C*16:01,2,1,0,2,3,0,1,1,0,0,2,0,0,0,0,28.735,16.043,0.802,35.81,,
397,42M00031,A*02:02,A*68:01,B*53:01,B*57:03,C*04:01,C*18,2,2,0,1,3,0,2,0,0,0,1,0,1,0,0,16.495,25.938,1.297,12.72,,
398,42M00398,A*23:01,A*23:01,B*42:01,B*81:01,C*17:01,C*18,0,2,1,0,3,0,2,0,0,0,0,0,1,1,0,8.933,24.668,1.234,7.24,,
400,42M01095,A*23:01,A*74:01,B*45:01,B*53:01,C*01:02,C*16:01,2,1,0,2,3,0,1,0,1,0,2,0,0,0,0,30.238,27.708,1.386,21.82,,
401,42M01118,A*02:01,A*30:02,B*07:02,B*58:01,C*03:02,C*16:01,2,2,1,2,5,1,1,0,0,0,2,0,0,0,0,29.325,15.937,0.797,36.80,,
402,42M01172,A*23:01,A*30:01,B*51:01,B*52:01,C*16:01,C*16:01,1,2,0,2,4,1,1,0,0,0,2,0,0,0,0,12.385,12.251,0.613,20.21,,
404,42M01288,A*02:01,A*66:02,B*49:01,B*57:03,C*07:01,C*18,2,2,0,0,2,0,2,0,0,0,0,0,2,0,0,34.065,15.067,0.753,45.21,,
405,66K00058,A*01:01,A*25:01,B*08:01,B*18:01,C*07:01,C*12:03,0,2,1,1,4,1,1,0,0,0,1,0,1,0,0,10.230,18.754,0.938,10.91,,
406,CAR18206,A*03:01,A*26:01,B*38:01,B*40:02,C*02:02,C*12:03,1,2,1,2,5,1,1,0,0,0,1,1,0,0,0,15.300,20.441,1.022,14.97,,
407,CAR39231,A*25:01,A*68:01,B*15:01,B*18:01,C*03:04,C*12:03,0,2,0,2,4,0,2,0,0,0,2,0,0,0,0,24.048,19.469,0.974,24.70,,