ID,HLA-A1,HLA-A2,HLA-B1,HLA-B2,HLA-C1,HLA-C2,log VL,CD4,A/B,3DL3,2DS2,2DL2,2DL3,2DL5,2DS3,2DS5,2DP1,2DL1,3DP1,2DL4,3DL1,3DS1,2DS1,2DS4,3DL2
VI-004,101,2402,3701,4001,602,1202,3.506505032,618,AB,1,0,0,1,1,0,1,1,1,1,1,1,1,0,1,1
VI-010,1101,1101,4601,4601,102,102,1.914871818,650,AB,1,1,1,1,1,1,1,1,1,1,1,1,1,1,1,1
VI-014,203,3303,1525,5801,302,403,5.876794976,166,AA,1,0,0,1,0,0,0,1,1,1,1,1,0,0,1,1
VI-016,1101,3303,1501,4403,401,701,2.692846919,652,AB,1,0,0,1,1,0,1,1,1,1,1,1,1,1,1,1
VI-019,101,207,1301,5701,602,702,4.426511261,167,AB,1,0,0,1,1,0,1,1,1,1,1,1,1,1,1,1
VI-021,101,1101,1502,5701,602,801,4.678518379,532,AB,1,1,1,1,1,0,1,1,1,1,1,1,1,1,1,1
VI-022,203,2402,702,5502,403,702,5.450249108,440,AA,1,0,0,1,0,0,0,1,1,1,1,1,0,0,1,1
VI-023,1101,2402,1301,1301,304,304,3.862727528,294,BB,1,1,1,1,1,1,0,1,1,1,1,0,1,1,0,1
VI-026,2402,3303,4001,5801,302,702,3.012837225,576,AB,1,1,1,1,1,1,0,1,1,1,1,1,0,1,1,1
VI-027,203,206,4001,4006,304,801,4.146128036,602,AB,1,0,0,1,1,1,0,1,1,1,1,1,1,1,1,1
VI-029,2407,3303,1502,4403,701,801,4.588831726,380,AA,1,0,0,1,0,0,0,1,1,1,1,1,0,0,1,1
VI-031,1101,2402,3802,5801,302,702,4.056904851,184,AB,1,0,0,1,1,0,1,1,1,1,1,1,1,1,1,1
VI-032,1101,1101,1502,1502,801,801,3.579783597,507,AA,1,0,0,1,0,0,0,1,1,1,1,1,0,0,1,1
VI-033,1101,2402,1512,3505,303,401,5.06069784,389,AA,1,0,0,1,0,0,0,1,1,1,1,1,0,0,1,1
VI-034,1101,3101,4001,5401,102,303,4.292256071,497,AB,1,1,1,1,1,1,1,1,1,1,1,1,1,1,1,1
VI-038,2901,3303,705,1301,302,1505,4.409933123,447,AA,1,0,0,1,0,0,0,1,1,1,1,1,0,0,1,1
VI-039,1102,3303,5401,5801,102,302,3.92788341,238,AA,1,0,0,1,0,0,0,1,1,1,1,1,0,0,1,1
VI-040,203,2407,1525,3505,401,403,4.698970004,527,AB,1,1,1,1,0,0,0,1,1,1,1,1,0,0,1,1
VI-043,207,1102,1301,4601,102,304,4.546542663,363,AB,1,0,0,1,1,1,0,1,1,1,1,1,1,1,1,1
VI-044,1101,3303,1502,5801,102,302,5.049218023,724,AA,1,0,0,1,0,0,0,1,1,1,1,1,0,0,1,1
VI-045,207,3303,1301,5801,302,304,5.133538908,589,AA,1,0,0,1,0,0,0,1,1,1,1,1,0,0,1,1
VI-046,101,1101,4601,5701,102,602,5.51054501,19,AA,1,0,0,1,0,0,0,1,1,1,1,1,0,0,1,1
VI-047,203,207,4001,4601,102,702,4.149219113,409,AA,1,0,0,1,0,0,0,1,1,1,1,1,0,0,1,1
VI-048,1101,2901,705,3802,702,1505,3.707570176,548,AB,1,1,1,1,1,1,0,1,1,1,1,1,1,1,1,1
VI-054,203,207,4001,4601,102,403,4.77815125,655,AB,1,1,1,1,1,1,0,1,1,1,1,1,0,1,1,1
VI-055,1101,3303,1502,5801,302,801,4.862131379,182,AB,1,1,1,1,1,0,1,1,1,1,1,1,1,1,1,1
VI-056,1102,1102,2704,4001,801,1202,3.495544338,174,AA,1,0,0,1,0,0,0,1,1,1,1,1,0,0,1,1
VI-060,207,2402,3802,4601,102,702,4.773054693,206,AB,1,0,0,1,1,0,1,1,1,1,1,1,1,1,1,1
VI-063,207,1101,4601,5601,102,102,5.184691431,93,AA,1,0,0,1,0,0,0,1,1,1,1,1,0,0,1,1
VI-066,1101,1101,1501,1502,303,801,4.120573931,975,AA,1,0,0,1,0,0,0,1,1,1,1,1,0,0,1,1
VI-067,1101,2901,705,5401,102,1505,4.923244019,4,AA,1,0,0,1,0,0,0,1,1,1,1,1,0,0,1,1
VI-068,2601,3303,1502,3802,702,801,5.079181246,192,AA,1,0,0,1,0,0,0,1,1,1,1,1,0,0,1,1
VI-070,203,3101,5102,5401,102,1502,4.580924976,451,BB,1,1,1,1,1,0,1,1,1,1,1,0,1,1,0,1
VI-071,207,1101,3802,4601,102,702,3.797267541,588,AB,1,0,0,1,1,1,0,1,1,1,1,1,1,1,1,1
VI-072,1101,2601,1502,3802,702,801,4.7355989,533,AA,1,0,0,1,0,0,0,1,1,1,1,1,0,0,1,1
VI-073,3303,3303,5801,5801,302,302,4.025305865,571,AB,1,0,0,1,1,0,1,1,1,1,1,1,1,1,1,1
VI-074,1101,2402,4001,5401,102,702,4.84260924,88,AB,1,0,0,1,1,1,0,1,1,1,1,1,1,1,1,1
VI-075,1101,2410,1802,5401,102,704,4.457881897,787,AB,1,1,1,1,0,0,0,1,1,1,1,1,0,0,1,1
VI-077,203,1101,1502,4601,102,801,5.896526217,19,AB,1,0,0,1,1,1,0,1,1,1,1,1,1,1,1,1
VI-079,1101,2402,1525,3505,401,702,4.835690571,464,AB,1,0,0,1,1,0,1,1,1,1,1,1,1,1,1,1
VI-081,101,201,1525,3701,602,801,4.777426822,463,AA,1,0,0,1,0,0,0,1,1,1,1,1,0,0,1,1
VI-082,207,2402,1502,4601,102,801,3.751279104,507,AB,1,0,0,1,1,1,0,1,1,1,1,1,1,1,1,1
VI-083,203,3303,705,3909,702,1505,5.532754379,6,AB,1,0,0,1,1,0,1,1,1,1,1,1,1,1,1,1
VI-084,1101,1101,1502,5502,403,801,3.959518377,365,AB,1,0,0,1,1,1,0,1,1,1,1,1,1,1,1,1
VI-085,101,3303,1518,3701,602,801,4.495544338,335,BB,1,1,1,1,1,0,1,1,1,1,1,0,1,1,0,1
VI-088,1101,1101,1525,5801,403,801,3.029383778,492,AB,1,1,1,1,1,0,1,1,1,1,1,1,1,1,1,1
VI-089,1101,3303,1501,5801,302,401,4.698100546,576,AB,1,1,1,1,0,0,0,1,1,1,1,1,0,0,1,1
VI-090,203,2407,4002,4601,102,304,4.946452265,95,BB,1,1,1,0,1,0,1,0,0,1,1,0,1,1,0,1
VI-091,1101,1101,4006,5502,1203,1502,4.935507266,344,AB,1,1,1,1,1,1,0,1,1,1,1,1,0,0,1,1
VI-092,1102,1102,1301,1501,304,1202,4.685741739,534,AB,1,1,1,0,0,1,0,1,1,1,1,1,1,0,1,1
VI-093,207,3303,4601,5801,102,302,5.639486489,28,AA,1,0,0,1,0,0,0,1,1,1,1,1,0,0,1,1
VI-094,201,1101,1502,5604,702,801,5.439332694,226,AA,1,0,0,1,0,0,0,1,1,1,1,1,0,0,1,1
VI-095,1101,2901,705,1301,406,1505,5.618048097,149,AA,1,0,0,1,0,0,0,1,1,1,1,1,0,0,1,1
VI-096,1101,1101,1501,1502,403,801,4.980911938,324,AA,1,0,0,1,0,0,0,1,1,1,1,1,0,0,1,1
VI-100,201,206,1512,1525,303,702,4.552668216,21,AA,1,0,0,1,0,0,0,1,1,1,1,1,0,0,1,1
VI-101,207,3303,4601,5801,102,302,5.11058971,636,AB,1,1,1,1,1,1,0,1,1,1,1,1,1,0,1,1
VI-102,1101,1101,1502,5502,801,1502,3.487138375,552,AB,1,1,1,1,1,1,0,1,1,1,1,1,0,0,1,1
VI-103,2402,2407,3505,4001,401,403,4.901458321,447,AB,1,1,1,1,1,0,1,1,1,1,1,1,1,0,1,1
VI-104,207,2901,705,705,702,1505,4.201397124,594,AB,1,0,0,1,1,0,1,1,1,1,1,1,1,1,1,1
VI-106,203,6801,5201,5501,102,702,5.515873844,50,BB,1,0,0,1,1,1,1,1,1,1,1,0,1,1,0,1
VI-107,2402,3303,3503,5801,302,1203,3.540329475,312,AB,1,0,0,1,0,0,0,1,1,1,1,1,1,0,1,1
VI-109,201,207,4601,5101,102,1502,4.934498451,177,AB,1,1,1,1,0,0,0,1,1,1,1,1,1,0,1,1
VI-110,3303,3401,1512,5801,302,303,6.227886705,12,AA,1,0,0,1,0,0,0,1,1,1,1,1,0,0,1,1
VI-113,2901,2901,705,3801,1203,1505,5.496929648,457,AB,1,0,0,1,0,0,0,1,1,1,1,1,1,0,1,1
VI-114,1101,2901,705,1502,801,1505,3.230448921,613,AB,1,1,1,1,0,0,0,1,1,1,1,1,0,0,1,1
VI-115,203,3001,702,1802,702,704,5.640481437,223,AB,1,0,0,1,1,1,0,1,1,1,1,1,1,0,1,1
VI-116,206,2403,705,1512,303,702,5.123851641,8,AA,1,0,0,1,0,0,0,1,1,1,1,1,0,0,1,1
VI-117,203,2402,4001,5801,302,702,4.707570176,471,AB,1,0,0,1,1,0,1,1,1,1,1,1,1,1,1,1
VI-118,207,301,3802,5201,102,1202,4.269512944,492,AA,1,0,0,1,0,0,0,1,1,1,1,1,0,0,1,1
VI-119,2901,3101,705,5502,102,1505,4.496929648,437,AB,1,0,0,1,1,1,0,1,1,1,1,1,1,1,1,1
VI-122,207,1102,4601,4601,102,102,6.593286067,70,AB,1,0,0,1,1,1,0,1,1,1,1,1,1,1,1,1
VI-126,203,1102,801,2704,702,1202,5.324282455,222,AB,1,1,1,1,0,0,0,1,1,1,1,1,0,0,1,1
VI-127,1101,2402,1512,5401,102,303,5.668385917,281,AB,1,0,0,1,1,1,0,1,1,1,1,1,1,1,1,1
VI-130,203,207,3802,4601,102,702,4.790285164,228,AA,1,0,0,1,0,0,0,1,1,1,1,1,0,0,1,1
VI-131,101,2901,705,5701,602,1505,4.463892989,191,AA,1,0,0,1,0,0,0,1,1,1,1,1,0,0,1,1
VI-133,203,1101,1801,5502,102,704,4.283301229,423,AB,1,1,1,1,1,0,1,1,1,1,1,1,1,1,1,1
VI-134,3303,3401,1521,5801,302,403,3.748188027,331,BB,1,1,1,0,1,0,1,0,0,0,1,0,1,1,0,1
VI-135,203,3401,1512,1525,303,403,4.968015714,262,AA,1,0,0,1,0,0,0,1,1,1,1,1,0,0,1,1
VI-136,206,2901,705,4006,801,1505,5.531478917,333,AB,1,0,0,1,1,1,0,1,1,1,1,1,1,1,1,1
VI-137,1101,2901,705,4001,702,1505,4.899273187,213,AA,1,0,0,1,0,0,0,1,1,1,1,1,0,0,1,1
VI-138,207,3303,1502,4601,102,801,5.511883361,16,AA,1,0,0,1,0,0,0,1,1,1,1,1,0,0,1,1
VI-140,1101,3303,1502,4403,701,801,5.217483944,542,AB,1,1,1,1,1,0,1,1,1,1,1,1,1,1,1,1
VI-143,301,1101,1502,1525,702,801,4.385606274,428,AA,1,0,0,1,0,0,0,1,1,1,1,1,0,0,1,1
VI-144,207,1101,1502,4601,102,801,4.989894564,246,AB,1,0,0,1,1,0,1,1,1,1,1,1,1,1,1,1
VI-145,2601,3303,705,3802,702,1505,4.88536122,13,AB,1,1,1,1,1,0,1,1,1,1,1,1,0,1,1,1
VI-146,1101,1101,1502,3802,702,801,4.485721426,369,AA,1,0,0,1,0,0,0,1,1,1,1,1,0,0,1,1
VI-147,101,1101,1502,3701,602,801,4.980457892,376,AA,1,0,0,1,0,0,0,1,1,1,1,1,0,0,1,1
VI-149,203,2901,705,5101,1402,1505,5.675778342,29,AB,1,0,1,1,1,0,1,1,1,1,1,1,1,1,1,1
VI-150,1101,2402,1512,5401,102,303,4.702430536,682,AA,1,0,0,1,0,0,0,1,1,1,1,1,0,0,1,1
VI-151,1101,1102,2704,4001,702,1202,5.357934847,5,AB,1,1,1,0,1,1,0,1,1,1,1,1,1,0,1,1
VI-152,1101,1101,1502,1511,303,801,6.240549248,191,AB,1,1,1,1,1,0,1,1,1,1,1,1,1,1,1,1
VI-153,1101,2402,1502,1502,801,1202,4.808210973,463,AB,1,0,0,1,1,0,1,1,1,1,1,1,1,1,1,1
VI-154,206,1102,4601,5502,102,1203,4.840106094,150,AA,1,0,0,1,0,0,0,1,1,1,1,1,0,0,1,1
VI-155,206,206,1525,1525,403,702,4.754348336,269,AA,1,0,0,1,0,0,0,1,1,1,1,1,0,0,1,1
VI-156,206,2402,702,1525,702,702,4.06069784,252,AA,1,0,0,1,0,0,0,1,1,1,1,1,0,0,1,1
VI-157,207,207,4601,5102,102,1502,5.859138297,101,AB,1,1,1,1,1,0,1,1,1,1,1,1,1,1,1,1
VI-158,1101,1101,1501,1502,303,801,5.029383778,241,AB,1,1,1,1,1,1,1,1,1,1,1,1,1,0,1,1
VI-160,206,2601,3802,3802,702,702,4.94792362,23,AA,1,0,0,1,0,0,0,1,1,1,1,1,0,0,1,1
VI-161,1101,1101,1512,1512,303,304,4.860338007,140,AB,1,1,1,1,1,0,1,1,1,1,1,1,1,1,1,1
VI-163,1101,3401,1502,4001,702,801,3.758911892,371,AA,1,0,0,1,0,0,0,1,1,1,1,1,0,0,1,1
VI-164,203,203,1525,4001,304,403,4.23299611,41,AB,1,0,0,1,1,1,0,1,1,1,1,1,1,1,1,1
VI-165,207,207,4601,4601,102,102,3.872738827,181,AB,1,1,1,1,0,0,0,1,1,1,1,1,0,0,1,1
VI-166,206,3201,1525,3501,401,702,5.725911632,9,AB,1,1,1,1,1,1,0,1,1,1,1,1,0,0,1,1
VI-167,203,2901,705,4001,702,1505,6.201397124,53,AA,1,0,0,1,0,0,0,1,1,1,1,1,0,0,1,1
VI-168,201,1101,1301,1535,304,702,3.413299764,654,AA,1,0,0,1,0,0,0,1,1,1,1,1,0,0,1,1
VI-173,207,3303,4403,4601,102,701,4.440909082,490,AA,1,0,0,1,0,0,0,1,1,1,1,1,0,0,1,1
VI-174,1101,2410,1502,5604,702,801,1.937016107,893,BB,1,0,0,1,1,1,1,1,1,1,1,0,1,1,0,1
VI-176,2402,2402,1502,5502,303,801,6.193124598,43,AA,1,0,0,1,0,0,0,1,1,1,1,1,0,0,1,1
VI-177,1102,3401,1521,3901,403,702,5.204119983,395,AA,1,0,0,1,0,0,0,1,1,1,1,1,0,0,1,1
VI-178,203,1101,3802,3802,702,702,4.250420002,483,AA,1,0,0,1,0,0,0,1,1,1,1,1,0,0,1,1
VI-179,1101,3303,1535,5801,302,702,4.136720567,634,AB,1,1,1,1,0,0,0,1,1,1,1,1,0,0,1,1
VI-180,203,203,3802,3901,702,702,5.828015064,272,AA,1,0,0,1,0,0,0,1,1,1,1,1,0,0,1,1
VI-182,1101,2901,705,4601,102,1505,4.960470778,140,AA,1,0,0,1,0,0,0,1,1,1,1,1,0,0,1,1
VI-183,1101,2402,1502,4601,102,801,3.867467488,678,AA,1,0,0,1,0,0,0,1,1,1,1,1,0,0,1,1
VI-184,201,1101,1502,3501,303,801,3.959041392,148,AA,1,0,0,1,0,0,0,1,1,1,1,1,0,0,1,1
VI-186,207,2402,4601,4601,102,702,2.781036939,251,AA,1,0,0,1,0,0,0,1,1,1,1,1,0,0,1,1
VI-187,206,301,1502,4403,701,801,4.187520721,565,AB,1,0,0,1,1,1,0,1,1,1,1,1,1,1,1,1
VI-188,1101,2402,1525,4001,403,702,4.283301229,178,BB,1,0,0,1,1,1,1,1,1,1,1,0,1,1,0,1
VI-189,201,2901,705,1512,303,1505,6.390935107,2,AB,1,1,1,1,1,0,1,1,1,1,1,1,1,1,1,1
VI-190,1101,1101,1502,1512,303,801,4.721810615,186,AA,1,0,0,1,0,0,0,1,1,1,1,1,0,0,1,1
VI-191,206,1101,1502,4001,702,801,3.809559715,485,AB,1,0,0,1,1,1,0,1,1,1,1,1,1,1,1,1
VI-192,1101,2402,1502,4601,102,1402,3.959994838,211,AA,1,0,0,1,0,0,0,1,1,1,1,1,0,0,1,1
VI-193,2901,3303,705,5801,302,1505,3.763427994,501,AB,1,1,1,1,1,0,1,1,1,1,1,1,1,1,1,1
VI-194,1101,2403,1502,1525,403,801,4.33243846,352,AB,1,1,1,1,0,0,0,1,1,1,1,1,0,0,1,1
VI-195,1101,2402,1502,1525,702,801,5.638489257,8,AB,1,0,0,1,1,0,1,1,1,1,1,1,1,1,1,1
VI-196,1101,3303,5504,5801,302,303,1.880241776,392,AA,1,0,0,1,0,0,0,1,1,1,1,1,0,0,1,1
VI-197,207,1101,1502,4601,102,801,3.681241237,636,AA,1,0,0,1,0,0,0,1,1,1,1,1,0,0,1,1
VI-200,2601,3303,5201,5801,302,702,4.699837726,620,AB,1,1,1,1,1,1,0,1,1,1,1,1,0,1,1,1
VI-201,101,203,705,5701,602,1505,4.478566496,15,AA,1,0,0,1,0,0,0,1,1,1,1,1,0,0,1,1
VI-202,201,3303,705,5101,1402,1505,5.123851641,18,AA,1,0,0,1,0,0,0,1,1,1,1,1,0,0,1,1
VI-204,1101,2901,705,1527,401,1505,4.665580991,18,AA,1,0,0,1,0,0,0,1,1,1,1,1,0,0,1,1
VI-205,1101,3303,1502,4403,701,801,4.991669007,22,AB,1,0,0,1,1,1,0,1,1,1,1,1,1,1,1,1
VI-206,207,1101,1521,4601,102,403,5.547774705,63,AA,1,0,0,1,0,0,0,1,1,1,1,1,0,0,1,1
VI-207,101,2601,5701,5801,302,602,4.041392685,655,AB,1,1,1,1,1,1,1,1,1,1,1,1,1,1,1,1
VI-208,1101,3303,1525,5801,302,702,5.204119983,446,AA,1,0,0,1,0,0,0,1,1,1,1,1,0,0,1,1
VI-209,1102,3303,4001,5801,302,304,4.45484486,72,AB,1,1,1,1,0,0,0,1,1,1,1,1,0,0,1,1
VI-210,207,2402,4601,5401,102,102,5.718501689,293,AB,1,1,1,1,1,0,1,1,1,1,1,1,1,1,1,1
VI-212,2402,3303,2704,5502,801,1202,4.741151599,325,AA,1,0,0,1,0,0,0,1,1,1,1,1,0,0,1,1
VI-213,206,1102,2704,4006,801,1202,4.5132176,364,AB,1,0,0,1,1,0,1,1,1,1,1,1,1,1,1,1
VI-214,203,3303,1502,3802,303,801,4.872156273,472,AB,1,1,1,1,1,1,0,1,1,1,1,1,1,1,1,1
VI-215,211,1101,3701,5101,602,1402,4.250420002,207,AA,1,0,0,1,0,0,0,1,1,1,1,1,0,0,1,1
VI-217,1101,6801,801,5801,302,702,4.29666519,559,AB,1,1,1,1,1,0,1,1,1,1,1,1,1,1,1,1
VI-219,1101,3401,1512,5701,303,602,4.717670503,545,AA,1,0,0,1,0,0,0,1,1,1,1,1,0,0,1,1
VI-223,101,3303,4601,5801,102,302,5.469822016,354,AB,1,1,1,1,0,0,0,1,1,1,1,1,0,0,1,1
VI-224,2901,2901,705,1301,304,1505,5.309630167,22,AB,1,0,0,1,1,0,1,1,1,1,1,1,1,1,1,1
VI-225,1101,3303,4001,4601,102,304,4.694605199,174,AB,1,1,1,1,0,0,0,1,1,1,1,1,0,0,1,1
VI-226,203,2901,705,3802,702,1505,4.184691431,244,AB,1,1,1,1,1,1,1,1,1,1,1,1,1,1,1,1
VI-227,301,3303,3503,5801,302,1203,4.519827994,284,AB,1,1,1,1,1,0,1,1,1,1,1,1,1,1,1,1
VI-228,203,1101,3909,5602,406,702,4.838219222,367,AA,1,0,0,1,0,0,0,1,1,1,1,1,0,0,1,1
VI-229,2402,2901,705,1525,403,1505,3.053078443,54,AA,1,0,0,1,0,0,0,1,1,1,1,1,0,0,1,1
VI-230,207,1101,1525,4601,102,403,4.988558957,302,AA,1,0,0,1,0,0,0,1,1,1,1,1,0,0,1,1
VI-231,1101,2901,705,2704,1202,1505,3.390935107,213,AB,1,0,0,1,1,0,1,1,1,1,1,1,1,1,1,1
VI-232,1101,1101,1502,3802,702,801,5.587710965,154,AA,1,0,0,1,0,0,0,1,1,1,1,1,0,0,1,1
VI-233,2402,2402,1502,4601,102,801,3.857935265,104,AA,1,0,0,1,0,0,0,1,1,1,1,1,0,0,1,1
VI-234,3303,3303,3503,5801,302,1203,4.655138435,86,AB,1,1,1,1,1,1,0,1,1,1,1,1,0,1,1,1
VI-235,302,3303,1302,5801,302,602,3.416640507,689,AB,1,1,1,1,0,0,0,1,1,1,1,1,0,0,1,1
VI-236,207,2402,4601,5701,102,304,5.645422269,293,AB,1,1,1,1,1,1,1,1,1,1,1,1,1,1,1,1
VI-239,207,2901,705,4601,102,1505,3.764922985,386,AB,1,1,1,1,1,1,0,1,1,1,1,1,1,1,1,1
VI-240,207,2402,1301,4601,102,304,4.663700925,533,AB,1,1,1,1,1,1,0,1,1,1,1,1,1,1,1,1
VI-243,1101,1101,1502,3802,702,801,3.484299839,375,AB,1,0,0,1,1,1,0,1,1,1,1,1,1,1,1,1
VI-244,206,1102,1525,5101,403,1402,3.789580712,268,AB,1,1,1,1,0,0,0,1,1,1,1,1,0,0,1,1
VI-245,206,6802,1502,5001,602,801,5.133538908,24,AA,1,0,0,1,0,0,0,1,1,1,1,1,0,0,1,1
VI-248,2407,2901,705,5102,1402,1505,5.334453751,76,AB,1,0,0,1,1,0,1,1,1,1,1,1,1,1,1,1
VI-249,2901,3001,705,3802,702,1505,3.698100546,350,AB,1,1,1,0,1,1,0,1,1,1,1,1,1,0,1,1
VI-250,1101,3303,5401,5801,102,302,3.857332496,300,AA,1,0,0,1,0,0,0,1,1,1,1,1,0,0,1,1
VI-251,1101,3303,1301,5801,302,304,5.86332286,41,AB,1,0,0,1,1,0,1,1,1,1,1,1,1,1,1,1
VI-252,1101,2901,705,3802,702,1505,6.021189299,211,AA,1,0,0,1,0,0,0,1,1,1,1,1,0,0,1,1
VI-253,3303,3303,4403,5801,302,701,4.610660163,163,AA,1,0,0,1,0,0,0,1,1,1,1,1,0,0,1,1
VI-254,2601,3303,5201,5801,302,702,4.45484486,422,AA,1,0,0,1,0,0,0,1,1,1,1,1,0,0,1,1
VI-255,203,1101,705,3802,702,702,3.781755375,389,AB,1,1,1,1,1,0,1,1,1,1,1,1,1,1,1,1
VI-256,1101,1102,1525,3901,702,702,4.06069784,389,AB,1,0,0,1,1,0,1,1,1,1,1,1,1,1,1,1
VI-257,203,3303,3802,5801,302,702,4.071882007,350,AB,1,0,0,1,1,0,1,1,1,1,1,1,1,1,1,1
VI-258,206,1101,1525,4001,403,702,3.460897843,459,AA,1,0,0,1,0,0,0,1,1,1,1,1,0,0,1,1
VI-259,1101,1101,1301,1801,406,704,1.946452265,735,AB,1,0,0,1,1,1,0,1,1,1,1,1,1,1,1,1
VI-260,2402,3303,1502,4403,701,801,3.830588669,276,AA,1,0,0,1,0,0,0,1,1,1,1,1,0,0,1,1
VI-261,2901,3303,1525,5801,302,403,4.973589623,460,AA,1,0,0,1,0,0,0,1,1,1,1,1,0,0,1,1
VI-262,1101,1101,713,1301,702,1202,5.012837225,463,AB,1,1,1,1,1,1,0,1,1,1,1,1,1,1,1,1
VI-264,207,1101,1502,5101,801,1402,4.184691431,496,BB,1,1,1,1,1,1,1,1,1,1,1,0,1,1,0,1
VI-265,207,207,4601,4601,102,102,5.164352856,362,AA,1,0,0,1,0,0,0,1,1,1,1,1,0,0,1,1
VI-266,203,3303,4001,5801,302,317,4.267171728,262,AB,1,1,1,1,1,1,0,1,1,1,1,1,1,1,1,1
VI-267,3101,3303,4001,5801,302,1202,3.654176542,303,AB,1,0,0,1,0,0,0,1,1,1,1,1,1,0,1,1
VI-268,1101,2402,1525,1525,403,702,3.910090546,294,AA,1,0,0,1,0,0,0,1,1,1,1,1,0,0,1,1
VI-269,1101,1101,705,1301,304,702,3.451786436,517,AB,1,0,0,1,1,0,1,1,1,1,1,1,1,1,1,1
VI-270,2402,2410,1301,1502,304,801,5.041392685,322,AB,1,1,1,1,0,0,1,1,1,1,1,1,0,0,1,1
VI-271,2601,3303,3802,5801,302,702,5.276461804,275,AB,1,0,0,1,1,0,1,1,1,1,1,1,1,1,1,1
VI-272,2402,6801,5201,5401,102,1202,3.549003262,451,AB,1,1,1,1,1,1,0,1,1,1,1,1,1,1,1,1
VI-273,101,3303,3701,4403,602,701,5.056904851,341,AA,1,0,0,1,0,0,0,1,1,1,1,1,0,0,1,1
VI-274,301,1102,1501,2705,202,304,4.815577748,602,AA,1,0,0,1,0,0,0,1,1,1,1,1,0,0,1,1
VI-275,206,2402,1502,5102,801,1502,4.894869657,391,AA,1,0,0,1,0,0,0,1,1,1,1,1,0,0,1,1
VI-276,2402,2402,1502,3802,702,801,5.274157849,180,AA,1,0,0,1,0,0,0,1,1,1,1,1,0,0,1,1
VI-277,206,3303,1502,4403,701,801,4.195899652,462,AA,1,0,0,1,0,0,0,1,1,1,1,1,0,0,1,1
VI-278,1101,2901,705,705,702,1505,4.686636269,197,AA,1,0,0,1,0,0,0,1,1,1,1,1,0,0,1,1
VI-279,203,2402,1502,1502,801,801,4.36361198,299,AB,1,1,1,1,0,0,0,1,1,1,1,1,0,0,1,1
VI-280,1101,3303,4001,5801,302,702,4.434568904,446,AB,1,0,0,1,1,1,0,1,1,1,1,1,1,1,1,1
VI-281,2402,2407,702,5101,702,1402,4.356025857,467,AA,1,0,0,1,0,0,0,1,1,1,1,1,0,0,1,1
VI-283,1101,2901,705,4601,102,1505,5.149219113,554,AB,1,0,0,1,1,1,0,1,1,1,1,1,1,1,1,1
VI-284,207,2402,4006,4601,102,801,3.357934847,311,AB,1,1,1,1,1,1,0,1,1,1,1,1,1,0,1,1
VI-285,2407,3101,3505,5701,102,401,4.206825876,546,AA,1,0,0,1,0,0,0,1,1,1,1,1,0,0,1,1
VI-286,1101,1104,3802,5102,702,1502,3.546542663,157,AA,1,0,0,1,0,0,0,1,1,1,1,1,0,0,1,1
VI-288,203,2402,4001,5102,304,1502,4.431363764,333,AB,1,0,0,1,1,0,1,1,1,1,1,1,1,1,1,1
VI-290,207,2402,1501,4601,102,303,5.271841607,181,AA,1,0,0,1,0,0,0,1,1,1,1,1,0,0,1,1
VI-292,207,207,4601,4601,102,102,4.482873584,179,AA,1,0,0,1,0,0,0,1,1,1,1,1,0,0,1,1
VI-293,1102,2402,5102,5401,102,1502,5.469822016,13,AA,1,0,0,1,0,0,0,1,1,1,1,1,0,0,1,1
VI-294,1101,1101,1525,3802,403,702,2.382017043,298,AA,1,0,0,1,0,0,0,1,1,1,1,1,0,0,1,1
VI-295,206,2402,1502,3501,303,801,4.017033339,223,AA,1,0,0,1,0,0,0,1,1,1,1,1,0,0,1,1
VI-296,1102,3303,4001,5801,302,702,3.303196057,307,AB,1,0,0,1,1,0,1,1,1,1,1,1,1,1,1,1
VI-297,1101,1101,1502,3802,702,801,5.1430148,381,AA,1,0,0,1,0,0,0,1,1,1,1,1,0,0,1,1
VI-299,203,206,1525,4001,403,403,3.880813592,109,AB,1,0,0,1,1,0,1,1,1,1,1,1,1,1,1,1
VI-300,1101,2601,1502,3802,702,801,5.053078443,206,AB,1,1,1,0,1,1,0,1,1,1,1,1,0,0,1,1
VI-301,1101,2407,3505,3802,401,702,4.068185862,75,AA,1,0,0,1,0,0,0,1,1,1,1,1,0,0,1,1
VI-303,206,207,1502,4601,102,801,2.158362492,357,AA,1,0,0,1,0,0,0,1,1,1,1,1,0,0,1,1
VI-304,2407,2901,705,3505,401,1505,4.546542663,88,AB,1,0,0,1,1,1,0,1,1,1,1,1,1,1,1,1
VI-305,207,2901,705,4601,102,1505,5.029383778,188,AB,1,1,1,1,1,1,0,1,1,1,1,1,0,0,1,1
VI-306,203,6801,3802,5101,702,1502,5.029383778,536,AA,1,0,0,1,0,0,0,1,1,1,1,1,0,0,1,1
VI-307,1101,2407,1301,1512,303,304,5.600972896,596,AA,1,0,0,1,0,0,0,1,1,1,1,1,0,0,1,1
VI-308,206,1101,1301,4003,304,702,4.045322979,361,AB,1,1,1,1,1,1,0,1,1,1,1,1,0,0,1,1
VI-309,207,1101,1502,4601,102,801,5.086359831,8,AA,1,0,0,1,0,0,0,1,1,1,1,1,0,0,1,1
VI-310,1101,1101,1502,3701,701,801,3.954724791,310,AB,1,0,0,1,1,1,0,1,1,1,1,1,1,1,1,1
VI-311,203,3101,1502,5201,801,1202,1.790285164,892,AB,1,0,0,1,1,1,0,1,1,1,1,1,1,1,1,1
VI-313,203,2901,705,705,1505,1505,4.933487288,9,AA,1,0,0,1,0,0,0,1,1,1,1,1,0,0,1,1
VI-314,203,1101,1502,4601,102,801,4.555094449,466,AB,1,0,0,1,1,0,1,1,1,1,1,1,1,1,1,1
VI-315,206,1101,4006,5602,102,801,4.390935107,344,AB,1,1,1,0,1,1,0,1,1,1,1,1,0,0,1,1
VI-316,1101,3303,3802,4403,701,702,4.760422483,374,AA,1,0,0,1,0,0,0,1,1,1,1,1,0,0,1,1
VI-318,203,3101,3503,5502,401,702,2.152288344,225,BB,1,1,1,0,1,1,1,1,1,1,1,0,1,1,0,1
VI-319,1101,3303,1502,4403,701,801,5.726727209,118,AB,1,0,0,1,1,1,0,1,1,1,1,1,1,1,1,1
VI-320,2601,3001,3802,4001,702,702,5.049218023,403,AB,1,0,0,1,1,0,1,1,1,1,1,1,1,1,1,1
VI-321,207,1101,1501,4601,102,401,3.935507266,612,AB,1,0,0,1,1,1,0,1,1,1,1,1,1,1,1,1
VI-325,1101,3303,4403,5101,701,1602,3.86923172,268,AA,1,0,0,1,0,0,0,1,1,1,1,1,0,0,1,1
VI-326,1101,1101,1525,3802,403,702,4.460897843,304,AB,1,1,1,1,1,1,0,1,1,1,1,1,0,0,1,1
VI-327,1101,1101,1525,3802,403,702,4.413299764,467,AB,1,1,1,1,1,0,1,1,1,1,1,1,1,1,1,1
VI-328,1101,2402,1502,3901,702,801,5.632457292,101,AA,1,0,0,1,0,0,0,1,1,1,1,1,0,0,1,1
VI-329,203,1102,2704,3802,702,1202,3.068185862,287,AA,1,0,0,1,0,0,0,1,1,1,1,1,0,0,1,1
VI-330,2410,3303,1525,4601,102,702,3.582063363,396,AA,1,0,0,1,0,0,0,1,1,1,1,1,0,0,1,1
VI-331,1101,1102,1525,2704,702,1202,4.700703717,304,AA,1,0,0,1,0,0,0,1,1,1,1,1,0,0,1,1
VI-332,207,1102,3802,5801,302,702,3.611723308,293,AA,1,0,0,1,0,0,0,1,1,1,1,1,0,0,1,1
VI-333,203,207,1502,4601,102,801,5.547774705,87,AA,1,0,0,1,0,0,0,1,1,1,1,1,0,0,1,1
VI-335,101,3303,1502,5801,302,801,4.728353782,171,AB,1,0,0,1,1,0,1,1,1,1,1,1,1,1,1,1
VI-336,1101,3101,1301,1502,304,801,2.849419414,338,AA,1,0,0,1,0,0,0,1,1,1,1,1,0,0,1,1
VI-337,1101,1101,1502,4601,102,801,4.376576957,117,AB,1,1,1,1,1,1,0,1,1,1,1,1,0,0,1,1
VI-338,203,3303,3802,5801,302,702,5.372912003,256,AB,1,1,1,1,0,0,0,1,1,1,1,1,0,0,1,1
VI-339,203,1102,3802,5502,1202,1203,3.737192643,440,AB,1,0,0,1,0,0,0,1,1,1,1,1,1,0,1,1
VI-340,1101,2407,1525,3802,403,702,5.029383778,21,AA,1,0,0,1,0,0,0,1,1,1,1,1,0,0,1,1
VI-341,2402,2402,1501,1501,303,702,4.303196057,324,BB,1,1,1,1,1,0,1,1,1,1,1,0,1,1,0,1
VI-342,1101,3303,1301,1512,303,304,2.848189117,470,AB,1,0,0,1,1,0,1,1,1,1,1,1,1,1,1,1
VI-344,201,1101,1502,4001,304,801,4.344392274,385,AA,1,0,0,1,0,0,0,1,1,1,1,1,0,0,1,1
VI-345,201,1101,1502,4001,304,801,5.700703717,39,AA,1,0,0,1,0,0,0,1,1,1,1,1,0,0,1,1
VI-346,203,203,1801,4001,403,704,2.608526034,676,AB,1,1,1,1,1,0,1,1,1,1,1,1,1,1,1,1
VI-347,2901,2901,705,705,1505,1505,5.100370545,194,AA,1,0,0,1,0,0,0,1,1,1,1,1,0,0,1,1
VI-349,101,2407,705,3701,602,702,5.324282455,293,AA,1,0,0,1,0,0,0,1,1,1,1,1,0,0,1,1
VI-350,1101,1101,3802,3802,702,702,3.625312451,480,AB,1,1,1,1,1,1,0,1,1,1,1,1,1,1,1,1
VI-351,207,2407,3505,4601,102,401,5.324282455,16,AB,1,1,1,1,1,1,1,1,1,1,1,1,1,1,1,1
VI-352,1102,3101,5102,5502,1203,1502,5.929418926,9,AB,1,1,1,1,0,0,0,1,1,1,1,1,0,0,1,1
VI-353,2402,2901,705,4601,102,1505,4.472756449,281,AB,1,0,0,1,1,0,1,1,1,1,1,1,1,1,1,1
VI-354,1101,2901,705,3802,702,1505,3.857935265,333,AA,1,0,0,1,0,0,0,1,1,1,1,1,0,0,1,1
VI-355,203,301,3801,3802,702,1203,3.936513742,89,AB,1,1,1,0,1,1,0,1,1,1,1,1,0,1,1,1
VI-356,3101,3303,1525,5801,302,403,4.499687083,326,AA,1,0,0,1,0,0,0,1,1,1,1,1,0,0,1,1
VI-357,207,3303,4601,5801,102,302,4.158362492,618,AB,1,0,0,1,1,1,0,1,1,1,1,1,1,1,1,1
VI-359,206,1101,1301,4001,304,304,4.093421685,335,AB,1,1,1,1,0,0,0,1,1,1,1,1,0,0,1,1
VI-360,207,2402,4001,5502,304,702,3.64246452,372,AB,1,0,0,1,1,1,0,1,1,1,1,0,1,1,1,1
VI-361,101,2402,1502,5701,602,801,5.206825876,35,AA,1,0,0,1,0,0,0,1,1,1,1,1,0,0,1,1
VI-362,207,2402,4601,4803,102,801,4.537819095,295,AB,1,1,1,1,0,0,0,1,1,1,1,1,0,0,1,1
VI-363,2402,3303,4001,5801,302,702,4.139879086,251,AB,1,0,0,1,0,0,0,1,1,1,1,1,1,0,1,1
VI-364,206,1101,1502,5502,102,801,4.994756945,10,AB,1,1,1,1,0,0,0,1,1,1,1,1,0,0,1,1
VI-365,1101,2901,1301,1502,304,801,5.041392685,430,AB,1,0,0,1,1,1,0,1,1,1,1,1,1,1,1,1
VI-366,2407,3101,3501,3505,401,401,4.670245853,516,AB,1,0,0,1,1,0,1,1,1,1,1,1,1,1,1,1
VI-367,1101,3303,4001,5801,302,304,5.176091259,229,AA,1,0,0,1,0,0,0,1,1,1,1,1,0,0,1,1
VI-369,2901,2901,705,705,1505,1505,4.838849091,186,AB,1,1,1,1,1,1,0,1,1,1,1,1,1,0,1,1
VI-371,206,1101,705,1502,801,1505,3.086359831,1120,AB,1,1,1,1,1,1,1,1,1,1,1,1,1,1,1,1
VI-373,1101,2402,1502,1511,303,801,4.853698212,226,AB,1,1,1,1,1,0,1,1,1,1,1,1,1,0,1,1
VI-374,201,2601,4001,4601,303,702,4.193124598,747,AA,1,0,0,1,0,0,0,1,1,1,1,1,0,0,1,1
VI-375,1101,3303,4601,5801,102,302,4.413299764,433,AB,1,0,0,1,0,1,0,1,1,1,1,1,1,0,1,1
VI-376,1101,1101,3802,4601,702,801,4.541579244,404,AB,1,0,0,1,1,0,0,1,1,1,1,1,0,1,1,1
VI-377,207,2901,1502,4601,102,801,4.567026366,29,AA,1,0,0,1,0,0,0,1,1,1,1,1,0,0,1,1
VI-378,1101,3303,1502,3503,401,801,4.827369273,234,AA,1,0,0,1,0,0,0,1,1,1,1,1,0,0,1,1
VI-380,207,3001,1302,4601,102,602,3.209515015,542,AB,1,1,1,1,0,0,0,1,1,1,1,1,0,0,1,1
VI-381,1101,2601,3501,3505,304,401,4.883661435,237,AB,1,0,0,1,1,0,1,1,1,1,1,1,1,1,1,1
VI-382,1101,2402,4601,5201,102,1202,4.071882007,626,AB,1,1,1,0,1,1,0,1,1,1,1,1,1,1,1,1
VI-384,207,2901,705,1512,303,1505,4.187520721,534,AA,1,0,0,1,0,0,0,1,1,1,1,1,0,0,1,1
VI-385,1101,2407,1301,4601,102,304,4.176091259,420,AA,1,0,0,1,0,0,0,1,1,1,1,1,0,0,1,1
VI-386,203,1101,1502,4601,102,801,2.851258349,206,AA,1,0,0,1,0,0,0,1,1,1,1,1,0,0,1,1
VI-388,207,1101,1301,1512,303,304,4.760422483,294,AA,1,0,0,1,0,0,0,1,1,1,1,1,0,0,1,1
VI-389,203,2410,4001,5401,102,702,4.451786436,478,AB,1,1,1,1,1,0,1,1,1,1,1,1,1,1,1,1
VI-390,207,3303,4601,5801,102,302,4.488550717,432,AB,1,1,1,1,1,1,1,1,1,1,1,1,1,1,1,1
VI-391,201,1101,1301,1502,304,801,4.85672889,43,AA,1,0,0,1,0,0,0,1,1,1,1,1,0,0,1,1
VI-392,1101,1101,3901,4001,304,702,4.238046103,235,AB,1,0,0,1,1,1,0,1,1,1,1,1,1,1,1,1
VI-393,2402,3303,5601,5801,102,302,4.719331287,396,AB,1,1,1,1,1,1,0,1,1,1,1,1,0,1,1,1
VI-394,2402,2901,705,4601,102,1505,2.858537198,172,AB,1,0,0,1,1,1,0,1,1,1,1,1,1,1,1,1
VI-395,201,6801,801,1511,303,702,3.117271296,269,BB,1,1,1,1,1,0,1,1,1,1,1,0,1,1,0,1
VI-399,1101,3303,1502,4403,701,801,4.649334859,96,AA,1,0,0,1,0,0,0,1,1,1,1,1,0,0,1,1
VI-400,1101,2901,705,5101,702,1402,3.707570176,515,BB,1,0,0,1,1,1,1,1,1,1,1,0,1,1,0,1
VI-401,207,2407,1502,3505,401,801,5.053078443,407,AA,1,0,0,1,0,0,0,1,1,1,1,1,0,0,1,1
VI-402,203,207,4001,4601,102,304,2.854306042,288,AB,1,1,1,1,1,0,1,1,1,1,1,1,0,1,1,1
VI-403,207,207,4601,4601,102,102,5.442479769,188,BB,1,1,1,0,1,0,1,0,0,0,1,0,1,1,0,1
VI-404,301,2901,702,705,702,1505,4.640481437,230,AA,1,0,0,1,0,0,0,1,1,1,1,1,0,0,1,1
VI-405,1101,2407,1512,3505,303,401,4.907411361,192,BB,1,1,1,1,1,1,1,1,1,1,1,0,1,1,0,1
VI-407,1101,3101,1502,5102,801,1502,4.733197265,389,AA,1,0,0,1,0,0,0,1,1,1,1,1,0,0,1,1
VI-409,101,3303,5701,5801,302,602,3.413299764,479,AB,1,1,1,1,1,0,1,1,1,1,1,1,0,1,1,1
VI-410,201,2402,1512,4001,303,702,5.096910013,439,AB,1,1,1,1,1,0,1,1,1,1,1,1,1,1,1,1
VI-411,203,3303,5502,5801,302,1203,4.944975908,100,AA,1,0,0,1,0,0,0,1,1,1,1,1,0,0,1,1
VI-413,101,2403,1301,4403,304,701,5.123851641,58,AB,1,1,1,0,1,1,1,1,1,1,1,1,1,1,1,1
VI-415,1101,2601,705,1301,304,702,5.10720997,4,AA,1,0,0,1,0,0,0,1,1,1,1,1,0,0,1,1
VI-416,2403,2407,1525,3505,401,403,2.887054378,333,AB,1,1,1,1,1,1,0,1,1,1,1,1,1,1,1,1
VI-417,1101,1101,1525,2706,304,403,3.84260924,229,AB,1,1,1,1,1,1,0,1,1,1,1,1,0,1,1,1
VI-418,1101,2402,3901,4803,702,801,4.729974286,26,AA,1,0,0,1,0,0,0,1,1,1,1,1,0,0,1,1
VI-419,203,1101,2706,5502,102,801,5.123851641,14,AA,1,0,0,1,0,0,0,1,1,1,1,1,0,0,1,1
VI-420,201,3303,5101,5801,302,1502,3.017033339,450,AB,1,1,1,1,1,0,1,1,1,1,1,1,0,1,1,1
VI-421,1101,3303,1301,5801,302,304,4.857332496,111,AA,1,0,0,1,0,0,0,1,1,1,1,1,0,0,1,1
VI-422,3303,3303,801,5801,302,702,4.120573931,227,AB,1,1,1,1,1,0,1,1,1,1,1,1,1,1,1,1
VI-423,207,3303,3701,5801,302,602,4.572871602,278,BB,1,0,0,1,1,1,0,1,1,1,1,0,1,1,0,1
VI-424,203,3303,1502,4601,102,801,3.746634199,261,AA,1,0,0,1,0,0,0,1,1,1,1,1,0,0,1,1
VI-425,203,6801,801,4001,304,702,4.049218023,332,AB,1,1,1,1,0,0,0,1,1,1,1,1,0,0,1,1
VI-427,203,1101,1301,4601,102,304,4.664641976,251,AB,1,0,0,1,1,0,1,1,1,1,1,1,1,1,1,1
VI-428,1101,3001,1302,1502,602,801,4.542825427,461,AA,1,0,0,1,0,0,0,1,1,1,1,1,0,0,1,1
VI-429,1101,3303,705,3802,702,702,5.170261715,123,AA,1,0,0,1,0,0,0,1,1,1,1,1,0,0,1,1
VI-430,203,1101,1301,1525,304,403,4.136720567,393,AB,1,1,1,0,1,0,0,1,1,1,1,1,1,1,1,1
VI-431,1101,1101,1502,3802,702,801,4.252853031,258,AA,1,0,0,1,0,0,0,1,1,1,1,1,0,0,1,1
VI-432,203,1101,3802,3802,702,702,4.719331287,287,AB,1,1,1,1,0,0,0,1,1,1,1,1,0,0,1,1
VI-433,203,2901,705,4601,102,1505,5.274157849,89,AB,1,1,1,1,1,0,0,1,1,1,1,1,1,1,1,1
VI-434,2402,2901,1502,4803,801,801,4.901458321,5,AB,1,1,1,1,1,0,1,1,1,1,1,1,1,1,1,1
VI-435,207,1101,1502,4601,102,801,4.064457989,184,AA,1,0,0,1,0,0,0,1,1,1,1,1,0,0,1,1
VI-436,203,1102,1502,1525,702,801,4.5132176,468,AB,1,1,1,1,1,0,1,1,1,1,1,1,1,1,1,1
VI-437,1101,3303,4006,5502,102,302,4.555094449,176,AB,1,1,1,1,1,0,1,1,1,1,1,1,1,1,1,1
VI-438,206,1101,1502,5401,102,801,3.698100546,359,AA,1,0,0,1,0,0,0,1,1,1,1,1,0,0,1,1
VI-439,207,3001,1510,4601,102,304,3.408239965,455,AA,1,0,0,1,0,0,0,1,1,1,1,1,0,0,1,1
VI-440,2601,3001,1501,4601,102,1202,3.522444234,306,AB,1,0,0,1,1,0,0,1,1,1,1,1,1,1,1,1
VI-441,2901,3303,705,1301,304,1505,3.909020854,327,AA,1,0,0,1,0,0,0,1,1,1,1,1,0,0,1,1
VI-443,2407,3303,1302,5801,302,602,5.346352974,4,AB,1,0,0,1,1,0,1,1,1,1,1,1,1,1,1,1
VI-444,207,3303,4601,5801,102,302,3.225309282,364,AA,1,0,0,1,0,0,0,1,1,1,1,1,0,0,1,1
VI-445,1101,2601,3802,3802,702,702,4.818885415,219,AA,1,0,0,1,0,0,0,1,1,1,1,1,0,0,1,1
VI-446,1101,2407,3505,4601,102,401,4.301029996,335,AA,1,0,0,1,0,0,0,1,1,1,1,1,0,0,1,1
VI-447,201,1101,1502,5801,302,801,4.498310554,45,AB,1,1,1,1,1,1,0,1,1,1,1,1,1,1,1,1
VI-448,207,1101,1301,4002,702,1202,3.888740961,429,AB,1,1,1,1,1,0,1,1,1,1,1,1,1,1,1,1
VI-449,201,203,1301,1801,304,704,3.586587305,201,AA,1,0,0,1,0,0,0,1,1,1,1,1,0,0,1,1
VI-450,207,1101,4601,5502,102,1203,4.491361694,280,AB,1,0,0,1,0,0,0,1,1,1,1,1,1,0,1,1
VI-451,203,1101,1502,5101,801,1402,4.978180517,114,AB,1,1,1,1,1,1,0,1,1,1,1,1,1,1,1,1
VI-452,101,3303,4601,5701,102,602,4.127104798,458,AA,1,0,0,1,0,0,0,1,1,1,1,1,0,0,1,1
VI-453,1101,3303,1525,5801,302,403,4.489958479,251,AA,1,0,0,1,0,0,0,1,1,1,1,1,0,0,1,1
VI-454,207,3303,3802,5801,302,702,4.240549248,335,AA,1,0,0,1,0,0,0,1,1,1,1,1,0,0,1,1
VI-455,203,3303,4601,5801,102,302,4.586587305,405,AA,1,0,0,1,0,0,0,1,1,1,1,1,0,0,1,1
VI-456,1102,3303,1502,4403,701,801,4.722633923,273,AB,1,1,1,1,0,0,0,1,1,1,1,1,0,0,1,1
VI-457,101,301,3505,5701,401,602,3.225309282,409,AB,1,1,1,1,1,0,1,1,1,1,1,1,1,1,1,1
VI-458,1101,1101,1301,5502,403,406,4.925827575,230,AB,1,1,1,1,1,1,0,1,1,1,1,1,1,1,1,1
VI-459,206,207,4006,4601,102,801,3.285557309,229,BB,1,0,0,1,1,0,1,1,1,1,1,0,1,1,0,1
VI-460,207,1101,1301,4601,102,403,5.372912003,27,AA,1,0,0,1,0,0,0,1,1,1,1,1,0,0,1,1
VI-464,1101,1101,5101,5502,1203,1402,3.612783857,473,AB,1,0,0,1,1,0,1,1,1,1,1,1,1,1,1,1
VI-465,101,1101,1525,5701,602,702,5.63447727,36,AA,1,0,0,1,0,0,0,1,1,1,1,1,0,0,1,1
VI-466,1101,2402,1511,3802,303,702,5.401400541,205,AA,1,0,0,1,0,0,0,1,1,1,1,1,0,0,1,1
VI-467,101,2901,705,3701,602,1505,6.103803721,328,AB,1,1,1,1,0,0,0,1,1,1,1,1,0,0,1,1
VI-468,1101,1101,1502,1502,801,801,4.152288344,22,AA,1,0,0,1,0,0,0,1,1,1,1,1,0,0,1,1
VI-469,203,2901,705,3802,702,1505,5.11058971,186,AB,1,0,0,1,1,0,1,1,1,1,1,1,1,1,1,1
VI-470,206,3303,1525,4403,403,701,4.772321707,215,AB,1,1,1,1,0,0,0,1,1,1,1,1,0,0,1,1
VI-471,1102,2901,702,1525,702,702,3.846955325,341,AA,1,0,0,1,0,0,0,1,1,1,1,1,0,0,1,1
VI-472,2901,3101,702,3802,702,702,4.925827575,233,AA,1,0,0,1,0,0,0,1,1,1,1,1,0,0,1,1
VI-473,2901,3303,705,5801,302,1505,4.752048448,180,AB,1,0,0,1,1,0,1,1,1,1,1,1,1,1,1,1
VI-474,2420,3303,4403,4601,102,701,4.552668216,480,AA,1,0,0,1,0,0,0,1,1,1,1,1,0,0,1,1
VI-475,2402,3401,1512,5701,303,602,2.904715545,713,AB,1,0,0,1,1,1,0,1,1,1,1,1,1,1,1,1
VI-476,1101,1101,1502,3701,801,801,5.117271296,94,AB,1,1,1,1,0,1,0,1,1,1,1,1,0,0,1,1
VI-477,206,2402,1301,5201,702,1402,4.136720567,260,AA,1,0,0,1,0,0,0,1,1,1,1,1,0,0,1,1
VI-478,1101,2901,705,1502,801,1505,5.338456494,709,AB,1,1,1,1,0,0,0,1,1,1,1,1,0,0,1,1
VI-479,2901,2901,705,705,1505,1505,5.230448921,420,AB,1,0,0,1,1,0,1,1,1,1,1,1,1,1,1,1
VI-480,207,3303,4601,5801,102,302,4.311753861,647,AA,1,0,0,1,0,0,0,1,1,1,1,1,0,0,1,1
VI-481,1101,2402,1502,1518,704,801,4.611723308,17,AA,1,0,0,1,0,0,0,1,1,1,1,1,0,0,1,1
VI-484,206,2402,1502,5401,102,801,4.537819095,579,AB,1,1,1,0,1,0,1,0,0,0,1,1,1,1,1,1
VI-486,1101,3401,1301,1502,406,801,5.494154594,15,AB,1,1,1,1,1,1,1,1,1,1,1,1,1,1,1,1
VI-488,2402,3303,4403,4601,102,701,3.984527313,672,AA,1,0,0,1,0,0,0,1,1,1,1,1,0,0,1,1
VI-495,1101,2402,1502,4001,304,801,5.69019608,231,BB,1,1,1,1,1,0,1,1,1,1,1,0,1,1,0,1
VI-499,207,1101,1301,3901,304,702,4.701567985,218,AB,1,0,0,1,1,1,0,1,1,1,1,1,1,1,1,1
VI-500,2407,3303,3505,5801,302,401,4.954242509,95,AA,1,0,0,1,0,0,0,1,1,1,1,1,0,0,1,1
VI-502,207,3303,4601,5801,102,302,4.551449998,410,AB,1,1,1,1,0,0,0,1,1,1,1,1,0,0,1,1
VI-504,1101,3303,5101,5801,302,1402,3.276461804,614,AA,1,0,0,1,0,0,0,1,1,1,1,1,0,0,1,1
VI-505,201,2407,3901,5201,702,702,4.57054294,670,AB,1,0,0,1,1,1,0,1,1,1,1,1,1,1,1,1
VI-506,207,3303,4601,5801,102,302,4.829946696,447,BB,1,0,0,1,1,1,1,1,1,1,1,0,1,1,0,1
VI-508,203,3303,4403,5502,701,1203,4.959041392,68,AB,1,1,1,1,1,1,0,1,1,1,1,1,0,0,1,1
VI-510,1101,1101,1502,4601,102,801,5.673020907,202,AB,1,1,1,1,0,0,0,1,1,1,1,1,0,0,1,1
VI-511,207,2601,705,4601,102,1505,4.31386722,204,AA,1,0,0,1,0,0,0,1,1,1,1,1,0,0,1,1
VI-513,1101,3101,5101,5401,102,1502,5.29666519,243,AB,1,1,1,1,0,0,0,1,1,1,1,1,0,0,1,1
VI-514,1101,2402,5601,5801,102,302,4.664641976,350,AB,1,0,0,1,1,1,0,1,1,1,1,1,1,1,1,1
VI-515,207,2402,705,1502,801,1505,5.818225894,134,AB,1,0,0,1,1,0,1,1,1,1,1,1,1,1,1,1
VI-518,101,207,5101,5701,602,1402,4.919601024,51,AB,1,1,1,1,1,1,0,1,1,1,1,1,0,0,1,1
VI-520,1101,3001,702,1502,702,801,4.923244019,129,AB,1,1,1,0,1,1,1,1,1,1,1,1,1,1,1,1
VI-522,1101,2402,1502,1525,403,801,3.975431809,235,AB,1,0,0,1,1,0,1,1,1,1,1,1,1,1,1,1
VI-523,201,2601,1525,3802,702,1502,4.665580991,198,AA,1,0,0,1,0,0,0,1,1,1,1,1,0,0,1,1
VI-524,201,1101,1301,1502,304,801,4.983626287,249,AA,1,0,0,1,0,0,0,1,1,1,1,1,0,0,1,1
VI-525,203,2601,5201,5401,102,1202,4.582063363,403,AA,1,0,0,1,0,0,0,1,1,1,1,1,0,0,1,1
VI-526,1101,2601,1502,3802,702,801,5.974511693,224,AB,1,1,1,1,1,0,1,1,1,1,1,1,1,1,1,1
VI-527,101,1101,5101,5701,602,1402,4.82672252,248,AA,1,0,0,1,0,0,0,1,1,1,1,1,0,0,1,1
VI-528,1101,3303,3901,5801,302,702,4.627365857,326,AA,1,0,0,1,0,0,0,1,1,1,1,1,0,0,1,1
VI-529,203,2402,1525,5401,102,702,4.824776462,175,AB,1,0,0,1,1,0,1,1,1,1,1,1,1,1,1,1
VI-530,1101,2901,705,3802,702,1505,5.499687083,47,AA,1,0,0,1,0,0,0,1,1,1,1,1,0,0,1,1
VI-531,206,207,4601,4803,102,801,4.204119983,518,AA,1,0,0,1,0,0,0,1,1,1,1,1,0,0,1,1
VI-532,101,2407,3505,5201,401,1202,4.294466226,231,AB,1,1,1,1,1,0,1,1,1,1,1,1,1,1,1,1
VI-533,1101,7401,4006,5101,801,1402,5.193124598,480,AB,1,1,1,1,1,1,1,1,1,1,1,1,1,1,1,1
VI-534,207,2901,705,5701,602,1505,4.888179494,122,AB,1,1,1,1,1,0,1,1,1,1,1,1,1,1,1,1
VI-535,206,1101,1301,4002,304,1502,4.245512668,186,AA,1,0,0,1,0,0,0,1,1,1,1,1,0,0,1,1
VI-536,1101,1101,1525,1525,403,702,4.117271296,526,AA,1,0,0,1,0,0,0,1,1,1,1,1,0,0,1,1
VI-538,2402,2407,1502,3505,401,801,4.892094603,218,AB,1,0,0,1,1,0,1,1,1,1,1,1,1,1,1,1
VI-539,1101,2402,705,1518,702,702,3.621176282,328,AA,1,0,0,1,0,0,0,1,1,1,1,1,0,0,1,1
VI-540,3001,3303,702,5801,302,702,4.093421685,865,AB,1,0,0,1,1,0,1,1,1,1,1,1,1,1,1,1
VI-541,1101,3303,2706,4403,304,701,3.588831726,233,AB,1,1,1,1,1,0,1,1,1,1,1,1,1,1,1,1
VI-542,207,2901,705,3802,702,1505,4.161368002,284,AB,1,0,0,1,1,1,0,1,1,1,1,1,1,1,1,1
VI-543,1101,2402,1525,1801,303,403,5.260071388,6,AB,1,1,1,1,0,0,0,1,1,1,1,1,0,0,1,1
VI-544,3303,3303,1502,5801,302,801,4.887054378,75,AA,1,0,0,1,0,0,0,1,1,1,1,1,0,0,1,1
VI-545,203,3303,2706,4001,303,304,5.639486489,266,AB,1,0,0,1,1,0,1,1,1,1,1,1,1,1,1,1
VI-546,203,1101,1301,1502,304,801,4.905256049,51,AB,1,0,0,1,1,0,1,1,1,1,1,1,1,1,1,1
VI-547,207,1101,3505,4601,102,401,5.281033367,393,AA,1,0,0,1,0,0,0,1,1,1,1,1,0,0,1,1
VI-548,207,2901,705,4601,102,1505,5.096910013,282,AA,1,0,0,1,0,0,0,1,1,1,1,1,0,0,1,1
VI-549,1101,2407,1301,1502,304,801,4.755874856,318,AA,1,0,0,1,0,0,0,1,1,1,1,1,0,0,1,1
VI-550,101,1101,5502,5701,602,1502,5.1430148,176,AA,1,0,0,1,0,0,0,1,1,1,1,1,0,0,1,1
VI-551,2402,3303,4001,4403,701,1502,5.206825876,182,AB,1,1,1,1,1,0,1,1,1,1,1,1,0,1,1,1
VI-552,203,2402,3802,5401,102,702,6.123851641,329,AA,1,0,0,1,0,0,0,1,1,1,1,1,0,0,1,1
VI-553,1101,3303,3802,5801,302,702,4.36361198,306,AA,1,0,0,1,0,0,0,1,1,1,1,1,0,0,1,1
VI-554,2407,3001,1502,4001,303,801,4.983175072,132,AA,1,0,0,1,0,0,0,1,1,1,1,1,0,0,1,1
VI-555,301,6801,5201,5601,1202,1202,4.290034611,551,AA,1,0,0,1,0,0,0,1,1,1,1,1,0,0,1,1
VI-556,203,2407,1512,2706,303,304,5.916980047,46,BB,1,0,0,1,1,1,1,1,1,1,1,0,1,1,0,1
VI-558,203,203,1502,1801,704,801,4.344392274,346,AB,1,0,0,1,1,0,1,1,1,1,1,1,1,1,1,1
VI-559,203,207,3802,4601,102,702,5.053078443,130,AA,1,0,0,1,0,0,0,1,1,1,1,1,0,0,1,1
VI-560,1101,3303,1502,5801,302,801,5.69019608,339,AB,1,1,1,1,1,0,1,1,1,1,1,1,1,1,1,1
VI-562,206,3303,5502,5801,102,302,5.348304863,321,AB,1,1,1,1,0,0,0,1,1,1,1,1,0,0,1,1
VI-563,207,2403,2706,4601,102,702,3.11058971,662,AB,1,1,1,1,1,1,0,1,1,1,1,1,1,0,1,1
VI-564,101,203,5102,5701,602,1502,4.431363764,595,AA,1,0,0,1,0,0,0,1,1,1,1,1,0,0,1,1
VI-565,203,206,1301,4001,303,304,4.975891136,257,AA,1,0,0,1,0,0,0,1,1,1,1,1,0,0,1,1
VI-566,206,2901,705,1525,702,1505,6.517195898,89,BB,1,1,1,1,1,0,1,1,1,1,1,0,1,1,0,1
VI-567,207,2402,1502,4601,102,801,4.723455672,269,AA,1,0,0,1,0,0,0,1,1,1,1,1,0,0,1,1
VI-568,207,3303,4601,5801,102,302,4.403120521,665,AA,1,0,0,1,0,0,0,1,1,1,1,1,0,0,1,1
VI-569,2601,3303,1502,5801,302,801,4.278753601,403,AB,1,0,0,1,1,0,1,1,1,1,1,1,1,1,1,1
VI-570,203,207,3802,5502,403,702,5.88592634,241,AB,1,1,1,1,0,1,0,1,1,1,1,1,0,0,1,1
VI-571,2901,7401,705,3802,702,1505,4.830588669,262,AA,1,0,0,1,0,0,0,1,1,1,1,1,0,0,1,1
VI-572,207,1101,1502,1512,303,801,4.69019608,134,AA,1,0,0,1,0,0,0,1,1,1,1,1,0,0,1,1
VI-573,1101,2402,702,1502,702,801,4.51054501,427,AB,1,1,1,1,0,1,0,1,1,1,1,1,0,0,1,1
VI-574,1101,2402,5401,5401,102,102,4.713490543,468,AB,1,0,0,1,1,1,0,1,1,1,1,1,1,1,1,1
VI-575,1102,2407,1301,3505,401,1202,4.340444115,190,AB,1,1,1,1,1,0,1,1,1,1,1,1,1,1,1,1
VI-576,1101,1102,1301,5101,1202,1402,4.426511261,500,AA,1,0,0,1,0,0,0,1,1,1,1,1,0,0,1,1
VI-577,207,3303,4601,5801,102,302,5.586587305,47,AB,1,1,1,1,1,0,1,1,1,1,1,1,1,1,1,1
VI-578,207,3303,4006,4601,102,302,5.217483944,256,AA,1,0,0,1,0,0,0,1,1,1,1,1,0,0,1,1
VI-579,1101,1101,1502,3909,702,801,2.970811611,625,AA,1,0,0,1,0,0,0,1,1,1,1,1,0,0,1,1
VI-581,206,1101,1502,1525,702,801,4.478566496,508,AA,1,0,0,1,0,0,0,1,1,1,1,1,0,0,1,1
VI-582,2601,3303,5201,5801,302,702,5.631443769,5,AA,1,0,0,1,0,0,0,1,1,1,1,1,0,0,1,1
VI-583,207,1101,1502,4601,102,801,4.269512944,225,AA,1,0,0,1,0,0,0,1,1,1,1,1,0,0,1,1
VI-584,1101,2601,3802,3802,702,702,4.682145076,335,AB,1,0,0,1,1,1,0,1,1,1,1,1,1,1,1,1
VI-585,206,2402,1502,5101,801,1402,4.307496038,276,AB,1,0,0,1,1,1,0,1,1,1,1,1,1,1,1,1
VI-586,203,2901,702,3802,702,702,5.176091259,245,AA,1,0,0,1,0,0,0,1,1,1,1,1,0,0,1,1
VI-587,203,3303,5502,5801,302,1203,4.804139432,5,AA,1,0,0,1,0,0,0,1,1,1,1,1,0,0,1,1
VI-588,1101,2407,1502,3505,401,801,3.146128036,250,AB,1,0,0,1,1,0,1,1,1,1,1,1,1,1,1,1
VI-589,1101,2901,705,1502,801,1505,6.071882007,391,AB,1,1,1,1,1,1,1,1,1,1,1,1,1,1,1,1
VI-590,203,2402,3802,4403,701,702,1.839478047,333,AB,1,1,1,0,1,1,1,1,1,1,1,1,1,1,1,1
VI-591,1101,2601,3802,5101,702,1402,4.892094603,7,AB,1,1,1,0,1,0,1,0,0,0,1,1,1,1,1,1
VI-592,201,201,2704,5201,1202,1202,4.692846919,286,AA,1,0,0,1,0,0,0,1,1,1,1,1,0,0,1,1
VI-593,203,2407,1525,3505,401,403,4.414973348,240,AA,1,0,0,1,0,0,0,1,1,1,1,1,0,0,1,1
VI-594,1102,3303,2704,5801,302,1202,4.309630167,265,BB,1,1,1,1,1,0,1,1,1,1,1,0,1,1,0,1
VI-595,203,1101,1502,1502,801,801,5.961421094,64,AB,1,0,0,1,1,1,0,1,1,1,1,1,1,1,1,1
VI-596,201,2402,3802,5101,702,1502,4.564666064,487,AA,1,0,0,1,0,0,0,1,1,1,1,1,0,0,1,1
VI-597,2407,3001,702,1513,702,801,4.658011397,83,AA,1,0,0,1,0,0,0,1,1,1,1,1,0,0,1,1
VI-598,101,1101,3802,5701,602,702,4.609594409,449,BB,1,0,0,1,1,0,1,1,1,1,1,0,1,1,0,1
VI-599,2402,2901,705,5201,702,1505,4.509202522,126,AA,1,0,0,1,0,0,0,1,1,1,1,1,0,0,1,1
VI-600,1101,1101,1502,4601,102,801,5.315970345,436,AB,1,0,0,1,1,1,0,1,1,1,1,1,1,1,1,1
VI-601,207,2407,3505,4601,102,401,4.814913181,241,AA,1,0,0,1,0,0,0,1,1,1,1,1,0,0,1,1
VI-602,203,1101,1502,1502,801,801,4.718501689,202,AB,1,1,1,0,1,1,0,1,1,1,1,1,0,0,1,1
VI-603,206,1101,705,4001,304,702,5.220108088,28,AA,1,0,0,1,0,0,0,1,1,1,1,1,0,0,1,1
VI-604,207,1101,1525,4601,102,403,5.243038049,423,AB,1,1,1,1,1,1,0,1,1,1,1,1,0,0,1,1
VI-605,2901,3303,705,3503,1203,1505,4.57634135,322,AB,1,1,1,1,1,0,1,1,1,1,1,1,1,1,1,1
VI-607,301,2402,1502,3505,401,801,5.348304863,21,AB,1,1,1,1,1,1,0,1,1,1,1,1,0,0,1,1
VI-608,206,2402,4601,5401,102,801,4.640481437,195,AA,1,0,0,1,0,0,0,1,1,1,1,1,0,0,1,1
VI-609,1102,3303,1502,4403,701,801,4.621176282,319,AA,1,0,0,1,0,0,0,1,1,1,1,1,0,0,1,1
VI-610,2402,2901,705,2706,304,1505,4.501059262,123,AB,1,0,0,1,1,0,1,1,1,1,1,1,1,1,1,1
VI-611,1101,3303,1525,5801,302,403,5.012837225,231,AB,1,0,0,1,1,0,1,1,1,1,1,1,1,1,1,1
VI-612,2403,2410,1512,3505,303,401,2.742725131,186,AB,1,0,0,1,1,1,0,1,1,1,1,1,1,1,1,1
VI-613,1101,2402,1502,1502,801,801,4.84135947,288,AA,1,0,0,1,0,0,0,1,1,1,1,1,0,0,1,1
VI-614,1101,2901,1525,3802,403,702,4.754348336,399,AB,1,0,0,1,1,0,1,1,1,1,1,1,1,1,1,1
VI-615,1101,1101,1301,3802,304,702,4.546542663,555,AA,1,0,0,1,0,0,0,1,1,1,1,1,0,0,1,1
VI-617,207,2402,1801,4601,102,704,4.315970345,386,AA,1,0,0,1,0,0,0,1,1,1,1,1,0,0,1,1
VI-618,1101,2402,1502,1502,801,801,5.041392685,393,AA,1,0,0,1,0,0,0,1,1,1,1,1,0,0,1,1
VI-619,203,3101,4001,5102,317,1502,2.968482949,422,AA,1,0,0,1,0,0,0,1,1,1,1,1,0,0,1,1
VI-620,1101,2601,1301,5201,304,702,5.411619706,176,AB,1,1,1,1,1,1,0,1,1,1,1,1,1,1,1,1
VI-621,207,1101,3501,5601,102,303,4.705007959,13,AA,1,0,0,1,0,0,0,1,1,1,1,1,0,0,1,1
VI-622,203,1101,1525,4001,303,801,5.017033339,7,AA,1,0,0,1,0,0,0,1,1,1,1,1,0,0,1,1
VI-623,101,301,3915,5701,602,702,3.290034611,236,AA,1,0,0,1,0,0,0,1,1,1,1,1,0,0,1,1
VI-624,1101,1101,1525,5102,403,1502,5.588831726,176,AB,1,1,1,1,1,0,1,1,1,1,1,1,1,1,1,1
VI-625,1101,1101,3901,5502,303,403,5.260071388,334,AA,1,0,0,1,0,0,0,1,1,1,1,1,0,0,1,1
VI-626,1101,3303,1502,5801,302,801,5.949390007,3,AB,1,1,1,1,1,1,0,1,1,1,1,1,0,1,1,1
VI-627,203,3303,3802,5602,102,702,5.477121255,11,AB,1,0,0,1,1,1,0,1,1,1,1,1,1,1,1,1
VI-628,101,3303,5101,5701,602,1402,5.204119983,39,AB,1,1,1,1,0,0,0,1,1,1,1,1,0,0,1,1
VI-629,201,1101,1301,1518,304,801,4.120573931,195,AB,1,1,1,1,1,1,0,1,1,1,1,1,1,1,1,1
VI-630,2403,3303,4601,4601,102,102,3.725094521,408,AA,1,0,0,1,0,0,0,1,1,1,1,1,0,0,1,1
VI-631,2901,2901,705,705,1505,1505,5.931457871,114,AB,1,1,1,1,1,1,1,1,1,1,1,1,1,1,1,1
VI-633,1101,1101,1502,5502,304,801,5.851869601,6,AB,1,1,1,1,1,0,1,1,1,1,1,1,1,1,1,1
VI-634,1101,3303,1525,4403,403,701,4.507855872,137,AA,1,0,0,1,0,0,0,1,1,1,1,1,0,0,1,1
VI-635,206,1101,1502,5502,801,1203,3.998695158,283,AA,1,0,0,1,0,0,0,1,1,1,1,1,0,0,1,1
VI-636,203,3303,5502,5801,302,1203,3.113943352,933,AB,1,0,0,1,1,1,0,1,1,1,1,1,1,1,1,1
VI-637,1101,2402,4006,5502,303,801,5.164352856,440,AA,1,0,0,1,0,0,0,1,1,1,1,1,0,0,1,1
VI-638,207,2901,705,4601,102,1505,5.071882007,61,AA,1,0,0,1,0,0,0,1,1,1,1,1,0,0,1,1
VI-639,2407,3303,3505,5801,302,401,4.603144373,291,AB,1,0,0,1,1,0,1,1,1,1,1,1,1,1,1,1
VI-640,206,2410,1525,5101,702,1402,4.834420704,295,AA,1,0,0,1,0,0,0,1,1,1,1,1,0,0,1,1
VI-641,1101,3303,1502,4403,701,801,2.603144373,385,AB,1,0,0,1,1,1,0,1,1,1,1,1,1,1,1,1
VI-642,203,3303,4001,5801,302,702,5.298853076,76,AB,1,1,1,0,1,0,1,0,0,0,1,1,1,1,1,1
VI-644,207,1101,1525,4601,102,702,3.133538908,372,AA,1,0,0,1,0,0,0,1,1,1,1,1,0,0,1,1
VI-645,207,2407,3505,4601,102,401,5.212187604,152,AB,1,0,0,1,1,1,0,1,1,1,1,1,1,1,1,1
VI-646,206,1101,1502,5201,801,1202,4.875061263,240,AA,1,0,0,1,0,0,0,1,1,1,1,1,0,0,1,1
VI-647,206,2402,5502,5502,303,1203,4.958085849,478,AB,1,1,1,1,1,1,0,1,1,1,1,1,1,1,1,1
VI-648,207,3401,1301,4601,102,304,4.290034611,435,AB,1,0,0,1,1,0,1,1,1,1,1,1,1,1,1,1
VI-649,1101,2402,1502,4006,801,801,4.247973266,213,AB,1,0,0,1,1,0,1,1,1,1,1,1,1,1,1,1
VI-650,301,2402,3801,4601,102,1203,4.389166084,332,AA,1,0,0,1,0,0,0,1,1,1,1,1,0,0,1,1
VI-651,207,1101,1502,4601,102,801,3.77524626,451,AA,1,0,0,1,0,0,0,1,1,1,1,1,0,0,1,1
VI-652,2402,3303,1502,5801,302,801,4.698970004,605,AB,1,1,1,1,1,1,1,1,1,1,1,1,1,1,1,1
VI-653,1101,3201,1502,1518,801,801,5.562292864,3,AB,1,1,1,1,1,1,0,1,1,1,1,1,1,0,1,1
VI-654,207,2901,705,1502,801,1505,5.706717782,112,AB,1,0,0,1,1,1,0,1,1,1,1,1,1,1,1,1
VI-655,203,2402,1525,5201,102,702,4.173186268,337,AA,1,0,0,1,0,0,0,1,1,1,1,1,0,0,1,1
VI-656,101,3303,1502,5701,602,801,3.359835482,260,BB,1,1,1,1,1,0,1,1,1,1,1,0,1,1,0,1
VI-658,203,3303,1502,4006,801,801,4.53529412,232,AB,1,1,1,1,1,0,1,1,1,1,1,1,1,1,1,1
VI-659,2402,2402,1502,5101,801,1402,4.563481085,46,AB,1,0,0,1,1,0,1,1,1,1,1,1,1,1,1,1
VI-660,203,1101,1501,4002,303,303,5.652246341,2,AA,1,0,0,1,0,0,0,1,1,1,1,1,0,0,1,1
VI-661,1101,1101,1502,1502,801,801,5.973589623,10,BB,1,0,0,1,1,1,0,1,1,1,1,0,1,1,0,1
VI-662,1101,2901,705,705,702,1505,4.968015714,236,AB,1,1,1,1,1,1,0,1,1,1,1,1,0,0,1,1
VI-663,1101,3303,4403,4601,102,701,5.558708571,227,AB,1,1,1,0,0,0,0,1,1,1,1,1,0,0,1,1
VI-664,207,2901,705,4601,102,1505,4.604226053,171,AB,1,0,0,1,1,1,0,1,1,1,1,1,1,1,1,1
VI-665,2901,3303,705,4403,701,1505,4.644438589,198,AB,1,1,1,0,1,1,0,1,1,1,1,1,0,0,1,1
VI-666,1101,1101,1502,4601,102,801,5.383815366,388,AA,1,0,0,1,0,0,0,1,1,1,1,1,0,0,1,1
VI-667,203,1101,4001,5502,702,1203,3.624282096,1042,AB,1,0,0,1,1,0,1,1,1,1,1,1,1,1,1,1
VI-668,206,3303,1502,4403,701,801,4.193124598,387,AB,1,1,1,1,0,0,0,1,1,1,1,1,0,0,1,1
VI-671,301,1102,2704,5201,1202,1202,2.830588669,375,AA,1,0,0,1,0,0,0,1,1,1,1,1,0,0,1,1
VI-672,3303,3303,4006,5801,302,302,4.394451681,502,AB,1,0,0,1,1,0,1,1,1,1,1,1,1,1,1,1
VI-673,206,207,5401,5501,102,102,4.758154622,273,AB,1,0,0,1,1,1,0,1,1,1,1,1,1,1,1,1
VI-674,2402,3101,702,5502,102,702,5.765668555,117,AA,1,0,0,1,0,0,0,1,1,1,1,1,0,0,1,1
VI-675,203,1101,1301,1502,403,801,5.212187604,187,AB,1,1,1,1,1,1,0,1,1,1,1,1,0,0,1,1
VI-676,2901,3001,702,705,702,1505,4.29666519,676,BB,1,1,1,1,1,0,1,1,1,1,1,0,1,1,0,1
VI-677,101,3303,3503,5801,302,701,4.949877704,102,AB,1,0,0,1,1,1,0,1,1,1,1,1,1,1,1,1
VI-678,2402,3101,1502,5102,801,1502,4.187520721,320,AB,1,0,0,1,1,1,0,1,1,1,1,1,1,1,1,1
VI-679,1101,2901,705,1502,801,1505,5.11058971,9,AA,1,0,0,1,0,0,0,1,1,1,1,1,0,0,1,1
VI-680,206,2901,705,1301,304,1505,4.546542663,21,AB,1,1,1,1,1,0,1,1,1,1,1,1,1,1,1,1
VI-681,1102,3303,4403,5601,102,701,4.719331287,355,AB,1,1,1,1,0,0,0,1,1,1,1,1,0,0,1,1
VI-682,2402,2901,705,2706,304,1505,4.5289167,292,BB,1,1,1,1,1,0,1,1,1,1,1,0,1,1,0,1
VI-683,1102,3001,1302,1502,602,801,5.071882007,224,AB,1,1,1,1,1,1,1,1,1,1,1,1,1,1,1,1
VI-685,1101,2402,1502,3802,702,801,5.017033339,379,AA,1,0,0,1,0,0,0,1,1,1,1,1,0,0,1,1
VI-686,3303,3303,705,5701,602,1505,5.369215857,7,AA,1,0,0,1,0,0,0,1,1,1,1,1,0,0,1,1
VI-687,206,2407,3701,5102,602,1402,4.421603927,238,AB,1,1,1,1,0,0,0,1,1,1,1,1,0,0,1,1
VI-689,2407,3303,3505,5801,302,401,6.553883027,107,AA,1,0,0,1,0,0,0,1,1,1,1,1,0,0,1,1
VI-690,203,2901,705,5502,1203,1505,4.881954971,20,AA,1,0,0,1,0,0,0,1,1,1,1,1,0,0,1,1
VI-691,1101,3303,1512,5801,302,303,4.075546961,231,AB,1,0,0,1,1,0,1,1,1,1,1,1,1,1,1,1
VI-692,207,1101,1301,4601,102,304,4.678518379,388,AB,1,0,0,1,1,0,1,1,1,1,1,1,1,1,1,1
VI-693,1101,2407,3505,4801,401,702,5.389166084,291,AB,1,1,1,1,1,0,1,1,1,1,1,1,1,1,1,1
VI-694,1101,1101,1502,4001,702,801,4.987666265,40,BB,1,1,1,1,1,1,0,1,1,1,1,0,1,1,0,1
VI-695,206,1101,1502,3802,702,801,5.380211242,93,AA,1,0,0,1,0,0,0,1,1,1,1,1,0,0,1,1
VI-696,203,1101,1512,3802,303,702,5.184691431,415,AB,1,1,1,1,1,0,1,1,1,1,1,1,1,1,1,1
VI-697,207,1101,4001,4601,102,403,5.475671188,441,AA,1,0,0,1,0,0,0,1,1,1,1,1,0,0,1,1
VI-698,1101,2402,702,1301,304,702,4.149219113,392,AA,1,0,0,1,0,0,0,1,1,1,1,1,0,0,1,1
VI-699,1101,3303,4601,5801,102,302,6.418301291,85,BB,1,0,0,1,1,1,1,1,1,1,1,0,1,1,0,1
VI-700,1101,2407,1502,3505,401,801,5.40654018,2,AA,1,0,0,1,0,0,0,1,1,1,1,1,0,0,1,1
VI-701,2402,3303,1525,5801,302,403,4.557507202,356,AA,1,0,0,1,0,0,0,1,1,1,1,1,0,0,1,1
VI-702,203,2402,1511,5401,102,303,4.840733235,106,BB,1,0,0,1,1,1,1,1,1,1,1,0,1,1,0,1
VI-703,1101,2402,1502,5801,302,801,4.068185862,321,AB,1,1,1,1,0,0,0,1,1,1,1,1,0,0,1,1
VI-704,3001,3401,1302,1521,403,602,4.63748973,340,AA,1,0,0,1,0,0,0,1,1,1,1,1,0,0,1,1
VI-705,101,2901,705,3701,602,1505,5.835690571,212,AB,1,0,0,1,1,1,0,1,1,1,1,1,1,1,1,1
VI-706,2901,3303,705,4403,701,1505,5.220108088,117,AA,1,0,0,1,0,0,0,1,1,1,1,1,0,0,1,1
VI-707,1101,1101,1502,1502,801,801,5.677606953,271,AB,1,1,1,1,1,0,1,1,1,1,1,1,1,1,1,1
VI-708,1101,1101,1301,1502,406,801,4.906873535,236,AB,1,0,0,1,1,1,0,1,1,1,1,1,1,1,1,1
VI-709,203,203,3802,5502,702,1203,5.445604203,2,AA,1,0,0,1,0,0,0,1,1,1,1,1,0,0,1,1
VI-710,2901,3001,1302,1525,403,602,4.701567985,120,AA,1,0,0,1,0,0,0,1,1,1,1,1,0,0,1,1
VI-711,2410,3303,2704,3901,702,1202,5.298853076,392,AB,1,0,0,1,1,1,0,1,1,1,1,1,1,1,1,1
VI-712,206,1102,1301,3901,702,1202,5.545307116,138,AB,1,1,1,1,0,0,0,1,1,1,1,1,0,0,1,1
VI-713,203,203,4601,5502,702,1203,4.771587481,206,AB,1,0,0,1,1,0,1,1,1,1,1,1,1,1,1,1
VI-714,206,3303,3701,5801,302,602,4.800717078,583,AB,1,0,0,1,1,0,1,1,1,1,1,1,1,1,1,1
VI-715,2301,2601,1525,5001,403,602,4.707570176,371,AA,1,0,0,1,0,0,0,1,1,1,1,1,0,0,1,1
VI-716,206,1102,1525,5502,702,1203,5.08278537,96,BB,1,1,1,1,1,1,1,1,1,1,1,0,1,1,0,1
VI-717,1101,3303,1302,4403,602,701,4.383815366,258,AA,1,0,0,1,0,0,0,1,1,1,1,1,0,0,1,1
VI-718,207,1101,1301,4601,102,304,4.365487985,208,AB,1,1,1,1,1,1,1,1,1,1,1,1,1,1,1,1
VI-719,207,2901,705,4601,102,1505,5.103803721,457,AB,1,0,0,1,1,1,0,1,1,1,1,1,1,1,1,1
VI-720,207,1101,1301,4601,102,304,5.45331834,221,AB,1,1,1,0,1,1,0,1,1,1,1,1,0,0,1,1
VI-721,2402,2901,705,1301,304,1505,5.652246341,40,AB,1,1,1,1,1,1,0,1,1,1,1,1,0,0,1,1
VI-722,203,3001,1302,2706,304,602,4.28780173,565,AB,1,1,1,1,1,1,0,1,1,1,1,1,1,0,1,1
VI-723,203,3303,4001,5801,302,702,3.260071388,894,AA,1,0,0,1,0,0,0,1,1,1,1,1,0,0,1,1
VI-724,1102,3303,2706,4001,304,702,4.612783857,327,AA,1,0,0,1,0,0,0,1,1,1,1,1,0,0,1,1
VI-725,101,2402,4601,5701,102,602,4.832508913,543,AA,1,0,0,1,0,0,0,1,1,1,1,1,0,0,1,1
VI-726,1101,2402,1502,4803,801,801,4.755112266,270,AA,1,0,0,1,0,0,0,1,1,1,1,1,0,0,1,1
VI-727,2402,3303,1502,3802,702,801,5.736396502,9,AA,1,0,0,1,0,0,0,1,1,1,1,1,0,0,1,1
VI-728,2402,2402,1502,3802,702,801,5.342422681,255,AA,1,0,0,1,0,0,0,1,1,1,1,1,0,0,1,1
VI-729,201,3303,4403,5401,102,701,4.747411808,188,AA,1,0,0,1,0,0,0,1,1,1,1,1,0,0,1,1
VI-730,101,201,1513,5201,801,1202,5.57054294,194,AA,1,0,0,1,0,0,0,1,1,1,1,1,0,0,1,1
VI-731,101,1101,3802,5701,602,702,4.600972896,184,AA,1,0,0,1,0,0,0,1,1,1,1,1,0,0,1,1
VI-733,2403,3303,1512,4403,303,701,4.761927838,449,AA,1,0,0,1,0,0,0,1,1,1,1,1,0,0,1,1
VI-734,203,1101,1502,3802,702,801,5.187520721,23,AA,1,0,0,1,0,0,0,1,1,1,1,1,0,0,1,1
VI-735,203,2407,2706,3505,401,401,5.184691431,215,AB,1,1,1,1,1,1,0,1,1,1,1,1,1,0,1,1
VI-736,206,1101,1502,1502,801,801,5.416640507,229,AA,1,0,0,1,0,0,0,1,1,1,1,1,0,0,1,1
VI-737,1102,2402,1502,2704,801,1202,5.397940009,166,AB,1,1,1,0,1,1,1,1,1,1,1,1,1,1,1,1
VI-738,1101,1101,705,1525,403,702,4.895974732,413,AB,1,1,1,1,1,1,0,1,1,1,1,1,1,0,1,1
VI-739,203,1101,1501,1502,304,801,4.867467488,272,AB,1,0,0,1,1,0,1,1,1,1,1,1,1,1,1,1
VI-740,1102,2407,1525,5102,702,1402,3.367355921,72,AA,1,0,0,1,0,0,0,1,1,1,1,1,0,0,1,1
VI-741,101,1104,3701,5102,602,1502,3.831229694,409,AB,1,0,0,1,1,0,1,1,1,1,1,1,1,1,1,1
VI-742,101,1101,1502,5801,302,801,5.572871602,180,AB,1,1,1,1,1,1,0,1,1,1,1,1,1,1,1,1
VI-743,101,2901,1525,5701,403,602,3.995196292,382,AB,1,0,0,1,0,0,0,1,1,1,1,1,1,0,1,1
VI-744,101,1101,1502,5701,602,801,5.257678575,128,AB,1,1,1,1,1,0,1,1,1,1,1,1,1,1,1,1
VI-745,302,1101,1301,1302,304,602,2.928395852,379,AA,1,0,0,1,0,0,0,1,1,1,1,1,0,0,1,1
VI-746,1101,2402,3802,4601,102,702,4.217483944,236,AA,1,0,0,1,0,0,0,1,1,1,1,1,0,0,1,1
VI-747,206,2402,4001,5602,102,702,6.120573931,26,AA,1,0,0,1,0,0,0,1,1,1,1,1,0,0,1,1
VI-748,206,206,1502,4803,801,801,4.663700925,459,AB,1,1,1,1,0,0,0,1,1,1,1,1,0,0,1,1
VI-749,206,1101,1502,1525,403,801,5.033423755,240,AA,1,0,0,1,0,0,0,1,1,1,1,1,0,0,1,1
VI-750,1101,2410,1502,1802,704,801,4.392696953,245,AA,1,0,0,1,0,0,0,1,1,1,1,1,0,0,1,1
VI-751,3001,7401,1302,3802,602,702,4.385606274,337,AA,1,0,0,1,0,0,0,1,1,1,1,1,0,0,1,1
VI-752,2420,2901,705,4801,803,1505,4.385606274,213,AB,1,0,0,1,1,0,1,1,1,1,1,1,1,1,1,1
VI-753,101,201,4002,5701,602,1502,5.021189299,324,AB,1,1,1,1,1,1,1,1,1,1,1,1,1,1,1,1
VI-754,1101,2901,705,1502,801,1505,5.532754379,91,AA,1,0,0,1,0,0,0,1,1,1,1,1,0,0,1,1
VI-755,1102,2402,1502,1525,702,801,5.399673721,139,AA,1,0,0,1,0,0,0,1,1,1,1,1,0,0,1,1
VI-756,2901,2901,705,705,1505,1505,5.278753601,431,AA,1,0,0,1,0,0,0,1,1,1,1,1,0,0,1,1
VI-757,206,1101,1525,3802,702,702,6.170261715,7,AB,1,1,1,1,1,1,0,1,1,1,1,1,0,0,1,1
VI-758,1101,1101,1525,3802,403,702,4.495544338,85,AB,1,0,0,1,1,1,0,1,1,1,1,1,1,1,1,1
VI-759,2402,2901,702,3503,702,1203,3.064457989,131,AA,1,0,0,1,0,0,0,1,1,1,1,1,0,0,1,1
VI-760,203,1101,3802,4601,102,702,4.57863921,408,AA,1,0,0,1,0,0,0,1,1,1,1,1,0,0,1,1
VI-761,1101,2402,1502,5801,302,801,5.94792362,59,AB,1,1,1,1,0,0,0,1,1,1,1,1,1,0,1,1
VI-762,1101,2402,1502,5502,102,801,4.413299764,258,AB,1,1,1,1,0,0,0,1,1,1,1,1,0,0,1,1
VI-763,1101,2901,705,1502,801,1505,4.068185862,258,AB,1,0,0,1,1,0,1,1,1,1,1,1,1,1,1,1
VI-764,203,2901,1301,1502,304,801,5.630427875,513,AA,1,0,0,1,0,0,0,1,1,1,1,1,0,0,1,1
VI-765,206,2402,1301,1301,304,304,3.315970345,612,AB,1,0,0,1,1,0,1,1,1,1,1,1,1,1,1,1
VI-766,206,3303,3501,4403,303,701,5.547774705,158,AB,1,1,1,1,1,1,1,1,1,1,1,1,1,1,1,1
VI-768,2402,2407,702,1525,403,702,5.225309282,255,AA,1,0,0,1,0,0,0,1,1,1,1,1,0,0,1,1
VI-769,2402,3303,4001,5801,302,1202,4.243038049,249,AB,1,0,0,1,1,1,0,1,1,1,1,1,1,1,1,1
VI-770,1101,3303,3802,3901,702,702,4.462397998,226,AB,1,1,1,0,1,0,1,0,0,0,1,1,1,1,1,1
VI-771,1101,2402,1525,5201,403,1202,3.645422269,190,AA,1,0,0,1,0,0,0,1,1,1,1,1,0,0,1,1
VI-772,2402,3303,4006,4601,102,801,4.736396502,233,AA,1,0,0,1,0,0,0,1,1,1,1,1,0,0,1,1
VI-773,206,2402,3501,4601,102,401,4.761175813,163,AB,1,0,0,1,1,1,0,1,1,1,1,1,1,1,1,1
VI-774,203,1101,1502,5601,102,801,6.28780173,8,AB,1,1,1,1,0,0,0,1,1,1,1,1,0,0,1,1