No,Pt-ID,CD4,HIV-RNA,LogVL,A,A,B,B,C,C,E,E,HLA correction,3DL3,2DS2,2DL2,2DL3,2DS3,2DS5,2DP1,2DL1,3DP1,2DL4,3DL1,3DS1,2DL5,2DS1,2DS4,3DL2,Asp1,Asp2,Bsp1,Bsp2,Csp1,Csp2,1A,2A,6B,1C,2C,N Asp,N Csp,Total SP ligands,SP genotype,2A2A_XBXB_1C1C,2AXA_XBXB_1C1C,2A2A_6BXB_1CXC,1A2A_XBXB_1C1C,2A2A_XBXB_1CXC,2A2A_6BXB_1C1C,2AXA_6BXB_1CXC,1AXA_XBXB_1C1C,1A2A_6BXB_1CXC,XAXA_XBXB_1C1C,2A2A_XBXB_1C2C,1A2A_XBXB_1CXC
1,3160060,352,4700,3.672097858,201,2402,3501,4601,103,401,103,101,0,1,1,1,0,1,0,1,1,1,1,1,0,1,0,1,1,2A,2A,XB,XB,1C,1C,0,2,0,2,0,2,2,4,2A2A_XBXB_1C1C,1,0,0,0,0,0,0,0,0,0,0,0
2,3163841,377,37000,4.568201724,1101,3101,5401,5502,102,102,103,103,0,1,0,0,0,1,1,1,1,1,1,0,1,1,1,0,1,1A,XA,XB,XB,1C,1C,1,0,0,2,0,1,2,3,1AXA_XBXB_1C1C,0,0,0,0,0,0,0,1,0,0,0,0
3,3172429,221,15000,4.176091259,201,2402,4001,5201,304,1202,103,103,1,1,0,0,1,0,0,1,1,1,1,1,0,0,0,1,1,2A,2A,XB,XB,1C,1C,0,2,0,2,0,2,2,4,2A2A_XBXB_1C1C,1,0,0,0,0,0,0,0,0,0,0,0
4,3346323,862,29000,4.462397998,1101,1101,5101,6701,702,1402,103,103,1,1,0,0,1,1,0,1,1,1,1,1,1,1,1,1,1,1A,1A,XB,XB,XC,1C,2,0,0,1,0,2,1,3,1A1A_XBXB_1CXC,0,0,0,0,0,0,0,0,0,0,0,0
5,3190845,281,6200,3.792391689,1101,2402,3901,5401,702,102,103,101,0,1,0,0,1,1,0,1,1,1,1,1,1,1,1,1,1,1A,2A,6B,XB,XC,1C,1,1,1,1,0,2,1,4,1A2A_6BXB_1CXC,0,0,0,0,0,0,0,0,1,0,0,0
6,2077420,208,11000,4.041392685,2402,3101,702,3902,702,1202,101,101,1,1,1,1,1,0,0,1,1,1,1,1,0,0,0,1,1,2A,XA,6B,6B,XC,1C,0,1,2,1,0,1,1,4,2AXA_6B6B_1CXC,0,0,0,0,0,0,0,0,0,0,0,0
7,3195954,522,30000,4.477121255,206,2402,3501,5101,304,1402,103,103,0,1,0,0,1,0,0,1,1,1,1,1,0,0,0,1,1,2A,2A,XB,XB,1C,1C,0,2,0,2,0,2,2,4,2A2A_XBXB_1C1C,1,0,0,0,0,0,0,0,0,0,0,0
8,3215669,401,200000,5.301029996,2402,2603,1501,4002,303,304,103,103,0,1,0,0,1,1,0,1,1,1,1,1,1,1,1,1,1,2A,2A,XB,XB,1C,1C,0,2,0,2,0,2,2,4,2A2A_XBXB_1C1C,1,0,0,0,0,0,0,0,0,0,0,0
9,3015618,587,6100,3.785329835,2402,2601,702,4002,304,702,103,101,0,1,0,0,1,1,0,1,1,1,1,1,1,1,1,1,1,2A,2A,6B,XB,1C,XC,0,2,1,1,0,2,1,4,2A2A_6BXB_1CXC,0,0,1,0,0,0,0,0,0,0,0,0
10,3221277,443,100000,5,2402,3101,4001,5101,401,1402,103,103,0,1,0,0,1,0,1,1,1,1,1,1,1,1,1,1,1,2A,XA,XB,XB,1C,1C,0,1,0,2,0,1,2,3,2AXA_XBXB_1C1C,0,1,0,0,0,0,0,0,0,0,0,0
11,3223068,403,71000,4.851258349,2402,2402,1518,4001,704,304,103,103,0,1,0,0,0,0,1,1,1,1,1,0,1,1,1,0,1,2A,2A,XB,XB,XC,1C,0,2,0,1,0,2,1,3,2A2A_XBXB_1CXC,0,0,0,0,1,0,0,0,0,0,0,0
12,3225471,208,70000,4.84509804,2402,2601,1501,1518,704,801,103,103,0,1,0,0,1,0,0,1,1,1,1,1,0,0,0,1,1,2A,2A,XB,XB,XC,1C,0,2,0,1,0,2,1,3,2A2A_XBXB_1CXC,0,0,0,0,1,0,0,0,0,0,0,0
13,3227161,283,110000,5.041392685,201,2402,4801,4801,801,803,103,101,0,1,0,0,1,0,0,1,1,1,1,1,0,0,0,1,1,2A,2A,6B,6B,1C,1C,0,2,2,2,0,2,2,6,2A2A_6B6B_1C1C,0,0,0,0,0,0,0,0,0,0,0,0
14,3229486,199,28000,4.447158031,1101,2402,5401,5401,102,102,103,101,0,1,0,0,1,0,0,1,1,1,1,1,0,0,0,1,1,1A,2A,XB,XB,1C,1C,1,1,0,2,0,2,2,4,1A2A_XBXB_1C1C,0,0,0,1,0,0,0,0,0,0,0,0
15,3242487,173,50000,4.698970004,207,2601,3501,4601,102,303,103,103,0,1,0,0,1,0,1,1,1,1,1,1,1,1,1,1,1,2A,2A,XB,XB,1C,1C,0,2,0,2,0,2,2,4,2A2A_XBXB_1C1C,1,0,0,0,0,0,0,0,0,0,0,0
16,3254123,70,430000,5.633468456,2402,3101,5201,5601,401,1202,103,103,1,1,0,0,1,0,1,1,1,1,1,1,1,1,1,1,1,2A,XA,XB,XB,1C,1C,0,1,0,2,0,1,2,3,2AXA_XBXB_1C1C,0,1,0,0,0,0,0,0,0,0,0,0
17,3255719,190,160000,5.204119983,201,2601,1518,4002,304,704,103,103,0,1,0,0,1,0,0,1,1,1,1,1,0,0,0,1,1,2A,2A,XB,XB,1C,XC,0,2,0,1,0,2,1,3,2A2A_XBXB_1CXC,0,0,0,0,1,0,0,0,0,0,0,0
18,3258008,311,15000,4.176091259,2402,2402,5201,701,702,1202,103,103,1,1,0,0,1,0,1,1,1,1,1,1,1,1,1,1,1,2A,2A,XB,6B,XC,1C,0,2,1,1,0,2,1,4,2A2A_6BXB_1CXC,0,0,1,0,0,0,0,0,0,0,0,0
19,3260920,291,2100,3.322219295,206,3101,5101,5101,304,1402,103,101,0,1,0,0,1,0,0,1,1,1,1,1,0,0,0,1,1,2A,XA,XB,XB,1C,1C,0,1,0,2,0,1,2,3,2AXA_XBXB_1C1C,0,1,0,0,0,0,0,0,0,0,0,0
20,3271676,492,53000,4.72427587,2402,2402,5201,1501,303,1202,103,103,1,1,0,0,1,0,0,1,1,1,1,1,0,0,0,1,1,2A,2A,XB,XB,1C,1C,0,2,0,2,0,2,2,4,2A2A_XBXB_1C1C,1,0,0,0,0,0,0,0,0,0,0,0
21,3275984,341,36000,4.556302501,206,2402,1511,702,303,702,103,101,0,1,0,0,1,0,0,1,1,1,1,1,0,0,0,1,1,2A,2A,XB,6B,1C,XC,0,2,1,1,0,2,1,4,2A2A_6BXB_1CXC,0,0,1,0,0,0,0,0,0,0,0,0
22,3276020,472,4700,3.672097858,2402,2402,702,5201,702,1202,103,101,1,1,0,0,1,0,0,1,1,1,1,1,0,0,0,1,1,2A,2A,6B,XB,XC,1C,0,2,1,1,0,2,1,4,2A2A_6BXB_1CXC,0,0,1,0,0,0,0,0,0,0,0,0
23,3281518,326,140000,5.146128036,2402,207,1510,4601,102,303,103,103,0,1,0,0,1,0,0,1,1,1,1,1,0,0,0,1,1,2A,2A,XB,XB,1C,1C,0,2,0,2,0,2,2,4,2A2A_XBXB_1C1C,1,0,0,0,0,0,0,0,0,0,0,0
24,3287314,391,21000,4.322219295,207,2402,4601,5201,102,1202,103,103,1,1,0,0,1,0,1,1,1,1,1,1,1,1,1,1,1,2A,2A,XB,XB,1C,1C,0,2,0,2,0,2,2,4,2A2A_XBXB_1C1C,1,0,0,0,0,0,0,0,0,0,0,0
25,3291287,633,5300,3.72427587,2402,2402,5201,5201,1202,1202,103,103,1,1,0,0,1,0,1,1,1,1,1,1,1,1,1,1,1,2A,2A,XB,XB,1C,1C,0,2,0,2,0,2,2,4,2A2A_XBXB_1C1C,1,0,0,0,0,0,0,0,0,0,0,0
26,3293573,669,98000,4.991226076,1101,2402,702,5401,102,702,103,101,0,1,1,0,1,0,1,1,1,1,1,1,0,1,1,1,1,1A,2A,6B,XB,1C,XC,1,1,1,1,0,2,1,4,1A2A_6BXB_1CXC,0,0,0,0,0,0,0,0,1,0,0,0
27,3296224,154,12000,4.079181246,207,1101,4601,1501,102,401,103,101,0,1,0,0,1,0,0,1,1,1,1,1,0,0,0,1,1,2A,1A,XB,XB,1C,1C,1,1,0,2,0,2,2,4,1A2A_XBXB_1C1C,0,0,0,1,0,0,0,0,0,0,0,0
28,3310319,85,190000,5.278753601,2601,3101,3901,5101,702,1402,103,103,0,1,0,0,1,0,0,1,1,1,1,1,0,0,0,1,1,2A,XA,6B,XB,XC,1C,0,1,1,1,0,1,1,3,2AXA_6BXB_1CXC,0,0,0,0,0,0,1,0,0,0,0,0
29,3312836,13,120000,5.079181246,2601,3303,3501,4002,304,801,103,101,0,1,0,0,1,0,0,1,1,1,1,1,0,0,0,1,1,2A,XA,XB,XB,1C,1C,0,1,0,2,0,1,2,3,2AXA_XBXB_1C1C,0,1,0,0,0,0,0,0,0,0,0,0
30,3315314,362,140,2.146128036,206,3101,5201,4403,1202,1403,103,101,1,1,1,1,1,0,0,1,1,1,1,1,0,0,0,1,1,2A,XA,XB,XB,1C,1C,0,1,0,2,0,1,2,3,2AXA_XBXB_1C1C,0,1,0,0,0,0,0,0,0,0,0,0
31,3317088,77,110000,5.041392685,2402,2402,5401,4006,102,801,103,101,0,1,0,0,1,0,0,1,1,1,1,1,0,0,0,1,1,2A,2A,XB,XB,1C,1C,0,2,0,2,0,2,2,4,2A2A_XBXB_1C1C,1,0,0,0,0,0,0,0,0,0,0,0
32,3318108,260,42000,4.62324929,206,2601,1501,3501,303,702,103,103,0,1,1,1,1,0,0,1,1,1,1,1,0,0,0,1,1,2A,2A,XB,XB,1C,XC,0,2,0,1,0,2,1,3,2A2A_XBXB_1CXC,0,0,0,0,1,0,0,0,0,0,0,0
33,3332102,144,110000,5.041392685,206,2402,702,5201,702,1202,103,103,1,1,0,0,1,0,0,1,1,1,1,1,0,0,0,1,1,2A,2A,6B,XB,XC,1C,0,2,1,1,0,2,1,4,2A2A_6BXB_1CXC,0,0,1,0,0,0,0,0,0,0,0,0
34,3335374,355,180000,5.255272505,206,207,1501,5502,102,801,103,103,0,1,0,0,1,1,0,1,1,1,1,1,1,1,1,1,1,2A,2A,XB,XB,1C,1C,0,2,0,2,0,2,2,4,2A2A_XBXB_1C1C,1,0,0,0,0,0,0,0,0,0,0,0
35,3361388,557,46000,4.662757832,201,2402,4801,5502,102,803,103,103,0,1,1,1,1,0,1,1,1,1,1,1,1,1,1,1,1,2A,2A,6B,XB,1C,1C,0,2,1,2,0,2,2,5,2A2A_6BXB_1C1C,0,0,0,0,0,1,0,0,0,0,0,0
36,3362495,45,450000,5.653212514,101,201,3701,3904,602,702,101,101,0,1,0,0,1,1,0,1,1,1,1,1,1,1,1,1,1,1A,2A,XB,6B,1C,XC,1,1,1,1,0,2,1,4,1A2A_6BXB_1CXC,0,0,0,0,0,0,0,0,1,0,0,0
37,3363892,70,91000,4.959041392,2402,2402,1501,3501,303,702,103,103,0,1,0,0,1,0,1,1,1,1,1,1,1,1,1,1,1,2A,2A,XB,XB,1C,XC,0,2,0,1,0,2,1,3,2A2A_XBXB_1CXC,0,0,0,0,1,0,0,0,0,0,0,0
38,3366875,463,2900,3.462397998,3101,3303,4403,5102,1403,1502,103,103,0,1,1,1,1,0,0,1,1,1,1,1,0,0,0,1,1,XA,XA,XB,XB,1C,2C,0,0,0,1,1,0,2,2,XAXA_XBXB_1C2C,0,0,,0,0,0,0,0,0,0,0,0
39,3371725,157,740000,5.86923172,1101,2603,4601,1507,102,303,103,103,0,1,0,0,1,0,0,1,1,1,1,1,0,0,0,1,1,1A,2A,XB,XB,1C,1C,1,1,0,2,0,2,2,4,1A2A_XBXB_1C1C,0,0,0,1,0,0,0,0,0,0,0,0
40,3375600,532,60000,4.77815125,2402,2402,1511,4001,303,702,101,101,0,1,0,0,0,1,1,1,1,1,1,0,1,1,1,0,1,2A,2A,XB,XB,1C,XC,0,2,0,1,0,2,1,3,2A2A_XBXB_1CXC,0,0,0,0,1,0,0,0,0,0,0,0
41,3375769,226,7900,3.897627091,201,1101,3501,4801,303,801,103,103,0,1,1,1,1,1,0,1,1,1,1,1,0,0,0,1,1,2A,1A,XB,6B,1C,1C,1,1,1,2,0,2,2,5,1A2A_6BXB_1C1C,0,0,0,0,0,0,0,0,0,0,0,0
42,3379471,598,620,2.792391689,2601,3101,3501,5101,303,1402,103,101,0,1,0,0,1,0,0,1,1,1,1,1,0,0,0,1,1,2A,XA,XB,XB,1C,1C,0,1,0,2,0,1,2,3,2AXA_XBXB_1C1C,0,1,0,0,0,0,0,0,0,0,0,0
43,3388466,190,66000,4.819543936,2402,2602,4006,5201,801,1202,103,103,1,1,0,0,1,1,0,1,1,1,1,1,1,1,1,1,1,2A,2A,XB,XB,1C,1C,0,2,0,2,0,2,2,4,2A2A_XBXB_1C1C,1,0,0,0,0,0,0,0,0,0,0,0
44,3390740,38,710000,5.851258349,2402,3101,702,5401,102,702,103,103,0,1,0,0,1,0,0,1,1,1,1,1,0,0,0,1,1,2A,XA,6B,XB,1C,XC,0,1,1,1,0,1,1,3,2AXA_6BXB_1CXC,0,0,0,0,0,0,1,0,0,0,0,0
45,3405000,233,7200,3.857332496,201,3303,3501,5201,303,1202,103,101,1,1,1,0,1,1,1,1,1,1,1,1,1,1,1,1,1,2A,XA,XB,XB,1C,1C,0,1,0,2,0,1,2,3,2AXA_XBXB_1C1C,0,1,0,0,0,0,0,0,0,0,0,0
46,3414763,447,1500,3.176091259,1101,2402,5201,5401,102,1202,101,101,1,1,1,1,1,0,0,1,1,1,1,1,0,0,0,1,1,1A,2A,XB,XB,1C,1C,1,1,0,2,0,2,2,4,1A2A_XBXB_1C1C,0,0,0,1,0,0,0,0,0,0,0,0
47,3426177,225,48000,4.681241237,1101,207,1501,4601,103,401,103,103,0,1,0,0,1,0,0,1,1,1,1,1,0,0,0,1,1,1A,2A,XB,XB,1C,1C,1,1,0,2,0,2,2,4,1A2A_XBXB_1C1C,0,0,0,1,0,0,0,0,0,0,0,0
48,3426542,257,140000,5.146128036,201,1101,1501,1501,401,801,103,101,0,1,1,1,1,0,0,1,1,1,1,1,0,0,0,1,1,2A,1A,XB,XB,1C,1C,1,1,0,2,0,2,2,4,1A2A_XBXB_1C1C,0,0,0,1,0,0,0,0,0,0,0,0
49,3430415,313,100000,5,1101,2402,1501,702,303,702,103,101,0,1,1,1,1,0,1,1,1,1,1,1,1,1,1,0,1,1A,2A,XB,6B,1C,XC,1,1,1,1,0,2,1,4,1A2A_6BXB_1CXC,0,0,0,0,0,0,0,0,1,0,0,0
50,3433586,286,210000,5.322219295,206,2402,1501,4002,303,302,103,101,0,1,0,0,1,0,0,1,1,1,1,1,0,0,0,1,1,2A,2A,XB,XB,1C,1C,0,2,0,2,0,2,2,4,2A2A_XBXB_1C1C,1,0,0,0,0,0,0,0,0,0,0,0
51,3440096,416,5300,3.72427587,2402,3303,4403,5401,102,1403,103,101,0,1,0,0,1,0,0,1,1,1,1,1,0,0,0,1,1,2A,XA,XB,XB,1C,1C,0,1,0,2,0,1,2,3,2AXA_XBXB_1C1C,0,1,0,0,0,0,0,0,0,0,0,0
52,3442441,4,880000,5.944482672,2402,2402,3501,5101,303,1402,103,101,0,1,0,0,1,1,0,1,1,1,1,1,1,0,0,1,1,2A,2A,XB,XB,1C,1C,0,2,0,2,0,2,2,4,2A2A_XBXB_1C1C,1,0,0,0,0,0,0,0,0,0,0,0
53,3443011,227,46000,4.662757832,201,206,3901,4001,702,304,103,101,0,1,1,1,1,1,0,1,1,1,1,1,1,1,1,1,1,2A,2A,6B,XB,XC,1C,0,2,1,1,0,2,1,4,2A2A_6BXB_1CXC,0,0,1,0,0,0,0,0,0,0,0,0
54,3444580,474,3700,3.568201724,2402,2402,4403,4006,801,1403,103,103,0,1,1,1,1,1,0,1,1,1,1,1,1,1,1,1,1,2A,2A,XB,XB,1C,1C,0,2,0,2,0,2,2,4,2A2A_XBXB_1C1C,1,0,0,0,0,0,0,0,0,0,0,0
55,3451524,238,11000,4.041392685,207,1101,4601,6701,102,702,103,103,1,1,0,0,1,0,0,1,1,1,1,1,0,0,0,1,1,2A,1A,XB,XB,1C,XC,1,1,0,1,0,2,1,3,1A2A_XBXB_1CXC,0,0,0,0,0,0,0,0,0,0,0,1
56,3461059,237,17000,4.230448921,1101,3303,4403,5101,1402,1403,103,101,0,1,0,0,1,0,0,1,1,1,1,1,0,0,0,1,1,1A,XA,XB,XB,1C,1C,1,0,0,2,0,1,2,3,1AXA_XBXB_1C1C,0,0,0,0,0,0,0,1,0,0,0,0
57,3462270,632,35000,4.544068044,206,1101,1501,5901,102,401,103,101,0,1,0,0,1,0,0,1,1,1,1,1,0,0,0,1,1,2A,1A,XB,XB,1C,1C,1,1,0,2,0,2,2,4,1A2A_XBXB_1C1C,0,0,0,1,0,0,0,0,0,0,0,0
58,3481035,741,31000,4.491361694,2402,2402,3901,4001,1203,304,103,103,0,1,0,0,1,0,1,1,1,1,1,1,1,1,1,1,1,2A,2A,6B,XB,1C,1C,0,2,1,2,0,2,2,5,2A2A_6BXB_1C1C,0,0,0,0,0,1,0,0,0,0,0,0
59,3493638,642,170000,5.230448921,201,3101,1501,4002,304,801,103,103,0,1,0,0,1,0,0,1,1,1,1,1,0,0,0,1,1,2A,XA,XB,XB,1C,1C,0,1,0,2,0,1,2,3,2AXA_XBXB_1C1C,0,1,0,0,0,0,0,0,0,0,0,0
60,2429090,221,180000,5.255272505,2402,2601,4002,5201,304,1202,103,103,1,1,0,0,1,0,1,1,1,1,1,1,1,1,1,1,1,2A,2A,XB,XB,1C,1C,0,2,0,2,0,2,2,4,2A2A_XBXB_1C1C,1,0,0,0,0,0,0,0,0,0,0,0
61,3499245,362,450,2.653212514,2402,3303,5201,5801,302,1202,103,101,1,1,0,0,0,1,1,1,1,1,1,0,1,1,1,0,1,2A,XA,XB,XB,1C,1C,0,1,0,2,0,1,2,3,2AXA_XBXB_1C1C,0,1,0,0,0,0,0,0,0,0,0,0
62,3500242,176,44000,4.643452676,2601,2603,1501,4002,303,304,103,103,0,1,0,0,1,0,0,1,1,1,1,1,0,0,0,1,1,2A,2A,XB,XB,1C,1C,0,2,0,2,0,2,2,4,2A2A_XBXB_1C1C,1,0,0,0,0,0,0,0,0,0,0,0
63,3511549,308,4300,3.633468456,206,2602,4006,4006,801,801,103,101,0,1,0,0,1,0,1,1,1,1,1,1,1,1,1,1,1,2A,2A,XB,XB,1C,1C,0,2,0,2,0,2,2,4,2A2A_XBXB_1C1C,1,0,0,0,0,0,0,0,0,0,0,0
64,3521410,331,20000,4.301029996,1101,3101,4001,5401,702,102,103,101,0,1,0,0,1,0,0,1,1,1,1,1,0,0,0,1,1,1A,XA,XB,XB,XC,1C,1,0,0,1,0,1,1,2,1AXA_XBXB_1CXC,0,0,0,0,0,0,0,0,0,0,0,0
65,3524741,698,1100000,6.041392685,207,2402,4001,4601,102,401,103,103,0,1,0,0,1,1,1,1,1,1,1,1,1,1,1,1,1,2A,2A,XB,XB,1C,1C,0,2,0,2,0,2,2,4,2A2A_XBXB_1C1C,1,0,0,0,0,0,0,0,0,0,0,0
66,3529267,394,880,2.944482672,1101,2420,1518,3802,702,801,103,101,0,1,0,0,1,0,0,1,1,1,1,1,0,0,0,1,1,1A,2A,XB,6B,XC,1C,1,1,1,1,0,2,1,4,1A2A_6BXB_1CXC,0,0,0,0,0,0,0,0,1,0,0,0
67,3529283,347,47000,4.672097858,2601,3101,3901,5101,1401,1403,103,101,0,1,0,0,1,0,1,1,1,1,1,1,1,1,1,1,1,2A,XA,6B,XB,1C,1C,0,1,1,2,0,1,2,4,2AXA_6BXB_1C1C,0,0,0,0,0,0,0,0,0,0,0,0
68,3530450,334,36000,4.556302501,101,2402,3701,5201,602,1202,103,101,1,1,0,0,1,0,0,1,1,1,1,1,0,0,0,1,1,1A,2A,XB,XB,1C,1C,1,1,0,2,0,2,2,4,1A2A_XBXB_1C1C,0,0,0,1,0,0,0,0,0,0,0,0
69,3532094,263,570000,5.755874856,101,2601,3701,5601,602,702,101,101,0,1,0,0,1,0,0,1,1,1,1,1,1,0,0,1,1,1A,2A,XB,XB,1C,XC,1,1,0,1,0,2,1,3,1A2A_XBXB_1CXC,0,0,0,0,0,0,0,0,0,0,0,1
70,3534191,273,28000,4.447158031,201,3303,3901,4403,702,1403,103,103,0,1,0,0,1,0,0,1,1,1,1,1,0,0,0,1,1,2A,XA,6B,XB,XC,1C,0,1,1,1,0,1,1,3,2AXA_6BXB_1CXC,0,0,0,0,0,0,1,0,0,0,0,0
71,3536908,96,88000,4.944482672,206,2402,4801,5901,803,102,103,103,0,1,0,0,1,0,0,1,1,1,1,1,0,0,0,1,1,2A,2A,6B,XB,1C,1C,0,2,1,2,0,2,2,5,2A2A_6BXB_1C1C,0,0,0,0,0,1,0,0,0,0,0,0
72,3549139,54,7300,3.86332286,1101,1101,702,1501,401,702,101,101,0,1,0,0,1,1,0,1,1,1,1,1,1,1,1,1,1,1A,1A,6B,XB,1C,XC,2,0,1,1,0,2,1,4,1A1A_6BXB_1CXC,0,0,0,0,0,0,0,0,0,0,0,0
74,3513066,339,5400,3.73239376,1101,3101,4801,5101,801,1402,103,103,0,1,0,0,0,1,0,1,1,1,1,0,1,1,1,0,1,1A,XA,6B,XB,1C,1C,1,0,1,2,0,1,2,4,1AXA_6BXB_1C1C,0,0,0,0,0,0,0,0,0,0,0,0
75,3522703,44,250000,5.397940009,2601,2602,4006,4006,304,801,103,103,0,1,0,0,1,0,0,1,1,1,1,1,0,0,0,1,1,2A,2A,XB,XB,1C,1C,0,2,0,2,0,2,2,4,2A2A_XBXB_1C1C,1,0,0,0,0,0,0,0,0,0,0,0
76,3584705,154,450000,5.653212514,207,2402,3501,4601,102,303,103,101,0,1,0,0,1,0,1,1,1,1,1,1,1,1,1,1,1,2A,2A,XB,XB,1C,1C,0,2,0,2,0,2,2,4,2A2A_XBXB_1C1C,1,0,0,0,0,0,0,0,0,0,0,0
77,3597949,12,110000,5.041392685,207,2402,4601,4801,102,803,103,101,0,1,0,0,1,0,0,1,1,1,1,1,0,0,0,1,1,2A,2A,XB,6B,1C,1C,0,2,1,2,0,2,2,5,2A2A_6BXB_1C1C,0,0,0,0,0,1,0,0,0,0,0,0
78,3563188,448,8900,3.949390007,201,201,4003,5201,304,1202,103,101,1,1,0,0,1,0,0,1,1,1,1,1,0,0,0,1,1,2A,2A,XB,XB,1C,1C,0,2,0,2,0,2,2,4,2A2A_XBXB_1C1C,1,0,0,0,0,0,0,0,0,0,0,0
79,3554483,201,33000,4.51851394,206,3101,4002,4801,303,304,103,103,0,1,0,0,1,0,0,1,1,1,1,1,0,0,0,1,1,2A,XA,XB,6B,1C,1C,0,1,1,2,0,1,2,4,2AXA_6BXB_1C1C,0,0,0,0,0,0,0,0,0,0,0,0
80,3592058,569,13000,4.113943352,3101,3101,3501,4002,303,304,103,103,0,1,1,1,1,1,0,1,1,1,1,1,0,0,0,1,1,XA,XA,XB,XB,1C,1C,0,0,0,2,0,0,2,2,XAXA_XBXB_1C1C,0,0,0,0,0,0,0,0,0,1,0,0
81,3594201,300,81000,4.908485019,2402,2402,5201,5401,102,1202,103,103,1,1,0,0,1,0,0,1,1,1,1,1,0,0,0,1,1,2A,2A,XB,XB,1C,1C,0,2,0,2,0,2,2,4,2A2A_XBXB_1C1C,1,0,0,0,0,0,0,0,0,0,0,0
82,3598997,511,11000,4.041392685,1102,2402,2704,4404,1203,1403,103,103,0,1,0,0,1,0,0,1,1,1,1,1,0,0,0,1,1,1A,2A,XB,XB,1C,1C,1,1,0,2,0,2,2,4,1A2A_XBXB_1C1C,0,0,0,1,0,0,0,0,0,0,0,0
83,3567874,35,580000,5.763427994,1101,2602,5401,5401,102,102,103,101,0,1,0,0,1,0,0,1,1,1,1,1,0,0,0,1,1,1A,2A,XB,XB,1C,1C,1,1,0,2,0,2,2,4,1A2A_XBXB_1C1C,0,0,0,1,0,0,0,0,0,0,0,0
84,3611249,400,230000,5.361727836,206,1101,5901,1501,102,401,103,101,0,1,0,0,1,0,1,1,1,1,1,1,1,1,1,1,1,2A,1A,XB,XB,1C,1C,1,1,0,2,0,2,2,4,1A2A_XBXB_1C1C,0,0,0,1,0,0,0,0,0,0,0,0
85,3604696,151,31000,4.491361694,206,2402,4006,5101,801,1402,103,101,0,1,0,0,1,0,0,1,1,1,1,1,0,0,0,1,1,2A,2A,XB,XB,1C,1C,0,2,0,2,0,2,2,4,2A2A_XBXB_1C1C,1,0,0,0,0,0,0,0,0,0,0,0
86,3617827,243,2100,3.322219295,201,2402,3501,5101,801,1402,103,101,0,1,0,0,1,0,0,1,1,1,1,1,0,0,0,1,1,2A,2A,XB,XB,1C,1C,0,2,0,2,0,2,2,4,2A2A_XBXB_1C1C,1,0,0,0,0,0,0,0,0,0,0,0
87,3626320,431,66000,4.819543936,2402,2402,3501,4801,401,801,103,103,0,1,0,0,0,0,0,1,1,1,1,1,0,0,0,1,1,2A,2A,XB,6B,1C,1C,0,2,1,2,0,2,2,5,2A2A_6BXB_1C1C,0,0,0,0,0,1,0,0,0,0,0,0
88,3632808,40,530000,5.72427587,2402,2402,3501,3901,303,702,103,103,0,1,1,1,1,0,0,1,1,1,1,1,0,0,0,1,1,2A,2A,XB,6B,1C,XC,0,2,1,1,0,2,1,4,2A2A_6BXB_1CXC,0,0,1,0,0,0,0,0,0,0,0,0
89,3635100,577,97000,4.986771734,201,201,1501,5101,303,1502,103,101,0,1,0,0,1,0,0,1,1,1,1,1,0,0,0,1,1,2A,2A,XB,XB,1C,2C,0,2,0,1,1,2,2,4,2A2A_XBXB_1C2C,0,0,0,0,0,0,0,0,0,0,1,0
90,3638183,191,130000,5.113943352,2402,2601,1501,5201,303,1202,103,101,1,1,0,0,1,0,0,1,1,1,1,1,0,0,0,1,1,2A,2A,XB,XB,1C,1C,0,2,0,2,0,2,2,4,2A2A_XBXB_1C1C,1,0,0,0,0,0,0,0,0,0,0,0
91,3638574,198,6900,3.838849091,206,2402,3501,5201,303,1202,103,101,1,1,0,0,1,0,1,1,1,1,1,1,1,1,1,1,1,2A,2A,XB,XB,1C,1C,0,2,0,2,0,2,2,4,2A2A_XBXB_1C1C,1,0,0,0,0,0,0,0,0,0,0,0
92,3644528,219,51000,4.707570176,207,2601,4601,5901,102,102,103,101,0,1,0,0,1,0,0,1,1,1,1,1,0,0,0,1,1,2A,2A,XB,XB,1C,1C,0,2,0,2,0,2,2,4,2A2A_XBXB_1C1C,1,0,0,0,0,0,0,0,0,0,0,0
93,3651298,254,55000,4.740362689,2601,3101,4001,5101,702,1502,103,101,0,1,1,1,1,1,1,1,1,1,1,1,1,1,1,1,1,2A,XA,XB,XB,XC,2C,0,1,0,0,1,1,1,2,2AXA_XBXB_2CXC,0,0,0,0,0,0,0,0,0,0,0,0
94,3661433,426,12000,4.079181246,1101,1101,3901,5101,702,1402,103,103,0,1,0,0,1,0,0,1,1,1,1,1,0,0,0,1,1,1A,1A,6B,XB,XC,1C,2,0,1,1,0,2,1,4,1A1A_6BXB_1CXC,0,0,0,0,0,0,0,0,0,0,0,0
95,3669701,220,24000,4.380211242,2601,3101,4006,5101,801,1402,103,103,0,1,0,0,1,0,0,1,1,1,1,1,0,0,0,1,1,2A,XA,XB,XB,1C,1C,0,1,0,2,0,1,2,3,2AXA_XBXB_1C1C,0,1,0,0,0,0,0,0,0,0,0,0
96,3685192,121,22000,4.342422681,206,3101,1501,3901,303,702,103,101,0,1,0,0,1,0,0,1,1,1,1,1,0,0,0,1,1,2A,XA,XB,6B,1C,XC,0,1,1,1,0,1,1,3,2AXA_6BXB_1CXC,0,0,0,0,0,0,1,0,0,0,0,0
97,3692514,322,210000,5.322219295,2402,2601,702,4001,702,1502,103,101,0,1,0,0,1,0,1,1,1,1,1,1,1,1,1,1,1,2A,2A,6B,XB,XC,2C,0,2,1,0,1,2,1,4,2A2A_6BXB_2CXC,0,0,0,0,0,0,0,0,0,0,0,0
98,3697157,707,2800,3.447158031,2402,2402,1511,5201,303,1202,103,103,1,1,0,0,1,0,1,1,1,1,1,1,1,1,1,1,1,2A,2A,XB,XB,1C,1C,0,2,0,2,0,2,2,4,2A2A_XBXB_1C1C,1,0,0,0,0,0,0,0,0,0,0,0
99,3706406,205,1500000,6.176091259,201,1101,1511,3501,303,304,103,101,0,1,1,1,1,1,0,1,1,1,1,1,0,1,1,1,1,2A,1A,XB,XB,1C,1C,1,1,0,2,0,2,2,4,1A2A_XBXB_1C1C,0,0,0,1,0,0,0,0,0,0,0,0
100,3716999,519,41000,4.612783857,1101,2402,4002,5201,303,1202,103,101,1,1,0,0,1,0,1,1,1,1,1,1,1,1,1,1,1,1A,2A,XB,XB,1C,1C,1,1,0,2,0,2,2,4,1A2A_XBXB_1C1C,0,0,0,1,0,0,0,0,0,0,0,0
101,3719275,207,97000,4.986771734,201,206,3501,4001,303,304,103,101,0,1,0,0,1,0,0,1,1,1,1,1,0,0,0,1,1,2A,2A,XB,XB,1C,1C,0,2,0,2,0,2,2,4,2A2A_XBXB_1C1C,1,0,0,0,0,0,0,0,0,0,0,0
102,3719318,13,300000,5.477121255,201,2402,5101,5201,1202,1502,103,103,1,1,0,0,1,0,0,1,1,1,1,1,0,0,0,1,1,2A,2A,XB,XB,1C,2C,0,2,0,1,1,2,2,4,2A2A_XBXB_1C2C,0,0,0,0,0,0,0,0,0,0,1,0
103,3732771,171,220000,5.342422681,207,2402,4601,4001,102,304,103,103,0,1,0,0,1,0,0,1,1,1,1,1,0,0,0,1,1,2A,2A,XB,XB,1C,1C,0,2,0,2,0,2,2,4,2A2A_XBXB_1C1C,1,0,0,0,0,0,0,0,0,0,0,0
104,3740024,206,1600000,6.204119983,201,1101,1518,1507,704,303,101,101,0,1,0,0,1,1,0,1,1,1,1,1,1,1,1,1,1,2A,1A,XB,XB,XC,1C,1,1,0,1,0,2,1,3,1A2A_XBXB_1CXC,0,0,0,0,0,0,0,0,0,0,0,1
105,3742121,217,48000,4.681241237,206,206,1527,4601,102,401,101,101,0,1,1,1,1,0,0,1,1,1,1,1,0,0,0,1,1,2A,2A,XB,XB,1C,1C,0,2,0,2,0,2,2,4,2A2A_XBXB_1C1C,1,0,0,0,0,0,0,0,0,0,0,0
106,3742248,32,60000,4.77815125,206,2601,3901,4801,702,801,103,101,0,1,0,0,1,0,0,1,1,1,1,1,0,0,0,1,1,2A,2A,6B,6B,XC,1C,0,2,2,1,0,2,1,5,2A2A_6B6B_1CXC,0,0,0,0,0,0,0,0,0,0,0,0
107,3742756,212,39000,4.591064607,2402,2402,5101,5101,102,1402,103,101,0,1,0,0,1,0,0,1,1,1,1,1,0,0,0,1,1,2A,2A,XB,XB,1C,1C,0,2,0,2,0,2,2,4,2A2A_XBXB_1C1C,1,0,0,0,0,0,0,0,0,0,0,0
108,3734953,131,410000,5.612783857,206,1101,5504,3901,303,702,103,101,0,1,0,0,1,0,0,1,1,1,1,1,0,0,0,1,1,2A,1A,XB,6B,1C,XC,1,1,1,1,0,2,1,4,1A2A_6BXB_1CXC,0,0,0,0,0,0,0,0,1,0,0,0
109,3750214,219,2000,3.301029996,2402,3303,3501,4403,303,1403,103,103,0,1,0,0,1,0,0,1,1,1,1,1,0,0,0,1,1,2A,XA,XB,XB,1C,1C,0,1,0,2,0,1,2,3,2AXA_XBXB_1C1C,0,1,0,0,0,0,0,0,0,0,0,0
110,3799534,402,20000,4.301029996,201,1101,1501,4001,401,401,103,101,0,1,0,0,1,0,0,1,1,1,1,1,0,0,0,1,1,2A,1A,XB,XB,1C,1C,1,1,0,2,0,2,2,4,1A2A_XBXB_1C1C,0,0,0,1,0,0,0,0,0,0,0,0
111,3811144,739,8700,3.939519253,201,3101,5401,3501,102,801,103,101,0,1,1,1,1,1,0,1,1,1,1,1,1,1,1,1,1,2A,XA,XB,XB,1C,1C,0,1,0,2,0,1,2,3,2AXA_XBXB_1C1C,0,1,0,0,0,0,0,0,0,0,0,0
112,3835249,446,12000,4.079181246,206,2603,4001,4601,401,702,103,103,0,1,0,0,1,0,0,1,1,1,1,1,0,0,0,1,1,2A,2A,XB,XB,1C,XC,0,2,0,1,0,2,1,3,2A2A_XBXB_1CXC,0,0,0,0,1,0,0,0,0,0,0,0
113,3693331,28,66000,4.819543936,2402,2402,5201,5201,1202,1202,103,103,1,1,1,1,1,1,0,1,1,1,1,1,1,1,1,1,1,2A,2A,XB,XB,1C,1C,0,2,0,2,0,2,2,4,2A2A_XBXB_1C1C,1,0,0,0,0,0,0,0,0,0,0,0
114,3708688,58,46000,4.662757832,2402,2601,702,3543,303,702,103,101,0,1,0,0,1,0,0,1,1,1,1,1,0,0,0,1,1,2A,2A,6B,XB,1C,XC,0,2,1,1,0,2,1,4,2A2A_6BXB_1CXC,0,0,1,0,0,0,0,0,0,0,0,0
115,3725072,684,510000,5.707570176,2402,2603,3901,4002,102,303,103,101,0,1,0,0,1,0,0,1,1,1,1,1,0,0,0,1,1,2A,2A,6B,XB,1C,1C,0,2,1,2,0,2,2,5,2A2A_6BXB_1C1C,0,0,0,0,0,1,0,0,0,0,0,0
116,3760954,130,510000,5.707570176,206,2402,3501,5101,401,1402,103,103,0,1,0,0,1,0,0,1,1,1,1,1,0,0,0,1,1,2A,2A,XB,XB,1C,1C,0,2,0,2,0,2,2,4,2A2A_XBXB_1C1C,1,0,0,0,0,0,0,0,0,0,0,0
117,3761700,325,2500,3.397940009,206,2402,4002,5201,304,1202,103,103,1,1,1,1,0,1,1,1,1,1,1,0,1,1,1,0,1,2A,2A,XB,XB,1C,1C,0,2,0,2,0,2,2,4,2A2A_XBXB_1C1C,1,0,0,0,0,0,0,0,0,0,0,0
118,3775338,514,4500,3.653212514,201,3303,1518,4403,704,1403,103,101,0,1,0,0,0,0,1,1,1,1,1,0,1,1,1,0,1,2A,XA,XB,XB,XC,1C,0,1,0,1,0,1,1,2,2AXA_XBXB_1CXC,0,0,0,0,0,0,0,0,0,0,0,0
119,3790755,47,160000,5.204119983,201,3101,3501,5101,303,1402,103,101,0,1,1,1,1,1,0,1,1,1,1,1,0,1,0,1,1,2A,XA,XB,XB,1C,1C,0,1,0,2,0,1,2,3,2AXA_XBXB_1C1C,0,1,0,0,0,0,0,0,0,0,0,0
120,3789298,81,740000,5.86923172,201,207,4601,5502,102,102,103,103,0,1,0,0,1,0,0,1,1,1,1,1,0,0,0,1,1,2A,2A,XB,XB,1C,1C,0,2,0,2,0,2,2,4,2A2A_XBXB_1C1C,1,0,0,0,0,0,0,0,0,0,0,0
121,3794685,506,160,2.204119983,2402,2603,1501,6701,303,702,103,101,1,1,0,0,1,0,0,1,1,1,1,1,0,0,0,1,1,2A,2A,XB,XB,1C,XC,0,2,0,1,0,2,1,3,2A2A_XBXB_1CXC,0,0,0,0,1,0,0,0,0,0,0,0
122,3803080,310,44000,4.643452676,201,2402,702,5201,702,1202,103,103,1,1,1,1,1,0,1,1,1,1,1,1,1,1,1,1,1,2A,2A,6B,XB,XC,1C,0,2,1,1,0,2,1,4,2A2A_6BXB_1CXC,0,0,1,0,0,0,0,0,0,0,0,0
123,3805103,177,17000,4.230448921,2402,2603,4403,5201,1202,1403,103,101,1,1,0,0,1,0,1,1,1,1,1,1,1,1,1,1,1,2A,2A,XB,XB,1C,1C,0,2,0,2,0,2,2,4,2A2A_XBXB_1C1C,1,0,0,0,0,0,0,0,0,0,0,0
124,3809088,292,220000,5.342422681,3303,3303,4403,4403,1403,1403,103,101,0,1,0,0,1,1,0,1,1,1,1,1,1,1,1,1,1,XA,XA,XB,XB,1C,1C,0,0,0,2,0,0,2,2,XAXA_XBXB_1C1C,0,0,0,0,0,0,0,0,0,1,0,0
125,3818998,132,11000,4.041392685,201,2402,5101,5201,1202,1502,103,103,1,1,0,0,1,0,1,1,1,1,1,1,1,1,1,1,1,2A,2A,XB,XB,1C,2C,0,2,0,1,1,2,2,4,2A2A_XBXB_1C2C,0,0,0,0,0,0,0,0,0,0,1,0
126,3831322,95,180000,5.255272505,207,2402,4403,5401,102,1403,103,101,0,1,0,0,1,0,0,1,1,1,1,1,0,0,0,1,1,2A,2A,XB,XB,1C,1C,0,2,0,2,0,2,2,4,2A2A_XBXB_1C1C,1,0,0,0,0,0,0,0,0,0,0,0
127,3837346,182,65000,4.812913357,2402,3303,5201,4403,1202,1403,103,103,1,1,0,0,1,0,0,1,1,1,1,1,0,0,0,1,1,2A,XA,XB,XB,1C,1C,0,1,0,2,0,1,2,3,2AXA_XBXB_1C1C,0,1,0,0,0,0,0,0,0,0,0,0
128,3846416,135,11000,4.041392685,207,2402,4601,5101,102,1402,103,101,0,1,1,1,1,0,0,1,1,1,1,1,0,0,0,1,1,2A,2A,XB,XB,1C,1C,0,2,0,2,0,2,2,4,2A2A_XBXB_1C1C,1,0,0,0,0,0,0,0,0,0,0,0
129,3860377,53,28000,4.447158031,1101,1102,4001,4001,304,702,103,103,0,1,1,1,1,0,0,1,1,1,1,1,0,0,0,1,1,1A,1A,XB,XB,1C,XC,2,0,0,1,0,2,1,3,1A1A_XBXB_1CXC,0,0,0,0,0,0,0,0,0,0,0,0
130,3866681,194,30000,4.477121255,2402,3303,4006,4403,801,1403,103,101,0,1,0,0,1,0,0,1,1,1,1,1,0,0,0,1,1,2A,XA,XB,XB,1C,1C,0,1,0,2,0,1,2,3,2AXA_XBXB_1C1C,0,1,0,0,0,0,0,0,0,0,0,0
131,3640382,293,64000,4.806179974,2402,2402,702,5201,702,1202,103,103,1,1,0,0,1,0,0,1,1,1,1,1,0,0,0,1,1,2A,2A,6B,XB,XC,1C,0,2,1,1,0,2,1,4,2A2A_6BXB_1CXC,0,0,1,0,0,0,0,0,0,0,0,0
132,3872387,245,79000,4.897627091,2402,3101,5401,5401,102,102,103,101,0,1,0,0,1,0,0,1,1,1,1,1,0,0,0,1,1,2A,XA,XB,XB,1C,1C,0,1,0,2,0,1,2,3,2AXA_XBXB_1C1C,0,1,0,0,0,0,0,0,0,0,0,0
133,3326640,41,160000,5.204119983,2402,2603,3501,5401,102,303,101,101,0,1,0,0,1,0,1,1,1,1,1,1,1,1,1,1,1,2A,2A,XB,XB,1C,1C,0,2,0,2,0,2,2,4,2A2A_XBXB_1C1C,1,0,0,0,0,0,0,0,0,0,0,0
134,3928745,841,20000,4.301029996,3101,3303,4002,4403,304,1403,103,103,0,1,0,0,1,0,0,1,1,1,1,1,0,0,0,1,1,XA,XA,XB,XB,1C,1C,0,0,0,2,0,0,2,2,XAXA_XBXB_1C1C,0,0,0,0,0,0,0,0,0,1,0,0
135,3930537,361,36000,4.556302501,1102,2402,2704,5201,401,1202,103,101,1,1,0,0,1,1,0,1,1,1,1,1,1,1,1,1,1,1A,2A,XB,XB,1C,1C,1,1,0,2,0,2,2,4,1A2A_XBXB_1C1C,0,0,0,1,0,0,0,0,0,0,0,0
136,3942143,320,9100,3.959041392,2402,2603,4002,5101,304,1402,103,103,0,1,0,0,1,0,0,1,1,1,1,1,0,0,0,1,1,2A,2A,XB,XB,1C,1C,0,2,0,2,0,2,2,4,2A2A_XBXB_1C1C,1,0,0,0,0,0,0,0,0,0,0,0
137,3972827,180,450000,5.653212514,206,2402,1301,3501,303,304,103,101,0,1,0,0,0,1,1,1,1,1,1,0,1,1,1,0,1,2A,2A,XB,XB,1C,1C,0,2,0,2,0,2,2,4,2A2A_XBXB_1C1C,1,0,0,0,0,0,0,0,0,0,0,0
138,3990780,75,340000,5.531478917,201,2402,1301,5201,304,1202,103,103,1,1,0,0,1,0,1,1,1,1,1,1,1,1,1,1,1,2A,2A,XB,XB,1C,1C,0,2,0,2,0,2,2,4,2A2A_XBXB_1C1C,1,0,0,0,0,0,0,0,0,0,0,0
139,3858875,472,26000,4.414973348,1101,3303,1501,4403,401,1403,103,101,0,1,0,0,1,0,0,1,1,1,1,1,0,0,0,1,1,1A,XA,XB,XB,1C,1C,1,0,0,2,0,1,2,3,1AXA_XBXB_1C1C,0,0,0,0,0,0,0,1,0,0,0,0
140,3866519,515,6900,3.838849091,2402,2603,702,5101,702,1402,103,101,0,1,0,0,1,0,1,1,1,1,1,1,1,1,1,1,1,2A,2A,6B,XB,XC,1C,0,2,1,1,0,2,1,4,2A2A_6BXB_1CXC,0,0,1,0,0,0,0,0,0,0,0,0
141,3881040,376,7100,3.851258349,2402,3303,4403,5201,1202,1403,103,101,1,1,0,0,1,0,0,1,1,1,1,1,0,0,0,1,1,2A,XA,XB,XB,1C,1C,0,1,0,2,0,1,2,3,2AXA_XBXB_1C1C,0,1,0,0,0,0,0,0,0,0,0,0
142,3879564,157,450000,5.653212514,201,201,1301,5502,102,304,103,103,0,1,0,0,1,0,0,1,1,1,1,1,0,0,0,1,1,2A,2A,XB,XB,1C,1C,0,2,0,2,0,2,2,4,2A2A_XBXB_1C1C,1,0,0,0,0,0,0,0,0,0,0,0
143,3112830,676,9600,3.982271233,2402,3101,5101,5201,1202,1402,103,103,1,1,1,1,1,0,1,1,1,1,1,1,1,1,1,1,1,2A,XA,XB,XB,1C,1C,0,1,0,2,0,1,2,3,2AXA_XBXB_1C1C,0,1,0,0,0,0,0,0,0,0,0,0
144,3900026,505,2600,3.414973348,206,2402,4801,5201,801,1202,103,101,1,1,0,0,1,0,0,1,1,1,1,1,0,0,0,1,1,2A,2A,6B,XB,1C,1C,0,2,1,2,0,2,2,5,2A2A_6BXB_1C1C,0,0,0,0,0,1,0,0,0,0,0,0
145,3917204,403,33000,4.51851394,206,3303,4403,5101,1402,1403,103,101,0,1,0,0,1,0,0,1,1,1,1,1,0,0,0,1,1,2A,XA,XB,XB,1C,1C,0,1,0,2,0,1,2,3,2AXA_XBXB_1C1C,0,1,0,0,0,0,0,0,0,0,0,0
146,3936001,378,6200,3.792391689,3303,3303,4403,4403,1403,1403,103,103,0,1,0,0,1,0,0,1,1,1,1,1,0,0,0,1,1,XA,XA,XB,XB,1C,1C,0,0,0,2,0,0,2,2,XAXA_XBXB_1C1C,0,0,0,0,0,0,0,0,0,1,0,0
147,3940440,147,72000,4.857332496,201,2402,4801,5401,102,803,101,101,0,1,0,0,1,0,1,1,1,1,1,1,1,1,1,1,1,2A,2A,6B,XB,1C,1C,0,2,1,2,0,2,2,5,2A2A_6BXB_1C1C,0,0,0,0,0,1,0,0,0,0,0,0
148,3944585,408,1500,3.176091259,2402,3303,4403,5201,1202,1403,103,103,1,1,0,0,1,0,0,1,1,1,1,1,0,0,0,1,1,2A,XA,XB,XB,1C,1C,0,1,0,2,0,1,2,3,2AXA_XBXB_1C1C,0,1,0,0,0,0,0,0,0,0,0,0
149,3966466,145,87000,4.939519253,2402,3101,1501,4601,102,303,103,103,0,1,0,0,1,0,0,1,1,1,1,1,0,0,0,1,1,2A,XA,XB,XB,1C,1C,0,1,0,2,0,1,2,3,2AXA_XBXB_1C1C,0,1,0,0,0,0,0,0,0,0,0,0
150,3969162,368,47000,4.672097858,2402,3101,3901,5101,702,1402,103,101,0,1,0,0,1,0,1,1,1,1,1,1,1,1,1,1,1,2A,XA,6B,XB,XC,1C,0,1,1,1,0,1,1,3,2AXA_6BXB_1CXC,0,0,0,0,0,0,1,0,0,0,0,0
151,3977503,343,8200,3.913813852,207,2402,4601,4002,102,304,103,103,0,1,0,0,1,1,0,1,1,1,1,1,1,1,1,1,1,2A,2A,XB,XB,1C,1C,0,2,0,2,0,2,2,4,2A2A_XBXB_1C1C,1,0,0,0,0,0,0,0,0,0,0,0
152,3978548,403,75000,4.875061263,2402,2402,1518,5901,102,704,103,103,0,1,1,1,1,0,0,1,1,1,1,1,0,0,0,1,1,2A,2A,XB,XB,1C,XC,0,2,0,1,0,2,1,3,2A2A_XBXB_1CXC,0,0,0,0,1,0,0,0,0,0,0,0
153,3996573,215,360000,5.556302501,206,2404,1301,5201,702,1202,103,101,1,1,0,0,1,0,1,1,1,1,1,1,1,1,1,1,1,2A,2A,XB,XB,XC,1C,0,2,0,1,0,2,1,3,2A2A_XBXB_1CXC,0,0,0,0,1,0,0,0,0,0,0,0
154,4003104,930,98,1.991226076,2402,2402,702,5401,102,702,101,101,0,1,0,0,1,0,0,1,1,1,1,1,0,0,0,1,1,2A,2A,6B,XB,1C,XC,0,2,1,1,0,2,1,4,2A2A_6BXB_1CXC,0,0,1,0,0,0,0,0,0,0,0,0
155,4006826,157,11000,4.041392685,2402,2603,5201,5401,1202,102,103,103,1,1,0,0,1,0,0,1,1,1,1,1,0,0,0,1,1,2A,2A,XB,XB,1C,1C,0,2,0,2,0,2,2,4,2A2A_XBXB_1C1C,1,0,0,0,0,0,0,0,0,0,0,0
156,4017732,83,120000,5.079181246,2402,3303,702,4403,702,1403,103,103,0,1,1,1,1,0,1,1,1,1,1,1,1,1,1,1,1,2A,XA,6B,XB,XC,1C,0,1,1,1,0,1,1,3,2AXA_6BXB_1CXC,0,0,0,0,0,0,1,0,0,0,0,0
157,4025131,372,65000,4.812913357,201,2402,1501,5201,303,1202,103,101,1,1,0,0,0,0,1,1,1,1,1,0,1,1,1,0,1,2A,2A,XB,XB,1C,1C,0,2,0,2,0,2,2,4,2A2A_XBXB_1C1C,1,0,0,0,0,0,0,0,0,0,0,0
158,4060491,443,3300,3.51851394,2402,3101,5201,5601,1202,401,103,101,1,1,0,0,1,0,0,1,1,1,1,1,0,0,0,1,1,2A,XA,XB,XB,1C,1C,0,1,0,2,0,1,2,3,2AXA_XBXB_1C1C,0,1,0,0,0,0,0,0,0,0,0,0
159,4110747,43,96000,4.982271233,206,207,5502,4601,102,102,103,101,0,1,1,1,1,0,0,1,1,1,1,1,0,0,0,1,1,2A,2A,XB,XB,1C,1C,0,2,0,2,0,2,2,4,2A2A_XBXB_1C1C,1,0,0,0,0,0,0,0,0,0,0,0
160,4126094,74,1800000,6.255272505,201,2402,4801,5401,102,801,103,103,0,1,0,0,1,0,0,1,1,1,1,1,0,0,0,1,1,2A,2A,6B,XB,1C,1C,0,2,1,2,0,2,2,5,2A2A_6BXB_1C1C,0,0,0,0,0,1,0,0,0,0,0,0
161,4077350,571,27000,4.431363764,206,2402,3901,5201,702,1202,103,101,1,1,0,0,1,0,1,1,1,1,1,1,1,1,1,1,1,2A,2A,6B,XB,XC,1C,0,2,1,1,0,2,1,4,2A2A_6BXB_1CXC,0,0,1,0,0,0,0,0,0,0,0,0
162,4062051,29,340000,5.531478917,2402,2601,3501,3501,303,702,103,103,0,1,0,0,1,0,0,1,1,1,1,1,0,0,0,1,1,2A,2A,XB,XB,1C,XC,0,2,0,1,0,2,1,3,2A2A_XBXB_1CXC,0,0,0,0,1,0,0,0,0,0,0,0
163,3860423,288,48000,4.681241237,201,207,4601,5201,102,1202,103,101,1,1,0,0,1,0,0,1,1,1,1,1,0,0,0,1,1,2A,2A,XB,XB,1C,1C,0,2,0,2,0,2,2,4,2A2A_XBXB_1C1C,1,0,0,0,0,0,0,0,0,0,0,0
164,4131263,454,35000,4.544068044,2402,2402,4006,5201,801,1202,103,103,1,1,0,0,1,0,0,1,1,1,1,1,0,0,0,1,1,2A,2A,XB,XB,1C,1C,0,2,0,2,0,2,2,4,2A2A_XBXB_1C1C,1,0,0,0,0,0,0,0,0,0,0,0
165,4098238,503,6200,3.792391689,201,2402,3901,5201,702,1202,103,101,1,1,0,0,1,0,0,1,1,1,1,1,0,0,0,1,1,2A,2A,6B,XB,XC,1C,0,2,1,1,0,2,1,4,2A2A_6BXB_1CXC,0,0,1,0,0,0,0,0,0,0,0,0
166,4154310,290,48000,4.681241237,201,2402,4002,5401,102,102,103,101,0,1,0,0,1,0,0,1,1,1,1,1,0,0,0,1,1,2A,2A,XB,XB,1C,1C,0,2,0,2,0,2,2,4,2A2A_XBXB_1C1C,1,0,0,0,0,0,0,0,0,0,0,0
167,4175038,52,16000,4.204119983,2402,2402,702,4801,702,803,103,103,0,1,0,0,1,0,0,1,1,1,1,1,0,0,0,1,1,2A,2A,6B,6B,XC,1C,0,2,2,1,0,2,1,5,2A2A_6B6B_1CXC,0,0,0,0,0,0,0,0,0,0,0,0
168,4180773,239,8400,3.924279286,1101,2402,5101,5201,1402,1202,103,103,1,1,1,1,1,0,0,1,1,1,1,1,0,0,0,1,1,1A,2A,XB,XB,1C,1C,1,1,0,2,0,2,2,4,1A2A_XBXB_1C1C,0,0,0,1,0,0,0,0,0,0,0,0
169,4199133,386,6900,3.838849091,2402,2402,3501,6701,702,801,103,101,1,1,0,0,1,1,0,1,1,1,1,1,1,1,1,1,1,2A,2A,XB,XB,XC,1C,0,2,0,1,0,2,1,3,2A2A_XBXB_1CXC,0,0,0,0,1,0,0,0,0,0,0,0
170,4072704,666,13000,4.113943352,2402,3303,4403,5401,102,1403,103,101,0,1,0,0,1,0,1,1,1,1,1,1,1,1,1,1,1,2A,XA,XB,XB,1C,1C,0,1,0,2,0,1,2,3,2AXA_XBXB_1C1C,0,1,0,0,0,0,0,0,0,0,0,0
171,3896785,85,240000,5.380211242,2402,3303,4403,5201,1202,1403,103,101,1,1,0,0,1,0,0,1,1,1,1,1,0,0,0,1,1,2A,XA,XB,XB,1C,1C,0,1,0,2,0,1,2,3,2AXA_XBXB_1C1C,0,1,0,0,0,0,0,0,0,0,0,0
172,4128670,364,35000,4.544068044,2402,2402,1501,4601,102,401,103,101,0,1,0,0,1,0,0,1,1,1,1,1,0,0,0,1,1,2A,2A,XB,XB,1C,1C,0,2,0,2,0,2,2,4,2A2A_XBXB_1C1C,1,0,0,0,0,0,0,0,0,0,0,0
173,4213983,35,85000,4.929418926,2601,2603,4001,4002,303,702,103,101,0,1,1,1,1,0,0,1,1,1,1,1,0,0,0,1,1,2A,2A,XB,XB,1C,XC,0,2,0,1,0,2,1,3,2A2A_XBXB_1CXC,0,0,0,0,1,0,0,0,0,0,0,0
174,4094151,335,4800,3.681241237,1101,2601,5401,5401,102,102,103,103,0,1,0,0,1,0,0,1,1,1,1,1,0,0,0,1,1,1A,2A,XB,XB,1C,1C,1,1,0,2,0,2,2,4,1A2A_XBXB_1C1C,0,0,0,1,0,0,0,0,0,0,0,0
175,4153782,533,14000,4.146128036,2603,3101,4002,4002,304,304,103,101,0,1,0,0,1,0,0,1,1,1,1,1,0,0,0,1,1,2A,XA,XB,XB,1C,1C,0,1,0,2,0,1,2,3,2AXA_XBXB_1C1C,0,1,0,0,0,0,0,0,0,0,0,0
176,4103598,431,16000,4.204119983,201,206,1501,4403,303,1403,103,101,0,1,0,0,1,0,0,1,1,1,1,1,0,0,0,1,1,2A,2A,XB,XB,1C,1C,0,2,0,2,0,2,2,4,2A2A_XBXB_1C1C,1,0,0,0,0,0,0,0,0,0,0,0
177,4271837,370,9500,3.977723605,206,2603,1501,4002,303,702,103,103,0,1,1,1,1,1,0,1,1,1,1,1,1,1,1,1,1,2A,2A,XB,XB,1C,XC,0,2,0,1,0,2,1,3,2A2A_XBXB_1CXC,0,0,0,0,1,0,0,0,0,0,0,0
178,4282121,200,440000,5.643452676,207,2402,4601,5201,102,1202,103,103,1,1,0,0,1,0,0,1,1,1,1,1,0,0,0,1,1,2A,2A,XB,XB,1C,1C,0,2,0,2,0,2,2,4,2A2A_XBXB_1C1C,1,0,0,0,0,0,0,0,0,0,0,0
179,4288842,175,2300,3.361727836,206,2402,3501,4601,102,303,103,101,0,1,0,0,1,0,0,1,1,1,1,1,0,0,0,1,1,2A,2A,XB,XB,1C,1C,0,2,0,2,0,2,2,4,2A2A_XBXB_1C1C,1,0,0,0,0,0,0,0,0,0,0,0
180,4297071,288,33000,4.51851394,2402,3101,702,5101,702,1402,103,101,0,1,0,0,1,0,1,1,1,1,1,1,1,1,1,1,1,2A,XA,6B,XB,XC,1C,0,1,1,1,0,1,1,3,2AXA_6BXB_1CXC,0,0,0,0,0,0,1,0,0,0,0,0
181,4283339,278,11000,4.041392685,2402,3303,4403,5101,1402,1403,103,103,0,1,0,0,1,0,0,1,1,1,1,1,0,0,0,1,1,2A,XA,XB,XB,1C,1C,0,1,0,2,0,1,2,3,2AXA_XBXB_1C1C,0,1,0,0,0,0,0,0,0,0,0,0
182,4233376,375,8600,3.934498451,201,206,3901,6701,702,702,101,101,1,1,0,0,1,0,0,1,1,1,1,1,0,0,0,1,1,2A,2A,6B,XB,XC,XC,0,2,1,0,0,2,0,3,2A2A_6BXB_XCXC,0,0,0,0,0,0,0,0,0,0,0,0
183,4288073,358,36000,4.556302501,206,3101,3501,4002,303,304,103,101,0,1,0,0,1,0,1,1,1,1,1,1,1,1,1,1,1,2A,XA,XB,XB,1C,1C,0,1,0,2,0,1,2,3,2AXA_XBXB_1C1C,0,1,0,0,0,0,0,0,0,0,0,0
184,4337397,773,11000,4.041392685,1101,2402,5201,6701,702,1202,103,101,1,1,0,0,1,0,0,1,1,1,1,1,0,0,0,1,1,1A,2A,XB,XB,XC,1C,1,1,0,1,0,2,1,3,1A2A_XBXB_1CXC,0,0,0,0,0,0,0,0,0,0,0,1
185,4339670,283,130000,5.113943352,201,2402,3904,5401,102,702,103,101,0,1,0,0,1,0,0,1,1,1,1,1,0,0,0,1,1,2A,2A,6B,XB,1C,XC,0,2,1,1,0,2,1,4,2A2A_6BXB_1CXC,0,0,1,0,0,0,0,0,0,0,0,0
186,4328865,219,60000,4.77815125,201,2402,4003,5102,304,1502,103,103,0,1,0,0,0,0,1,1,1,1,1,0,1,1,1,0,1,2A,2A,XB,XB,1C,2C,0,2,0,1,1,2,2,4,2A2A_XBXB_1C2C,0,0,0,0,0,0,0,0,0,0,1,0
187,4285087,271,38000,4.579783597,2402,3303,702,5801,302,702,103,101,0,1,0,0,1,0,0,1,1,1,1,1,0,0,0,1,1,2A,XA,6B,XB,1C,XC,0,1,1,1,0,1,1,3,2AXA_6BXB_1CXC,0,0,0,0,0,0,1,0,0,0,0,0
188,4068163,360,1100,3.041392685,2402,2402,5201,5201,1202,1202,103,103,1,1,0,0,1,0,0,1,1,1,1,1,0,0,0,1,1,2A,2A,XB,XB,1C,1C,0,2,0,2,0,2,2,4,2A2A_XBXB_1C1C,1,0,0,0,0,0,0,0,0,0,0,0
189,4362395,198,27000,4.431363764,201,2402,702,4601,103,702,103,101,0,1,1,0,1,1,0,1,1,1,1,1,0,1,0,1,1,2A,2A,6B,XB,1C,XC,0,2,1,1,0,2,1,4,2A2A_6BXB_1CXC,0,0,1,0,0,0,0,0,0,0,0,0
190,4292614,551,46000,4.662757832,206,2402,5101,5201,304,1202,103,101,1,1,0,0,1,0,1,1,1,1,1,1,1,1,1,1,1,2A,2A,XB,XB,1C,1C,0,2,0,2,0,2,2,4,2A2A_XBXB_1C1C,1,0,0,0,0,0,0,0,0,0,0,0
191,4207098,277,11000,4.041392685,201,1101,1518,3901,702,704,103,101,0,1,0,0,1,0,0,1,1,1,1,1,0,0,0,1,1,2A,1A,XB,6B,XC,XC,1,1,1,0,0,2,0,3,1A2A_6BXB_XCXC,0,0,0,0,0,0,0,0,0,0,0,0
192,4405968,201,47000,4.672097858,2402,2402,5201,5201,1202,1202,103,101,1,1,0,0,1,0,1,1,1,1,1,1,1,1,1,1,1,2A,2A,XB,XB,1C,1C,0,2,0,2,0,2,2,4,2A2A_XBXB_1C1C,1,0,0,0,0,0,0,0,0,0,0,0
193,4290881,460,8800,3.944482672,2402,3101,4002,4002,304,304,103,103,0,1,0,0,0,0,1,1,1,1,1,0,1,1,1,0,1,2A,XA,XB,XB,1C,1C,0,1,0,2,0,1,2,3,2AXA_XBXB_1C1C,0,1,0,0,0,0,0,0,0,0,0,0
194,4399504,657,49000,4.69019608,2402,2402,4002,4006,102,801,103,101,0,1,0,0,1,0,1,1,1,1,1,1,1,1,1,1,1,2A,2A,XB,XB,1C,1C,0,2,0,2,0,2,2,4,2A2A_XBXB_1C1C,1,0,0,0,0,0,0,0,0,0,0,0
195,4384928,315,66000,4.819543936,2402,2402,5101,5601,1202,1402,103,101,1,1,1,1,1,1,1,1,1,1,1,1,1,1,1,1,1,2A,2A,XB,XB,1C,1C,0,2,0,2,0,2,2,4,2A2A_XBXB_1C1C,1,0,0,0,0,0,0,0,0,0,0,0
196,4439136,249,4700,3.672097858,201,2402,4002,5101,304,1402,103,103,0,1,0,0,1,0,0,1,1,1,1,1,0,0,0,1,1,2A,2A,XB,XB,1C,1C,0,2,0,2,0,2,2,4,2A2A_XBXB_1C1C,1,0,0,0,0,0,0,0,0,0,0,0
197,4332930,339,14000,4.146128036,201,3101,3701,3901,602,702,103,101,0,1,1,1,1,0,0,1,1,1,1,1,0,0,0,1,1,2A,XA,XB,6B,1C,XC,0,1,1,1,0,1,1,3,2AXA_6BXB_1CXC,0,0,0,0,0,0,1,0,0,0,0,0
198,4283296,406,9000,3.954242509,2402,2402,4006,4601,102,801,103,103,0,1,1,1,0,1,0,1,1,1,1,0,1,1,1,0,1,2A,2A,XB,XB,1C,1C,0,2,0,2,0,2,2,4,2A2A_XBXB_1C1C,1,0,0,0,0,0,0,0,0,0,0,0
199,4413787,234,720000,5.857332496,201,2603,3501,4002,303,304,103,103,0,1,0,0,1,0,0,1,1,1,1,1,0,0,0,1,1,2A,2A,XB,XB,1C,1C,0,2,0,2,0,2,2,4,2A2A_XBXB_1C1C,1,0,0,0,0,0,0,0,0,0,0,0
200,4451860,27,2700000,6.431363764,201,1101,5401,5401,102,102,103,103,0,1,1,1,1,0,0,1,1,1,1,1,0,0,0,1,1,2A,1A,XB,XB,1C,1C,1,1,0,2,0,2,2,4,1A2A_XBXB_1C1C,0,0,0,1,0,0,0,0,0,0,0,0
201,4453547,160,1900000,6.278753601,2402,2402,5201,5401,102,1202,103,101,1,1,0,0,1,0,0,1,1,1,1,1,0,0,0,1,1,2A,2A,XB,XB,1C,1C,0,2,0,2,0,2,2,4,2A2A_XBXB_1C1C,1,0,0,0,0,0,0,0,0,0,0,0
202,4450564,519,110,2.041392685,206,2402,1501,5201,702,1202,103,101,1,1,0,0,1,0,0,1,1,1,1,1,0,0,0,1,1,2A,2A,XB,XB,XC,1C,0,2,0,1,0,2,1,3,2A2A_XBXB_1CXC,0,0,0,0,1,0,0,0,0,0,0,0
203,4319607,687,3400,3.531478917,206,2402,5201,5502,102,1202,103,101,1,1,0,0,1,0,0,1,1,1,1,1,0,0,0,1,1,2A,2A,XB,XB,1C,1C,0,2,0,2,0,2,2,4,2A2A_XBXB_1C1C,1,0,0,0,0,0,0,0,0,0,0,0
204,4477613,334,7700,3.886490725,1101,2402,5201,5401,102,1202,103,103,1,1,1,1,1,0,0,1,1,1,1,1,0,0,0,1,1,1A,2A,XB,XB,1C,1C,1,1,0,2,0,2,2,4,1A2A_XBXB_1C1C,0,0,0,1,0,0,0,0,0,0,0,0
205,4472171,219,11000,4.041392685,3303,3303,4403,4403,1403,1403,103,103,0,1,0,0,1,0,0,1,1,1,1,1,0,0,0,1,1,XA,XA,XB,XB,1C,1C,0,0,0,2,0,0,2,2,XAXA_XBXB_1C1C,0,0,0,0,0,0,0,0,0,1,0,0
206,4492043,144,190000,5.278753601,301,2420,4001,4402,501,702,103,101,0,1,0,0,1,0,1,1,1,1,1,1,1,1,1,1,1,1A,2A,XB,XB,1C,XC,1,1,0,1,0,2,1,3,1A2A_XBXB_1CXC,0,0,0,0,0,0,0,0,0,0,0,1
207,4491877,523,3600,3.556302501,2402,2402,1501,5901,102,102,103,103,0,1,0,0,1,0,0,1,1,1,1,1,0,0,0,1,1,2A,2A,XB,XB,1C,1C,0,2,0,2,0,2,2,4,2A2A_XBXB_1C1C,1,0,0,0,0,0,0,0,0,0,0,0
208,4432151,325,3300,3.51851394,301,3101,4402,5101,501,1402,103,103,0,1,0,0,1,0,0,1,1,1,1,1,0,0,0,1,1,1A,XA,XB,XB,1C,1C,1,0,0,2,0,1,2,3,1AXA_XBXB_1C1C,0,0,0,0,0,0,0,1,0,0,0,0
209,4495202,169,6400,3.806179974,2402,3101,1501,5101,303,1402,103,101,0,1,0,0,1,0,0,1,1,1,1,1,0,0,0,1,1,2A,XA,XB,XB,1C,1C,0,1,0,2,0,1,2,3,2AXA_XBXB_1C1C,0,1,0,0,0,0,0,0,0,0,0,0
210,4494645,338,56000,4.748188027,2601,3101,702,5201,702,1202,101,101,1,1,0,0,1,0,0,1,1,1,1,1,0,0,0,1,1,2A,XA,6B,XB,XC,1C,0,1,1,1,0,1,1,3,2AXA_6BXB_1CXC,0,0,0,0,0,0,1,0,0,0,0,0
211,4455077,448,42000,4.62324929,201,1101,5401,5401,102,102,103,101,0,1,0,0,1,0,0,1,1,1,1,1,0,0,0,1,1,2A,1A,XB,XB,1C,1C,1,1,0,2,0,2,2,4,1A2A_XBXB_1C1C,0,0,0,1,0,0,0,0,0,0,0,0
212,4511117,41,10000,4,2402,2601,5201,5401,102,1202,103,101,1,1,1,1,1,0,1,1,1,1,1,1,0,1,1,1,1,2A,2A,XB,XB,1C,1C,0,2,0,2,0,2,2,4,2A2A_XBXB_1C1C,1,0,0,0,0,0,0,0,0,0,0,0
213,3677328,512,27000,4.431363764,2402,2402,702,4002,304,702,103,103,0,1,0,0,1,0,0,1,1,1,1,1,0,0,0,1,1,2A,2A,6B,XB,1C,XC,0,2,1,1,0,2,1,4,2A2A_6BXB_1CXC,0,0,1,0,0,0,0,0,0,0,0,0
214,4527930,161,30000,4.477121255,3101,3303,4403,5101,1402,1403,103,103,0,1,0,0,1,0,0,1,1,1,1,1,0,0,0,1,1,XA,XA,XB,XB,1C,1C,0,0,0,2,0,0,2,2,XAXA_XBXB_1C1C,0,0,0,0,0,0,0,0,0,1,0,0
215,4515076,191,73000,4.86332286,1101,2402,4403,5101,1402,1403,103,101,0,1,0,0,1,0,1,1,1,1,1,1,1,1,1,1,1,1A,2A,XB,XB,1C,1C,1,1,0,2,0,2,2,4,1A2A_XBXB_1C1C,0,0,0,1,0,0,0,0,0,0,0,0
216,4542344,60,480000,5.681241237,1101,3101,5502,5601,102,401,103,101,0,1,0,0,1,0,0,1,1,1,1,1,0,0,0,1,1,1A,XA,XB,XB,1C,1C,1,0,0,2,0,1,2,3,1AXA_XBXB_1C1C,0,0,0,0,0,0,0,1,0,0,0,0
217,4547932,75,7800,3.892094603,201,2402,702,4801,303,702,103,101,0,1,0,0,1,0,0,1,1,1,1,1,0,0,0,1,1,2A,2A,6B,6B,1C,XC,0,2,2,1,0,2,1,5,2A2A_6B6B_1CXC,0,0,0,0,0,0,0,0,0,0,0,0
218,4522296,194,81000,4.908485019,2402,2402,4001,4403,304,1403,103,101,0,1,0,0,1,0,0,1,1,1,1,1,0,0,0,1,1,2A,2A,XB,XB,1C,1C,0,2,0,2,0,2,2,4,2A2A_XBXB_1C1C,1,0,0,0,0,0,0,0,0,0,0,0
219,4574112,364,17000,4.230448921,2601,3303,3501,4403,303,1403,103,103,0,1,1,1,1,1,0,1,1,1,1,1,1,1,1,1,1,2A,XA,XB,XB,1C,1C,0,1,0,2,0,1,2,3,2AXA_XBXB_1C1C,0,1,0,0,0,0,0,0,0,0,0,0
220,4577195,42,26000,4.414973348,2402,2402,5401,5901,102,102,103,101,0,1,0,0,1,0,0,1,1,1,1,1,0,0,0,1,1,2A,2A,XB,XB,1C,1C,0,2,0,2,0,2,2,4,2A2A_XBXB_1C1C,1,0,0,0,0,0,0,0,0,0,0,0
221,4573920,264,25000,4.397940009,2601,3101,4001,5601,102,702,103,101,0,1,0,0,1,0,0,1,1,1,1,1,0,0,0,1,1,2A,XA,XB,XB,1C,XC,0,1,0,1,0,1,1,2,2AXA_XBXB_1CXC,0,0,0,0,0,0,0,0,0,0,0,0
222,4580847,376,1700,3.230448921,2601,3101,4002,4601,304,1402,103,103,0,1,0,0,1,0,1,1,1,1,1,1,1,1,1,1,1,2A,XA,XB,XB,1C,1C,0,1,0,2,0,1,2,3,2AXA_XBXB_1C1C,0,1,0,0,0,0,0,0,0,0,0,0
223,4578909,379,32000,4.505149978,2402,3101,4002,5201,304,1202,103,101,1,1,1,1,1,0,1,1,1,1,1,1,1,1,1,1,1,2A,XA,XB,XB,1C,1C,0,1,0,2,0,1,2,3,2AXA_XBXB_1C1C,0,1,0,0,0,0,0,0,0,0,0,0
224,4554950,359,78000,4.892094603,101,2420,3701,5502,102,602,101,101,0,1,0,0,1,0,0,1,1,1,1,1,0,0,0,1,1,1A,2A,XB,XB,1C,1C,1,1,0,2,0,2,2,4,1A2A_XBXB_1C1C,0,0,0,1,0,0,0,0,0,0,0,0
225,4581723,244,130000,5.113943352,2402,2402,702,5201,702,1202,103,101,1,1,1,0,1,1,0,1,1,1,1,1,0,1,0,1,1,2A,2A,6B,XB,XC,1C,0,2,1,1,0,2,1,4,2A2A_6BXB_1CXC,0,0,1,0,0,0,0,0,0,0,0,0
226,4559001,549,720,2.857332496,2402,2402,5201,5201,1202,1202,103,103,1,1,0,0,1,1,0,1,1,1,1,1,1,1,1,1,1,2A,2A,XB,XB,1C,1C,0,2,0,2,0,2,2,4,2A2A_XBXB_1C1C,1,0,0,0,0,0,0,0,0,0,0,0
227,4596181,340,8500,3.929418926,206,3101,4002,5101,304,1402,103,101,0,1,0,0,1,0,0,1,1,1,1,1,0,0,0,1,1,2A,XA,XB,XB,1C,1C,0,1,0,2,0,1,2,3,2AXA_XBXB_1C1C,0,1,0,0,0,0,0,0,0,0,0,0
228,4574154,206,77000,4.886490725,207,3101,4601,5102,102,1502,103,101,0,1,0,0,1,1,0,1,1,1,1,1,1,1,1,1,1,2A,XA,XB,XB,1C,2C,0,1,0,1,1,1,2,3,2AXA_XBXB_1C2C,0,0,0,0,0,0,0,0,0,0,0,0
229,4371683,251,140000,5.146128036,201,2402,702,5101,102,702,103,101,0,1,1,1,0,1,1,1,1,1,1,0,1,1,1,0,1,2A,2A,6B,XB,1C,XC,0,2,1,1,0,2,1,4,2A2A_6BXB_1CXC,0,0,1,0,0,0,0,0,0,0,0,0
230,4603782,448,300000,5.477121255,201,2402,5101,5201,1202,1402,103,101,1,1,1,1,1,0,1,1,1,1,1,1,1,1,1,1,1,2A,2A,XB,XB,1C,1C,0,2,0,2,0,2,2,4,2A2A_XBXB_1C1C,1,0,0,0,0,0,0,0,0,0,0,0
231,4603144,357,120000,5.079181246,2402,3101,1501,2704,702,1202,103,101,1,1,0,0,1,0,0,1,1,1,1,1,0,0,0,1,1,2A,XA,XB,XB,XC,1C,0,1,0,1,0,1,1,2,2AXA_XBXB_1CXC,0,0,0,0,0,0,0,0,0,0,0,0
232,4588160,183,38000,4.579783597,2402,2402,4002,5401,102,304,103,101,0,1,1,1,0,1,1,1,1,1,1,0,1,1,1,0,1,2A,2A,XB,XB,1C,1C,0,2,0,2,0,2,2,4,2A2A_XBXB_1C1C,1,0,0,0,0,0,0,0,0,0,0,0
233,4578068,508,15000,4.176091259,206,3101,4006,5101,102,801,101,101,0,1,0,0,1,0,0,1,1,1,1,1,0,0,0,1,1,2A,XA,XB,XB,1C,1C,0,1,0,2,0,1,2,3,2AXA_XBXB_1C1C,0,1,0,0,0,0,0,0,0,0,0,0
234,4602008,205,21000,4.322219295,201,2601,4002,5502,102,304,103,101,0,1,0,0,1,0,0,1,1,1,1,1,0,0,0,1,1,2A,2A,XB,XB,1C,1C,0,2,0,2,0,2,2,4,2A2A_XBXB_1C1C,1,0,0,0,0,0,0,0,0,0,0,0
235,4627483,267,12000,4.079181246,1101,3303,4403,5401,102,1403,103,103,0,1,1,1,1,0,1,1,1,1,1,1,0,1,1,1,1,1A,XA,XB,XB,1C,1C,1,0,0,2,0,1,2,3,1AXA_XBXB_1C1C,0,0,0,0,0,0,0,1,0,0,0,0
236,2415071,330,12000,4.079181246,2402,2402,4001,5201,1202,1502,103,101,1,1,0,0,1,0,0,1,1,1,1,1,0,0,0,1,1,2A,2A,XB,XB,1C,2C,0,2,0,1,1,2,2,4,2A2A_XBXB_1C2C,0,0,0,0,0,0,0,0,0,0,1,0
237,4627568,155,490000,5.69019608,2402,3303,3501,4403,303,1403,103,103,0,1,0,0,1,0,0,1,1,1,1,1,0,0,0,1,1,2A,XA,XB,XB,1C,1C,0,1,0,2,0,1,2,3,2AXA_XBXB_1C1C,0,1,0,0,0,0,0,0,0,0,0,0
238,4640077,878,2100,3.322219295,206,3101,702,1501,401,702,103,101,0,1,0,0,1,0,1,1,1,1,1,1,1,1,1,1,1,2A,XA,6B,XB,1C,XC,0,1,1,1,0,1,1,3,2AXA_6BXB_1CXC,0,0,0,0,0,0,1,0,0,0,0,0
239,4639086,551,60000,4.77815125,206,2601,3501,5201,303,1202,103,101,1,1,1,1,1,0,0,1,1,1,1,1,0,0,0,1,1,2A,2A,XB,XB,1C,1C,0,2,0,2,0,2,2,4,2A2A_XBXB_1C1C,1,0,0,0,0,0,0,0,0,0,0,0
240,4621397,399,3300,3.51851394,2402,3101,5201,5901,102,1202,103,103,1,1,0,0,1,0,0,1,1,1,1,1,0,0,0,1,1,2A,XA,XB,XB,1C,1C,0,1,0,2,0,1,2,3,2AXA_XBXB_1C1C,0,1,0,0,0,0,0,0,0,0,0,0
241,4648941,420,7600,3.880813592,2402,2402,5201,5201,1202,1202,103,103,1,1,0,0,1,0,0,1,1,1,1,1,0,0,0,1,1,2A,2A,XB,XB,1C,1C,0,2,0,2,0,2,2,4,2A2A_XBXB_1C1C,1,0,0,0,0,0,0,0,0,0,0,0
242,4658043,523,110000,5.041392685,201,2402,5201,5901,102,1202,103,103,1,1,0,0,1,0,0,1,1,1,1,1,0,0,0,1,1,2A,2A,XB,XB,1C,1C,0,2,0,2,0,2,2,4,2A2A_XBXB_1C1C,1,0,0,0,0,0,0,0,0,0,0,0
243,4581781,356,81000,4.908485019,201,2402,1301,5401,102,304,103,101,0,1,0,0,1,0,0,1,1,1,1,1,0,0,0,1,1,2A,2A,XB,XB,1C,1C,0,2,0,2,0,2,2,4,2A2A_XBXB_1C1C,1,0,0,0,0,0,0,0,0,0,0,0
244,4662512,126,220000,5.342422681,201,2402,1501,4001,803,1502,103,101,0,1,0,0,1,0,0,1,1,1,1,1,0,0,0,1,1,2A,2A,XB,XB,1C,2C,0,2,0,1,1,2,2,4,2A2A_XBXB_1C2C,0,0,0,0,0,0,0,0,0,0,1,0
245,4679572,363,35000,4.544068044,201,207,3802,4601,102,702,103,103,0,1,0,0,0,0,1,1,1,1,1,0,1,1,1,0,1,2A,2A,6B,XB,1C,XC,0,2,1,1,0,2,1,4,2A2A_6BXB_1CXC,0,0,1,0,0,0,0,0,0,0,0,0
246,4680879,294,2500,3.397940009,206,2402,3501,5201,303,1202,103,101,1,1,1,1,1,0,1,1,1,1,1,1,0,1,1,1,1,2A,2A,XB,XB,1C,1C,0,2,0,2,0,2,2,4,2A2A_XBXB_1C1C,1,0,0,0,0,0,0,0,0,0,0,0
247,4687551,232,10000,4,206,206,3901,5101,702,1402,103,103,0,1,0,0,1,0,0,1,1,1,1,1,0,0,0,1,1,2A,2A,6B,XB,XC,1C,0,2,1,1,0,2,1,4,2A2A_6BXB_1CXC,0,0,1,0,0,0,0,0,0,0,0,0
248,4676430,65,5100,3.707570176,207,3101,4006,5101,801,1402,103,103,0,1,0,0,1,0,1,1,1,1,1,1,1,1,1,1,1,2A,XA,XB,XB,1C,1C,0,1,0,2,0,1,2,3,2AXA_XBXB_1C1C,0,1,0,0,0,0,0,0,0,0,0,0
249,4670634,340,13000,4.113943352,2602,3101,1501,4006,401,801,103,103,0,1,0,0,1,0,0,1,1,1,1,1,0,0,0,1,1,2A,XA,XB,XB,1C,1C,0,1,0,2,0,1,2,3,2AXA_XBXB_1C1C,0,1,0,0,0,0,0,0,0,0,0,0
250,4689108,798,16000,4.204119983,201,2402,1507,4002,102,303,103,103,0,1,0,0,1,0,0,1,1,1,1,1,0,0,0,1,1,2A,2A,XB,XB,1C,1C,0,2,0,2,0,2,2,4,2A2A_XBXB_1C1C,1,0,0,0,0,0,0,0,0,0,0,0
251,4696155,610,1200,3.079181246,206,3101,4002,5101,304,1402,103,103,0,1,0,0,1,0,0,1,1,1,1,1,0,0,0,1,1,2A,XA,XB,XB,1C,1C,0,1,0,2,0,1,2,3,2AXA_XBXB_1C1C,0,1,0,0,0,0,0,0,0,0,0,0
252,4682295,231,120000,5.079181246,2402,2402,702,801,702,801,103,103,0,1,0,0,1,0,1,1,1,1,1,1,1,1,1,1,1,2A,2A,6B,6B,XC,1C,0,2,2,1,0,2,1,5,2A2A_6B6B_1CXC,0,0,0,0,0,0,0,0,0,0,0,0
253,4697871,72,250000,5.397940009,201,2402,3501,5401,102,801,103,103,0,1,0,0,1,0,0,1,1,1,1,1,0,0,0,1,1,2A,2A,XB,XB,1C,1C,0,2,0,2,0,2,2,4,2A2A_XBXB_1C1C,1,0,0,0,0,0,0,0,0,0,0,0
254,4709262,291,140000,5.146128036,206,1101,5101,5401,102,1402,103,101,0,1,0,0,1,1,0,1,1,1,1,1,1,1,1,1,1,2A,1A,XB,XB,1C,1C,1,1,0,2,0,2,2,4,1A2A_XBXB_1C1C,0,0,0,1,0,0,0,0,0,0,0,0
255,2806886,316,3900,3.591064607,206,2603,1501,3501,303,304,103,103,0,1,0,0,1,0,1,1,1,1,1,1,1,1,1,1,1,2A,2A,XB,XB,1C,1C,0,2,0,2,0,2,2,4,2A2A_XBXB_1C1C,1,0,0,0,0,0,0,0,0,0,0,0
256,4709998,11,410000,5.612783857,201,206,702,1518,702,704,103,103,0,1,0,0,1,0,0,1,1,1,1,1,0,0,0,1,1,2A,2A,6B,XB,XC,XC,0,2,1,0,0,2,0,3,2A2A_6BXB_XCXC,0,0,0,0,0,0,0,0,0,0,0,0
257,4717166,162,1400,3.146128036,201,2402,5201,5502,702,1202,103,101,1,1,1,1,1,0,1,1,1,1,1,1,0,1,1,1,1,2A,2A,XB,XB,XC,1C,0,2,0,1,0,2,1,3,2A2A_XBXB_1CXC,0,0,0,0,1,0,0,0,0,0,0,0
258,4717137,402,2800,3.447158031,3101,3303,3901,4403,702,1403,103,103,0,1,0,0,1,0,0,1,1,1,1,1,0,0,0,1,1,XA,XA,6B,XB,XC,1C,0,0,1,1,0,0,1,2,XAXA_6BXB_1CXC,0,0,0,0,0,0,0,0,0,0,0,0
259,4716453,167,100000,5,2402,2402,702,3501,702,702,103,101,0,1,1,1,1,0,0,1,1,1,1,1,0,0,0,1,1,2A,2A,6B,XB,XC,XC,0,2,1,0,0,2,0,3,2A2A_6BXB_XCXC,0,0,0,0,0,0,0,0,0,0,0,0
260,4721303,45,360000,5.556302501,2402,2402,4006,5201,801,1202,103,103,1,1,1,1,1,0,0,1,1,1,1,1,0,0,0,1,1,2A,2A,XB,XB,1C,1C,0,2,0,2,0,2,2,4,2A2A_XBXB_1C1C,1,0,0,0,0,0,0,0,0,0,0,0
261,4726311,84,420000,5.62324929,2402,2601,3501,5401,102,801,103,101,0,1,0,0,1,0,0,1,1,1,1,1,0,0,0,1,1,2A,2A,XB,XB,1C,1C,0,2,0,2,0,2,2,4,2A2A_XBXB_1C1C,1,0,0,0,0,0,0,0,0,0,0,0
262,4731724,214,8600,3.934498451,2402,3303,1501,5502,303,303,103,103,0,1,0,0,1,0,0,1,1,1,1,1,0,0,0,1,1,2A,XA,XB,XB,1C,1C,0,1,0,2,0,1,2,3,2AXA_XBXB_1C1C,0,1,0,0,0,0,0,0,0,0,0,0
263,4745408,261,6800,3.832508913,2402,2402,4001,5201,304,1202,103,103,1,1,0,0,1,0,1,1,1,1,1,1,1,1,1,1,1,2A,2A,XB,XB,1C,1C,0,2,0,2,0,2,2,4,2A2A_XBXB_1C1C,1,0,0,0,0,0,0,0,0,0,0,0
264,4746081,327,45000,4.653212514,2402,2402,4002,5401,102,304,103,101,0,1,0,0,1,0,1,1,1,1,1,1,1,1,1,1,1,2A,2A,XB,XB,1C,1C,0,2,0,2,0,2,2,4,2A2A_XBXB_1C1C,1,0,0,0,0,0,0,0,0,0,0,0
265,4750592,134,17000,4.230448921,2402,3303,4403,4801,801,1403,103,103,0,1,0,0,1,0,0,1,1,1,1,1,0,0,0,1,1,2A,XA,XB,6B,1C,1C,0,1,1,2,0,1,2,4,2AXA_6BXB_1C1C,0,0,0,0,0,0,0,0,0,0,0,0
266,1434183,333,49000,4.69019608,201,3101,1301,4002,304,304,103,103,0,1,0,0,1,0,0,1,1,1,1,1,0,0,0,1,1,2A,XA,XB,XB,1C,1C,0,1,0,2,0,1,2,3,2AXA_XBXB_1C1C,0,1,0,0,0,0,0,0,0,0,0,0
267,4756460,369,43000,4.633468456,206,1101,4402,4801,501,801,103,101,0,1,0,0,1,0,0,1,1,1,1,1,0,0,0,1,1,2A,1A,XB,6B,1C,1C,1,1,1,2,0,2,2,5,1A2A_6BXB_1C1C,0,0,0,0,0,0,0,0,0,0,0,0
268,4757258,315,59000,4.770852012,206,2402,3904,4001,304,702,103,103,0,1,0,0,0,1,0,1,1,1,1,0,1,1,1,0,1,2A,2A,6B,XB,1C,XC,0,2,1,1,0,2,1,4,2A2A_6BXB_1CXC,0,0,1,0,0,0,0,0,0,0,0,0
269,4764452,266,8200,3.913813852,2402,2402,5101,5201,1202,1402,103,103,1,1,0,0,1,0,0,1,1,1,1,1,0,0,0,1,1,2A,2A,XB,XB,1C,1C,0,2,0,2,0,2,2,4,2A2A_XBXB_1C1C,1,0,0,0,0,0,0,0,0,0,0,0
270,4767552,241,6000,3.77815125,2402,3101,4002,5201,304,1202,103,103,1,1,1,1,1,0,1,1,1,1,1,1,0,1,1,1,1,2A,XA,XB,XB,1C,1C,0,1,0,2,0,1,2,3,2AXA_XBXB_1C1C,0,1,0,0,0,0,0,0,0,0,0,0
271,4762049,311,30000,4.477121255,2402,3303,702,4403,702,1403,103,103,0,1,0,0,1,0,1,1,1,1,1,1,1,1,1,1,1,2A,XA,6B,XB,XC,1C,0,1,1,1,0,1,1,3,2AXA_6BXB_1CXC,0,0,0,0,0,0,1,0,0,0,0,0
272,4729600,344,79000,4.897627091,1101,3303,1501,4403,401,1403,103,101,0,1,0,0,1,0,0,1,1,1,1,1,0,0,0,1,1,1A,XA,XB,XB,1C,1C,1,0,0,2,0,1,2,3,1AXA_XBXB_1C1C,0,0,0,0,0,0,0,1,0,0,0,0
273,4774118,239,260000,5.414973348,2603,3101,3501,4002,303,304,103,103,0,1,0,0,1,0,1,1,1,1,1,1,1,1,1,1,1,2A,XA,XB,XB,1C,1C,0,1,0,2,0,1,2,3,2AXA_XBXB_1C1C,0,1,0,0,0,0,0,0,0,0,0,0
274,4773388,297,45000,4.653212514,2402,6802,1402,4002,303,802,103,101,0,1,0,0,1,0,0,1,1,1,1,1,0,0,0,1,1,2A,2A,6B,XB,1C,1C,0,2,1,2,0,2,2,5,2A2A_6BXB_1C1C,0,0,0,0,0,1,0,0,0,0,0,0
275,4776488,175,45000,4.653212514,201,206,4001,4403,304,1403,103,101,0,1,0,0,1,0,0,1,1,1,1,1,0,0,0,1,1,2A,2A,XB,XB,1C,1C,0,2,0,2,0,2,2,4,2A2A_XBXB_1C1C,1,0,0,0,0,0,0,0,0,0,0,0
276,4776417,190,8600,3.934498451,2402,2402,5101,5502,102,1402,103,103,0,1,0,0,1,0,0,1,1,1,1,1,0,0,0,1,1,2A,2A,XB,XB,1C,1C,0,2,0,2,0,2,2,4,2A2A_XBXB_1C1C,1,0,0,0,0,0,0,0,0,0,0,0
277,4790411,325,88000,4.944482672,2603,3303,1501,5801,302,303,103,101,0,1,0,0,1,0,0,1,1,1,1,1,0,0,0,1,1,2A,XA,XB,XB,1C,1C,0,1,0,2,0,1,2,3,2AXA_XBXB_1C1C,0,1,0,0,0,0,0,0,0,0,0,0
278,4781660,664,500,2.698970004,2402,2402,5201,5401,803,1202,103,103,1,1,1,1,1,1,0,1,1,1,1,1,1,1,0,1,1,2A,2A,XB,XB,1C,1C,0,2,0,2,0,2,2,4,2A2A_XBXB_1C1C,1,0,0,0,0,0,0,0,0,0,0,0
279,4780609,288,1700,3.230448921,1101,3101,4002,5801,302,304,103,103,0,1,1,1,1,1,0,1,1,1,1,1,0,1,0,1,1,1A,XA,XB,XB,1C,1C,1,0,0,2,0,1,2,3,1AXA_XBXB_1C1C,0,0,0,0,0,0,0,1,0,0,0,0
280,4796796,160,120000,5.079181246,2402,2402,3501,5201,303,1202,103,101,1,1,0,0,1,0,0,1,1,1,1,1,0,0,0,1,1,2A,2A,XB,XB,1C,1C,0,2,0,2,0,2,2,4,2A2A_XBXB_1C1C,1,0,0,0,0,0,0,0,0,0,0,0
281,4797601,255,20000,4.301029996,206,2402,3901,5901,102,702,103,103,0,1,0,0,1,0,0,1,1,1,1,1,0,0,0,1,1,2A,2A,6B,XB,1C,XC,0,2,1,1,0,2,1,4,2A2A_6BXB_1CXC,0,0,1,0,0,0,0,0,0,0,0,0
282,4785343,456,13000,4.113943352,201,2402,5101,5201,1202,1402,103,101,1,1,0,0,1,0,0,1,1,1,1,1,0,0,0,1,1,2A,2A,XB,XB,1C,1C,0,2,0,2,0,2,2,4,2A2A_XBXB_1C1C,1,0,0,0,0,0,0,0,0,0,0,0
283,1316807,370,19000,4.278753601,201,201,3501,4801,801,801,103,101,0,1,0,0,1,0,0,1,1,1,1,1,0,0,0,1,1,2A,2A,XB,6B,1C,1C,0,2,1,2,0,2,2,5,2A2A_6BXB_1C1C,0,0,0,0,0,1,0,0,0,0,0,0
284,4802802,193,7000,3.84509804,2402,2402,5201,5201,1202,1202,103,103,1,1,1,1,1,1,0,1,1,1,1,1,0,1,0,1,1,2A,2A,XB,XB,1C,1C,0,2,0,2,0,2,2,4,2A2A_XBXB_1C1C,1,0,0,0,0,0,0,0,0,0,0,0
285,4802815,243,17000,4.230448921,2402,2402,4801,5101,803,1402,103,103,0,1,1,1,1,0,1,1,1,1,1,1,0,1,1,1,1,2A,2A,6B,XB,1C,1C,0,2,1,2,0,2,2,5,2A2A_6BXB_1C1C,0,0,0,0,0,1,0,0,0,0,0,0
286,4807285,103,1700000,6.230448921,201,3101,3501,5101,303,1402,103,103,0,1,0,0,1,0,0,1,1,1,1,1,0,0,0,1,1,2A,XA,XB,XB,1C,1C,0,1,0,2,0,1,2,3,2AXA_XBXB_1C1C,0,1,0,0,0,0,0,0,0,0,0,0
287,4810487,262,21000,4.322219295,207,3303,4001,4403,702,1403,101,101,0,1,0,0,1,0,0,1,1,1,1,1,0,0,0,1,1,2A,XA,XB,XB,XC,1C,0,1,0,1,0,1,1,2,2AXA_XBXB_1CXC,0,0,0,0,0,0,0,0,0,0,0,0
288,4810940,194,5300,3.72427587,2603,3303,1501,4403,401,1403,103,103,0,1,0,0,1,0,0,1,1,1,1,1,0,0,0,1,1,2A,XA,XB,XB,1C,1C,0,1,0,2,0,1,2,3,2AXA_XBXB_1C1C,0,1,0,0,0,0,0,0,0,0,0,0
289,4758349,222,2100000,6.322219295,207,3303,4403,4601,102,1403,103,103,0,1,0,0,1,0,1,1,1,1,1,1,1,1,1,1,1,2A,XA,XB,XB,1C,1C,0,1,0,2,0,1,2,3,2AXA_XBXB_1C1C,0,1,0,0,0,0,0,0,0,0,0,0
290,4816140,365,11000,4.041392685,2601,3101,4002,5502,304,1402,103,103,0,1,0,0,1,0,1,1,1,1,1,1,1,1,1,1,1,2A,XA,XB,XB,1C,1C,0,1,0,2,0,1,2,3,2AXA_XBXB_1C1C,0,1,0,0,0,0,0,0,0,0,0,0
291,4799867,422,60000,4.77815125,201,1101,1501,5401,102,304,103,103,0,1,0,0,1,0,1,1,1,1,1,1,1,1,1,1,1,2A,1A,XB,XB,1C,1C,1,1,0,2,0,2,2,4,1A2A_XBXB_1C1C,0,0,0,1,0,0,0,0,0,0,0,0
292,4816326,243,20000,4.301029996,201,3101,5101,5101,1402,1402,103,101,0,1,1,1,1,0,1,1,1,1,1,1,1,1,1,1,1,2A,XA,XB,XB,1C,1C,0,1,0,2,0,1,2,3,2AXA_XBXB_1C1C,0,1,0,0,0,0,0,0,0,0,0,0
293,4818553,660,3300,3.51851394,1101,2402,3901,5201,702,1202,103,103,1,1,0,0,1,0,0,1,1,1,1,1,0,0,0,1,1,1A,2A,6B,XB,XC,1C,1,1,1,1,0,2,1,4,1A2A_6BXB_1CXC,0,0,0,0,0,0,0,0,1,0,0,0
294,4817736,46,47000,4.672097858,206,2601,3501,4402,303,304,103,103,0,1,1,1,1,0,0,1,1,1,1,1,0,0,0,1,1,2A,2A,XB,XB,1C,1C,0,2,0,2,0,2,2,4,2A2A_XBXB_1C1C,1,0,0,0,0,0,0,0,0,0,0,0
295,4827492,288,250000,5.397940009,2402,2402,5201,5201,1202,1202,103,103,1,1,0,0,1,0,0,1,1,1,1,1,0,0,0,1,1,2A,2A,XB,XB,1C,1C,0,2,0,2,0,2,2,4,2A2A_XBXB_1C1C,1,0,0,0,0,0,0,0,0,0,0,0
296,4828091,314,47000,4.672097858,1101,1101,5401,6701,102,702,103,101,1,1,0,0,1,0,0,1,1,1,1,1,0,0,0,1,1,1A,1A,XB,XB,1C,XC,2,0,0,1,0,2,1,3,1A1A_XBXB_1CXC,0,0,0,0,0,0,0,0,0,0,0,0
297,4830623,313,23000,4.361727836,206,210,4006,5401,102,801,103,101,0,1,1,1,1,0,1,1,1,1,1,1,1,1,1,1,1,2A,2A,XB,XB,1C,1C,0,2,0,2,0,2,2,4,2A2A_XBXB_1C1C,1,0,0,0,0,0,0,0,0,0,0,0
298,4833231,242,25000,4.397940009,201,2402,4002,4006,304,801,103,103,0,1,0,0,1,0,0,1,1,1,1,1,0,0,0,1,1,2A,2A,XB,XB,1C,1C,0,2,0,2,0,2,2,4,2A2A_XBXB_1C1C,1,0,0,0,0,0,0,0,0,0,0,0
299,4835077,432,210000,5.322219295,2402,3101,3501,4001,304,1502,103,103,0,1,1,1,1,0,1,1,1,1,1,1,1,1,1,1,1,2A,XA,XB,XB,1C,2C,0,1,0,1,1,1,2,3,2AXA_XBXB_1C2C,0,0,0,0,0,0,0,0,0,0,0,0
300,4832922,625,7300,3.86332286,201,3303,4403,5502,102,1403,103,101,0,1,0,0,1,0,0,1,1,1,1,1,0,0,0,1,1,2A,XA,XB,XB,1C,1C,0,1,0,2,0,1,2,3,2AXA_XBXB_1C1C,0,1,0,0,0,0,0,0,0,0,0,0
301,4814564,33,660000,5.819543936,2402,2601,3501,5401,102,801,103,103,0,1,1,1,1,0,0,1,1,1,1,1,0,0,0,1,1,2A,2A,XB,XB,1C,1C,0,2,0,2,0,2,2,4,2A2A_XBXB_1C1C,1,0,0,0,0,0,0,0,0,0,0,0
302,4838050,553,48000,4.681241237,206,3101,3501,4001,801,1502,103,103,0,1,0,0,1,0,0,1,1,1,1,1,0,0,0,1,1,2A,XA,XB,XB,1C,2C,0,1,0,1,1,1,2,3,2AXA_XBXB_1C2C,0,0,0,0,0,0,0,0,0,0,0,0
303,4838076,372,56000,4.748188027,201,207,1518,4601,102,704,103,103,0,1,0,0,1,0,1,1,1,1,1,1,1,1,1,1,1,2A,2A,XB,XB,1C,XC,0,2,0,1,0,2,1,3,2A2A_XBXB_1CXC,0,0,0,0,1,0,0,0,0,0,0,0
304,4839848,336,130000,5.113943352,206,2601,3501,3501,303,304,103,101,0,1,0,0,1,0,0,1,1,1,1,1,0,0,0,1,1,2A,2A,XB,XB,1C,1C,0,2,0,2,0,2,2,4,2A2A_XBXB_1C1C,1,0,0,0,0,0,0,0,0,0,0,0
305,4839893,109,320000,5.505149978,2601,3101,3501,4002,304,401,103,101,0,1,1,1,1,1,0,1,1,1,1,1,0,0,0,1,1,2A,XA,XB,XB,1C,1C,0,1,0,2,0,1,2,3,2AXA_XBXB_1C1C,0,1,0,0,0,0,0,0,0,0,0,0
306,4847957,123,27000,4.431363764,206,1101,3901,5502,102,702,103,103,0,1,0,0,1,0,1,1,1,1,1,1,1,1,1,1,1,2A,1A,6B,XB,1C,XC,1,1,1,1,0,2,1,4,1A2A_6BXB_1CXC,0,0,0,0,0,0,0,0,1,0,0,0
307,4853985,348,3500,3.544068044,2402,3303,4403,5201,1202,1403,103,103,1,1,0,0,1,0,0,1,1,1,1,1,0,0,0,1,1,2A,XA,XB,XB,1C,1C,0,1,0,2,0,1,2,3,2AXA_XBXB_1C1C,0,1,0,0,0,0,0,0,0,0,0,0
308,4854106,125,8800,3.944482672,1101,3303,3501,4006,303,1403,103,103,0,1,0,0,1,0,0,1,1,1,1,1,0,0,0,1,1,1A,XA,XB,XB,1C,1C,1,0,0,2,0,1,2,3,1AXA_XBXB_1C1C,0,0,0,0,0,0,0,1,0,0,0,0
309,4837217,185,12000,4.079181246,207,2603,4002,4601,102,304,103,103,0,1,0,0,1,0,1,1,1,1,1,1,1,1,1,1,1,2A,2A,XB,XB,1C,1C,0,2,0,2,0,2,2,4,2A2A_XBXB_1C1C,1,0,0,0,0,0,0,0,0,0,0,0
310,4855574,245,12000,4.079181246,2402,2602,4002,4006,304,801,103,103,0,1,1,1,1,0,0,1,1,1,1,1,0,0,0,1,1,2A,2A,XB,XB,1C,1C,0,2,0,2,0,2,2,4,2A2A_XBXB_1C1C,1,0,0,0,0,0,0,0,0,0,0,0
311,4860424,370,470,2.672097858,3101,3303,4002,5801,302,304,101,101,0,1,0,0,1,1,0,1,1,1,1,1,1,1,1,1,1,XA,XA,XB,XB,1C,1C,0,0,0,2,0,0,2,2,XAXA_XBXB_1C1C,0,0,0,0,0,0,0,0,0,1,0,0
312,4753315,155,3100,3.491361694,2402,2402,4001,5201,304,1202,103,103,1,1,0,0,1,0,0,1,1,1,1,1,0,0,0,1,1,2A,2A,XB,XB,1C,1C,0,2,0,2,0,2,2,4,2A2A_XBXB_1C1C,1,0,0,0,0,0,0,0,0,0,0,0
313,4871170,261,75000,4.875061263,1101,2402,1501,5201,401,1202,103,101,1,1,0,0,1,0,0,1,1,1,1,1,0,0,0,1,1,1A,2A,XB,XB,1C,1C,1,1,0,2,0,2,2,4,1A2A_XBXB_1C1C,0,0,0,1,0,0,0,0,0,0,0,0
314,4872711,351,42000,4.62324929,2402,2402,5201,5201,1202,1202,103,103,1,1,0,0,1,0,0,1,1,1,1,1,0,0,0,1,1,2A,2A,XB,XB,1C,1C,0,2,0,2,0,2,2,4,2A2A_XBXB_1C1C,1,0,0,0,0,0,0,0,0,0,0,0
315,4876609,310,5000,3.698970004,2402,2601,702,6701,702,702,103,101,1,1,0,0,0,1,1,1,1,1,1,0,1,1,1,0,1,2A,2A,6B,XB,XC,XC,0,2,1,0,0,2,0,3,2A2A_6BXB_XCXC,0,0,0,0,0,0,0,0,0,0,0,0
316,4883311,71,70000,4.84509804,2402,3101,4002,5101,304,1402,103,103,0,1,0,0,1,0,0,1,1,1,1,1,0,0,0,1,1,2A,XA,XB,XB,1C,1C,0,1,0,2,0,1,2,3,2AXA_XBXB_1C1C,0,1,0,0,0,0,0,0,0,0,0,0
317,4883395,418,65000,4.812913357,201,2402,4001,4002,304,1502,103,101,0,1,0,0,1,0,0,1,1,1,1,1,0,0,0,1,1,2A,2A,XB,XB,1C,2C,0,2,0,1,1,2,2,4,2A2A_XBXB_1C2C,0,0,0,0,0,0,0,0,0,0,1,0
318,4891361,401,7500,3.875061263,1101,2601,1501,1501,401,401,103,101,0,1,0,0,1,0,0,1,1,1,1,1,0,0,0,1,1,1A,2A,XB,XB,1C,1C,1,1,0,2,0,2,2,4,1A2A_XBXB_1C1C,0,0,0,1,0,0,0,0,0,0,0,0
319,4893921,228,25000,4.397940009,207,3101,4601,5101,102,304,103,101,0,1,0,0,1,0,0,1,1,1,1,1,0,0,0,1,1,2A,XA,XB,XB,1C,1C,0,1,0,2,0,1,2,3,2AXA_XBXB_1C1C,0,1,0,0,0,0,0,0,0,0,0,0
320,4894706,341,6500,3.812913357,201,206,4006,4006,801,801,103,101,0,1,0,0,1,0,0,1,1,1,1,1,0,0,0,1,1,2A,2A,XB,XB,1C,1C,0,2,0,2,0,2,2,4,2A2A_XBXB_1C1C,1,0,0,0,0,0,0,0,0,0,0,0
321,4894780,166,30000,4.477121255,2402,3101,1527,5102,401,1502,103,101,0,1,0,0,1,0,0,1,1,1,1,1,0,0,0,1,1,2A,XA,XB,XB,1C,2C,0,1,0,1,1,1,2,3,2AXA_XBXB_1C2C,0,0,0,0,0,0,0,0,0,0,0,0
322,4898069,232,97000,4.986771734,3303,3303,4403,5801,302,1403,103,101,0,1,0,0,1,0,0,1,1,1,1,1,0,0,0,1,1,XA,XA,XB,XB,1C,1C,0,0,0,2,0,0,2,2,XAXA_XBXB_1C1C,0,0,0,0,0,0,0,0,0,1,0,0
323,4902573,129,31000,4.491361694,1101,2603,1501,5502,102,401,103,101,0,1,0,0,1,0,0,1,1,1,1,1,0,0,0,1,1,1A,2A,XB,XB,1C,1C,1,1,0,2,0,2,2,4,1A2A_XBXB_1C1C,0,0,0,1,0,0,0,0,0,0,0,0
324,4902704,138,87000,4.939519253,206,2601,3501,4801,303,803,103,103,0,1,0,0,1,0,1,1,1,1,1,1,1,1,1,1,1,2A,2A,XB,6B,1C,1C,0,2,1,2,0,2,2,5,2A2A_6BXB_1C1C,0,0,0,0,0,1,0,0,0,0,0,0
325,4905471,354,49000,4.69019608,2402,2402,5101,5401,102,1402,103,101,0,1,0,0,1,0,0,1,1,1,1,1,0,0,0,1,1,2A,2A,XB,XB,1C,1C,0,2,0,2,0,2,2,4,2A2A_XBXB_1C1C,1,0,0,0,0,0,0,0,0,0,0,0
326,4905312,699,4800,3.681241237,2402,3303,1501,4403,303,1403,103,101,0,1,0,0,1,0,1,1,1,1,1,1,1,1,1,1,1,2A,XA,XB,XB,1C,1C,0,1,0,2,0,1,2,3,2AXA_XBXB_1C1C,0,1,0,0,0,0,0,0,0,0,0,0
327,4906836,130,96000,4.982271233,201,1101,3501,4002,303,303,103,101,0,1,1,1,1,0,1,1,1,1,1,1,1,1,1,1,1,2A,1A,XB,XB,1C,1C,1,1,0,2,0,2,2,4,1A2A_XBXB_1C1C,0,0,0,1,0,0,0,0,0,0,0,0
328,4909486,26,27000,4.431363764,2402,2402,702,5201,702,1202,103,101,1,1,0,0,1,1,0,1,1,1,1,1,1,1,1,1,1,2A,2A,6B,XB,XC,1C,0,2,1,1,0,2,1,4,2A2A_6BXB_1CXC,0,0,1,0,0,0,0,0,0,0,0,0
329,4911207,330,23000,4.361727836,1101,2402,1527,4003,304,401,103,103,0,1,0,0,1,1,0,1,1,1,1,1,1,1,1,1,1,1A,2A,XB,XB,1C,1C,1,1,0,2,0,2,2,4,1A2A_XBXB_1C1C,0,0,0,1,0,0,0,0,0,0,0,0
330,4911425,71,2200000,6.342422681,2402,2402,702,1511,303,702,103,101,0,1,0,0,1,0,0,1,1,1,1,1,0,0,0,1,1,2A,2A,6B,XB,1C,XC,0,2,1,1,0,2,1,4,2A2A_6BXB_1CXC,0,0,1,0,0,0,0,0,0,0,0,0
331,4916589,385,12000,4.079181246,207,1101,4006,4601,102,801,103,101,0,1,0,0,1,1,0,1,1,1,1,1,1,1,1,1,1,2A,1A,XB,XB,1C,1C,1,1,0,2,0,2,2,4,1A2A_XBXB_1C1C,0,0,0,1,0,0,0,0,0,0,0,0
332,4917726,217,23000,4.361727836,207,2402,702,4601,102,702,103,101,0,1,0,0,1,0,1,1,1,1,1,1,1,1,1,1,1,2A,2A,6B,XB,1C,XC,0,2,1,1,0,2,1,4,2A2A_6BXB_1CXC,0,0,1,0,0,0,0,0,0,0,0,0
333,4919272,454,8300,3.919078092,206,2402,3501,4001,303,304,103,101,0,1,0,0,1,0,0,1,1,1,1,1,0,0,0,1,1,2A,2A,XB,XB,1C,1C,0,2,0,2,0,2,2,4,2A2A_XBXB_1C1C,1,0,0,0,0,0,0,0,0,0,0,0
334,4920449,193,390000,5.591064607,201,2402,4801,5201,803,1202,101,101,1,1,0,0,1,0,0,1,1,1,1,1,0,0,0,1,1,2A,2A,6B,XB,1C,1C,0,2,1,2,0,2,2,5,2A2A_6BXB_1C1C,0,0,0,0,0,1,0,0,0,0,0,0
335,4921266,239,13000,4.113943352,2402,2402,5101,5201,1202,1402,103,103,1,1,1,1,1,0,0,1,1,1,1,1,0,0,0,1,1,2A,2A,XB,XB,1C,1C,0,2,0,2,0,2,2,4,2A2A_XBXB_1C1C,1,0,0,0,0,0,0,0,0,0,0,0
336,4924685,244,35000,4.544068044,1101,2402,5101,5201,1202,1502,103,103,1,1,0,0,1,0,0,1,1,1,1,1,0,0,0,1,1,1A,2A,XB,XB,1C,2C,1,1,0,1,1,2,2,4,1A2A_XBXB_1C2C,0,0,0,0,0,0,0,0,0,0,0,0
337,4924702,180,590000,5.770852012,201,206,4002,5504,303,1502,103,101,0,1,0,0,1,0,0,1,1,1,1,1,0,0,0,1,1,2A,2A,XB,XB,1C,2C,0,2,0,1,1,2,2,4,2A2A_XBXB_1C2C,0,0,0,0,0,0,0,0,0,0,1,0
338,4924832,29,350000,5.544068044,201,206,1511,5101,303,1402,103,103,0,1,0,0,1,0,0,1,1,1,1,1,0,0,0,1,1,2A,2A,XB,XB,1C,1C,0,2,0,2,0,2,2,4,2A2A_XBXB_1C1C,1,0,0,0,0,0,0,0,0,0,0,0
339,4932589,839,100,2,1101,2402,5201,6701,702,1202,103,103,1,1,0,0,1,0,0,1,1,1,1,1,0,0,0,1,1,1A,2A,XB,XB,XC,1C,1,1,0,1,0,2,1,3,1A2A_XBXB_1CXC,0,0,0,0,0,0,0,0,0,0,0,1
340,4936288,236,9300,3.968482949,1101,2402,3501,5201,303,1202,103,101,1,1,0,0,1,0,1,1,1,1,1,1,1,1,1,1,1,1A,2A,XB,XB,1C,1C,1,1,0,2,0,2,2,4,1A2A_XBXB_1C1C,0,0,0,1,0,0,0,0,0,0,0,0
341,4941848,240,13000,4.113943352,201,1101,1301,4801,304,801,103,103,0,1,0,0,1,0,0,1,1,1,1,1,0,0,0,1,1,2A,1A,XB,6B,1C,1C,1,1,1,2,0,2,2,5,1A2A_6BXB_1C1C,0,0,0,0,0,0,0,0,0,0,0,0
342,4941936,310,5900,3.770852012,2601,3101,4601,5401,102,102,103,103,0,1,1,1,1,1,0,1,1,1,1,1,0,1,0,1,1,2A,XA,XB,XB,1C,1C,0,1,0,2,0,1,2,3,2AXA_XBXB_1C1C,0,1,0,0,0,0,0,0,0,0,0,0
343,4944935,303,120000,5.079181246,201,1101,5401,6701,102,702,103,101,1,1,0,0,1,0,0,1,1,1,1,1,0,0,0,1,1,2A,1A,XB,XB,1C,XC,1,1,0,1,0,2,1,3,1A2A_XBXB_1CXC,0,0,0,0,0,0,0,0,0,0,0,1
344,4946511,510,390,2.591064607,2402,2402,5101,5201,1202,1402,103,103,1,1,0,0,1,0,0,1,1,1,1,1,0,0,0,1,1,2A,2A,XB,XB,1C,1C,0,2,0,2,0,2,2,4,2A2A_XBXB_1C1C,1,0,0,0,0,0,0,0,0,0,0,0
345,4956075,214,340000,5.531478917,201,3101,5101,5401,102,1402,103,101,0,1,1,1,1,0,1,1,1,1,1,1,0,1,1,1,1,2A,XA,XB,XB,1C,1C,0,1,0,2,0,1,2,3,2AXA_XBXB_1C1C,0,1,0,0,0,0,0,0,0,0,0,0
346,4959423,520,32000,4.505149978,2402,2601,4002,4002,304,304,103,103,0,1,0,0,1,1,0,1,1,1,1,1,1,1,1,1,1,2A,2A,XB,XB,1C,1C,0,2,0,2,0,2,2,4,2A2A_XBXB_1C1C,1,0,0,0,0,0,0,0,0,0,0,0
347,4960687,177,110000,5.041392685,2402,3101,5101,5201,1202,1402,103,103,1,1,0,0,1,0,0,1,1,1,1,1,0,0,0,1,1,2A,XA,XB,XB,1C,1C,0,1,0,2,0,1,2,3,2AXA_XBXB_1C1C,0,1,0,0,0,0,0,0,0,0,0,0
348,4960850,214,10000,4,201,2402,1518,4601,103,704,103,103,0,1,0,0,1,1,0,1,1,1,1,1,1,0,0,1,1,2A,2A,XB,XB,1C,XC,0,2,0,1,0,2,1,3,2A2A_XBXB_1CXC,0,0,0,0,1,0,0,0,0,0,0,0
349,4962162,238,190000,5.278753601,2402,2402,5201,5201,1202,1202,103,101,1,1,0,0,1,0,1,1,1,1,1,1,1,1,1,1,1,2A,2A,XB,XB,1C,1C,0,2,0,2,0,2,2,4,2A2A_XBXB_1C1C,1,0,0,0,0,0,0,0,0,0,0,0
350,4955056,417,80000,4.903089987,2402,3303,1518,4403,704,1403,103,101,0,1,0,0,1,0,0,1,1,1,1,1,0,0,0,1,1,2A,XA,XB,XB,XC,1C,0,1,0,1,0,1,1,2,2AXA_XBXB_1CXC,0,0,0,0,0,0,0,0,0,0,0,0
351,4963905,23,29000,4.462397998,206,1101,1501,3501,303,801,103,103,0,1,0,0,1,0,0,1,1,1,1,1,0,0,0,1,1,2A,1A,XB,XB,1C,1C,1,1,0,2,0,2,2,4,1A2A_XBXB_1C1C,0,0,0,1,0,0,0,0,0,0,0,0
352,4963921,355,2400,3.380211242,2402,3303,702,4403,702,1403,103,101,0,1,0,0,0,0,1,1,1,1,1,0,1,1,1,0,1,2A,XA,6B,XB,XC,1C,0,1,1,1,0,1,1,3,2AXA_6BXB_1CXC,0,0,0,0,0,0,1,0,0,0,0,0
353,4964155,388,29000,4.462397998,201,2402,3501,5901,102,801,103,101,0,1,0,0,1,0,1,1,1,1,1,1,1,1,1,1,1,2A,2A,XB,XB,1C,1C,0,2,0,2,0,2,2,4,2A2A_XBXB_1C1C,1,0,0,0,0,0,0,0,0,0,0,0
354,4968535,387,95000,4.977723605,201,2603,1501,3501,303,304,103,103,0,1,0,0,1,0,0,1,1,1,1,1,0,0,0,1,1,2A,2A,XB,XB,1C,1C,0,2,0,2,0,2,2,4,2A2A_XBXB_1C1C,1,0,0,0,0,0,0,0,0,0,0,0
355,4970620,106,130000,5.113943352,2402,3101,3501,5101,303,1402,103,103,0,1,0,0,1,0,0,1,1,1,1,1,0,0,0,1,1,2A,XA,XB,XB,1C,1C,0,1,0,2,0,1,2,3,2AXA_XBXB_1C1C,0,1,0,0,0,0,0,0,0,0,0,0
356,4972525,475,9400,3.973127854,2603,3101,1501,5101,303,1402,103,103,0,1,1,1,1,1,0,1,1,1,1,1,1,1,1,1,1,2A,XA,XB,XB,1C,1C,0,1,0,2,0,1,2,3,2AXA_XBXB_1C1C,0,1,0,0,0,0,0,0,0,0,0,0
357,3729667,90,130000,5.113943352,2402,3303,1518,4403,704,1403,103,103,0,1,0,0,1,0,0,1,1,1,1,1,0,0,0,1,1,2A,XA,XB,XB,XC,1C,0,1,0,1,0,1,1,2,2AXA_XBXB_1CXC,0,0,0,0,0,0,0,0,0,0,0,0
358,4977982,326,9700,3.986771734,2402,3101,702,1518,702,801,103,101,0,1,0,0,1,0,1,1,1,1,1,1,1,1,1,1,1,2A,XA,6B,XB,XC,1C,0,1,1,1,0,1,1,3,2AXA_6BXB_1CXC,0,0,0,0,0,0,1,0,0,0,0,0
359,4983053,366,9000,3.954242509,2402,3303,4403,5201,1202,1403,103,103,1,1,0,0,1,0,0,1,1,1,1,1,0,0,0,1,1,2A,XA,XB,XB,1C,1C,0,1,0,2,0,1,2,3,2AXA_XBXB_1C1C,0,1,0,0,0,0,0,0,0,0,0,0
360,4987710,12,2400000,6.380211242,2402,3101,3901,4007,401,702,103,101,0,1,0,0,1,0,0,1,1,1,1,1,0,0,0,1,1,2A,XA,6B,XB,1C,XC,0,1,1,1,0,1,1,3,2AXA_6BXB_1CXC,0,0,0,0,0,0,1,0,0,0,0,0
361,4991319,220,27000,4.431363764,2402,2601,3501,5401,102,303,103,101,0,1,0,0,1,0,0,1,1,1,1,1,0,0,0,1,1,2A,2A,XB,XB,1C,1C,0,2,0,2,0,2,2,4,2A2A_XBXB_1C1C,1,0,0,0,0,0,0,0,0,0,0,0
362,4992282,241,160000,5.204119983,2402,2601,5401,5901,102,102,103,101,0,1,0,0,1,1,0,1,1,1,1,1,1,1,1,1,1,2A,2A,XB,XB,1C,1C,0,2,0,2,0,2,2,4,2A2A_XBXB_1C1C,1,0,0,0,0,0,0,0,0,0,0,0
363,4995630,299,27000,4.431363764,1101,2402,5101,5401,102,1402,103,101,0,1,1,1,1,0,0,1,1,1,1,1,0,0,0,1,1,1A,2A,XB,XB,1C,1C,1,1,0,2,0,2,2,4,1A2A_XBXB_1C1C,0,0,0,1,0,0,0,0,0,0,0,0
364,4997913,589,34000,4.531478917,1101,2402,1501,5201,401,1202,103,101,1,1,0,0,1,0,0,1,1,1,1,1,0,0,0,1,1,1A,2A,XB,XB,1C,1C,1,1,0,2,0,2,2,4,1A2A_XBXB_1C1C,0,0,0,1,0,0,0,0,0,0,0,0
365,5005550,316,26000,4.414973348,201,206,4001,4601,103,304,103,103,0,1,0,0,1,0,0,1,1,1,1,1,0,0,0,1,1,2A,2A,XB,XB,1C,1C,0,2,0,2,0,2,2,4,2A2A_XBXB_1C1C,1,0,0,0,0,0,0,0,0,0,0,0
366,5007051,153,75000,4.875061263,207,2402,1501,5201,303,1202,103,103,1,1,0,0,1,0,0,1,1,1,1,1,0,0,0,1,1,2A,2A,XB,XB,1C,1C,0,2,0,2,0,2,2,4,2A2A_XBXB_1C1C,1,0,0,0,0,0,0,0,0,0,0,0
367,5007686,338,400000,5.602059991,206,2402,1501,3501,303,401,101,101,0,1,0,0,1,0,0,1,1,1,1,1,0,0,0,1,1,2A,2A,XB,XB,1C,1C,0,2,0,2,0,2,2,4,2A2A_XBXB_1C1C,1,0,0,0,0,0,0,0,0,0,0,0
368,5012998,246,510000,5.707570176,2601,2601,3501,4002,304,801,103,103,0,1,1,1,1,0,0,1,1,1,1,1,0,0,0,1,1,2A,2A,XB,XB,1C,1C,0,2,0,2,0,2,2,4,2A2A_XBXB_1C1C,1,0,0,0,0,0,0,0,0,0,0,0
369,5017427,534,9200,3.963787827,210,2601,4006,5101,801,1402,103,101,0,1,0,0,1,0,0,1,1,1,1,1,0,0,0,1,1,2A,2A,XB,XB,1C,1C,0,2,0,2,0,2,2,4,2A2A_XBXB_1C1C,1,0,0,0,0,0,0,0,0,0,0,0
370,5024142,397,19000,4.278753601,2402,2402,702,5201,702,1202,103,101,1,1,0,0,1,0,0,1,1,1,1,1,0,0,0,1,1,2A,2A,6B,XB,XC,1C,0,2,1,1,0,2,1,4,2A2A_6BXB_1CXC,0,0,1,0,0,0,0,0,0,0,0,0
371,5024849,281,15000,4.176091259,1101,3101,5101,5401,102,304,103,101,0,1,0,0,1,0,1,1,1,1,1,1,1,1,1,1,1,1A,XA,XB,XB,1C,1C,1,0,0,2,0,1,2,3,1AXA_XBXB_1C1C,0,0,0,0,0,0,0,1,0,0,0,0
372,5026119,423,27000,4.431363764,2402,2601,4002,5101,304,1402,103,103,0,1,0,0,1,1,0,1,1,1,1,1,1,1,1,1,1,2A,2A,XB,XB,1C,1C,0,2,0,2,0,2,2,4,2A2A_XBXB_1C1C,1,0,0,0,0,0,0,0,0,0,0,0
373,5010628,605,500,2.698970004,2601,3303,4403,5502,102,1403,103,103,0,1,0,0,1,0,0,1,1,1,1,1,0,0,0,1,1,2A,XA,XB,XB,1C,1C,0,1,0,2,0,1,2,3,2AXA_XBXB_1C1C,0,1,0,0,0,0,0,0,0,0,0,0
374,5027721,494,72000,4.857332496,206,3303,4002,4006,304,801,103,101,0,1,0,0,1,0,0,1,1,1,1,1,0,0,0,1,1,2A,XA,XB,XB,1C,1C,0,1,0,2,0,1,2,3,2AXA_XBXB_1C1C,0,1,0,0,0,0,0,0,0,0,0,0
375,5029150,18,410000,5.612783857,2402,2601,5401,5901,102,704,103,103,0,1,1,1,1,0,1,1,1,1,1,1,1,1,1,1,1,2A,2A,XB,XB,1C,XC,0,2,0,1,0,2,1,3,2A2A_XBXB_1CXC,0,0,0,0,1,0,0,0,0,0,0,0
376,5032046,178,34000,4.531478917,2402,2420,1302,3501,304,602,103,101,0,1,0,0,1,0,0,1,1,1,1,1,0,0,0,1,1,2A,2A,XB,XB,1C,1C,0,2,0,2,0,2,2,4,2A2A_XBXB_1C1C,1,0,0,0,0,0,0,0,0,0,0,0
377,5043734,693,370,2.568201724,2402,2402,5101,5201,1202,1402,103,103,1,1,0,0,1,0,1,1,1,1,1,1,1,1,1,1,1,2A,2A,XB,XB,1C,1C,0,2,0,2,0,2,2,4,2A2A_XBXB_1C1C,1,0,0,0,0,0,0,0,0,0,0,0
378,5044131,663,36000,4.556302501,3101,3101,3923,4403,702,1403,103,101,0,1,0,0,1,0,0,1,1,1,1,1,0,0,0,1,1,XA,XA,6B,XB,XC,1C,0,0,1,1,0,0,1,2,XAXA_6BXB_1CXC,0,0,0,0,0,0,0,0,0,0,0,0
379,4949350,290,270000,5.431363764,201,3101,4002,5101,304,1502,103,101,0,1,0,0,1,0,0,1,1,1,1,1,0,0,0,1,1,2A,XA,XB,XB,1C,2C,0,1,0,1,1,1,2,3,2AXA_XBXB_1C2C,0,0,0,0,0,0,0,0,0,0,0,0
380,5044362,163,190000,5.278753601,3101,3303,4001,4403,304,1403,103,103,0,1,0,0,1,1,0,1,1,1,1,1,1,1,1,1,1,XA,XA,XB,XB,1C,1C,0,0,0,2,0,0,2,2,XAXA_XBXB_1C1C,0,0,0,0,0,0,0,0,0,1,0,0
381,5046788,213,470000,5.672097858,2402,2402,1507,3901,303,702,103,103,0,1,0,0,1,1,0,1,1,1,1,1,1,1,1,1,1,2A,2A,XB,6B,1C,XC,0,2,1,1,0,2,1,4,2A2A_6BXB_1CXC,0,0,1,0,0,0,0,0,0,0,0,0
382,5048393,214,270000,5.431363764,210,2402,5201,5401,102,1202,103,101,1,1,0,0,1,0,0,1,1,1,1,1,0,0,0,1,1,2A,2A,XB,XB,1C,1C,0,2,0,2,0,2,2,4,2A2A_XBXB_1C1C,1,0,0,0,0,0,0,0,0,0,0,0
383,5050228,156,6300,3.799340549,3303,3303,4403,4403,1403,1403,103,103,0,1,0,0,1,0,0,1,1,1,1,1,0,0,0,1,1,XA,XA,XB,XB,1C,1C,0,0,0,2,0,0,2,2,XAXA_XBXB_1C1C,0,0,0,0,0,0,0,0,0,1,0,0
384,5051104,322,55000,4.740362689,210,2402,5201,5401,102,1202,103,101,1,1,0,0,1,0,0,1,1,1,1,1,0,0,0,1,1,2A,2A,XB,XB,1C,1C,0,2,0,2,0,2,2,4,2A2A_XBXB_1C1C,1,0,0,0,0,0,0,0,0,0,0,0
385,5052628,423,160000,5.204119983,201,2402,1511,5201,303,1202,103,103,1,1,0,0,1,0,0,1,1,1,1,1,0,0,0,1,1,2A,2A,XB,XB,1C,1C,0,2,0,2,0,2,2,4,2A2A_XBXB_1C1C,1,0,0,0,0,0,0,0,0,0,0,0
386,4345985,359,12000000,7.079181246,201,2402,4801,5201,803,1202,103,101,1,1,0,0,1,0,0,1,1,1,1,1,0,0,0,1,1,2A,2A,6B,XB,1C,1C,0,2,1,2,0,2,2,5,2A2A_6BXB_1C1C,0,0,0,0,0,1,0,0,0,0,0,0
387,5044593,490,5600,3.748188027,201,2601,1501,5201,801,1202,103,103,1,1,1,1,1,0,0,1,1,1,1,1,0,0,0,1,1,2A,2A,XB,XB,1C,1C,0,2,0,2,0,2,2,4,2A2A_XBXB_1C1C,1,0,0,0,0,0,0,0,0,0,0,0
388,5052732,662,100000,5,2402,3303,4403,5401,102,701,101,101,0,1,0,0,1,0,0,1,1,1,1,1,0,0,0,1,1,2A,XA,XB,XB,1C,XC,0,1,0,1,0,1,1,2,2AXA_XBXB_1CXC,0,0,0,0,0,0,0,0,0,0,0,0
389,5059717,276,33000,4.51851394,201,2402,3501,4001,303,304,103,101,0,1,0,0,1,0,0,1,1,1,1,1,0,0,0,1,1,2A,2A,XB,XB,1C,1C,0,2,0,2,0,2,2,4,2A2A_XBXB_1C1C,1,0,0,0,0,0,0,0,0,0,0,0
390,5053940,105,100000,5,207,3303,4403,4601,102,1403,103,101,0,1,0,0,1,0,0,1,1,1,1,1,0,0,0,1,1,2A,XA,XB,XB,1C,1C,0,1,0,2,0,1,2,3,2AXA_XBXB_1C1C,0,1,0,0,0,0,0,0,0,0,0,0
391,5063215,243,530000,5.72427587,2402,2402,4001,4002,304,304,103,101,0,1,1,1,1,1,1,1,1,1,1,1,1,1,1,1,1,2A,2A,XB,XB,1C,1C,0,2,0,2,0,2,2,4,2A2A_XBXB_1C1C,1,0,0,0,0,0,0,0,0,0,0,0
392,5061189,372,29000,4.462397998,207,1101,3901,4601,102,702,103,103,0,1,0,0,1,0,1,1,1,1,1,1,1,1,1,1,1,2A,1A,6B,XB,1C,XC,1,1,1,1,0,2,1,4,1A2A_6BXB_1CXC,0,0,0,0,0,0,0,0,1,0,0,0
393,5068366,284,190000,5.278753601,3101,3101,5101,5601,401,1402,103,101,0,1,0,0,1,0,1,1,1,1,1,1,1,1,1,1,1,XA,XA,XB,XB,1C,1C,0,0,0,2,0,0,2,2,XAXA_XBXB_1C1C,0,0,0,0,0,0,0,0,0,1,0,0
394,5081123,319,3300,3.51851394,2402,3101,4002,5201,304,1202,103,101,1,1,1,1,1,0,1,1,1,1,1,1,1,1,1,1,1,2A,XA,XB,XB,1C,1C,0,1,0,2,0,1,2,3,2AXA_XBXB_1C1C,0,1,0,0,0,0,0,0,0,0,0,0
395,5090668,175,260000,5.414973348,2601,2603,4001,5101,304,1402,103,103,0,1,0,0,1,0,0,1,1,1,1,1,0,0,0,1,1,2A,2A,XB,XB,1C,1C,0,2,0,2,0,2,2,4,2A2A_XBXB_1C1C,1,0,0,0,0,0,0,0,0,0,0,0
396,5093508,341,11000,4.041392685,206,2402,1501,5101,702,1402,103,103,0,1,0,0,0,0,1,1,1,1,1,0,1,1,1,0,1,2A,2A,XB,XB,XC,1C,0,2,0,1,0,2,1,3,2A2A_XBXB_1CXC,0,0,0,0,1,0,0,0,0,0,0,0
397,5096406,417,65000,4.812913357,2402,2402,702,5201,702,1202,103,101,1,1,0,0,1,0,1,1,1,1,1,1,1,1,1,1,1,2A,2A,6B,XB,XC,1C,0,2,1,1,0,2,1,4,2A2A_6BXB_1CXC,0,0,1,0,0,0,0,0,0,0,0,0
398,5099636,237,6500,3.812913357,2402,3303,4403,5201,1202,1403,103,103,1,1,1,1,1,0,0,1,1,1,1,1,0,0,0,1,1,2A,XA,XB,XB,1C,1C,0,1,0,2,0,1,2,3,2AXA_XBXB_1C1C,0,1,0,0,0,0,0,0,0,0,0,0
399,5095852,351,7100,3.851258349,206,2402,1501,4002,304,702,103,101,0,1,0,0,1,0,0,1,1,1,1,1,0,0,0,1,1,2A,2A,XB,XB,1C,XC,0,2,0,1,0,2,1,3,2A2A_XBXB_1CXC,0,0,0,0,1,0,0,0,0,0,0,0
400,5105957,50,780000,5.892094603,206,206,3901,5901,102,702,103,101,0,1,0,0,1,1,0,1,1,1,1,1,1,1,1,1,1,2A,2A,6B,XB,1C,XC,0,2,1,1,0,2,1,4,2A2A_6BXB_1CXC,0,0,1,0,0,0,0,0,0,0,0,0
401,5112294,343,46000,4.662757832,2402,3101,702,4002,304,702,103,101,0,1,0,0,1,0,0,1,1,1,1,1,0,0,0,1,1,2A,XA,6B,XB,1C,XC,0,1,1,1,0,1,1,3,2AXA_6BXB_1CXC,0,0,0,0,0,0,1,0,0,0,0,0
402,5118175,299,47000,4.672097858,2402,3101,702,1501,303,702,103,101,0,1,1,1,1,0,0,1,1,1,1,1,0,0,0,1,1,2A,XA,6B,XB,1C,XC,0,1,1,1,0,1,1,3,2AXA_6BXB_1CXC,0,0,0,0,0,0,1,0,0,0,0,0
403,5120967,51,110000,5.041392685,2402,2402,4801,5901,102,803,103,103,0,1,0,0,1,0,0,1,1,1,1,1,0,0,0,1,1,2A,2A,6B,XB,1C,1C,0,2,1,2,0,2,2,5,2A2A_6BXB_1C1C,0,0,0,0,0,1,0,0,0,0,0,0
404,5121289,335,20000,4.301029996,1101,2402,1501,5101,401,1502,103,101,0,1,0,0,1,0,0,1,1,1,1,1,0,0,0,1,1,1A,2A,XB,XB,1C,2C,1,1,0,1,1,2,2,4,1A2A_XBXB_1C2C,0,0,0,0,0,0,0,0,0,0,0,0
405,5121104,137,370000,5.568201724,206,1101,1501,5901,102,401,103,101,0,1,0,0,1,0,0,1,1,1,1,1,0,0,0,1,1,2A,1A,XB,XB,1C,1C,1,1,0,2,0,2,2,4,1A2A_XBXB_1C1C,0,0,0,1,0,0,0,0,0,0,0,0
406,589752,44,240000,5.380211242,201,2402,702,1301,304,702,103,101,0,1,0,0,1,0,1,1,1,1,1,1,1,1,1,1,1,2A,2A,6B,XB,1C,XC,0,2,1,1,0,2,1,4,2A2A_6BXB_1CXC,0,0,1,0,0,0,0,0,0,0,0,0
407,5126763,90,50000,4.698970004,201,207,3501,4403,303,1403,103,101,0,1,0,0,1,0,0,1,1,1,1,1,0,0,0,1,1,2A,2A,XB,XB,1C,1C,0,2,0,2,0,2,2,4,2A2A_XBXB_1C1C,1,0,0,0,0,0,0,0,0,0,0,0
408,4992615,325,27000,4.431363764,207,2402,702,4601,102,702,103,101,0,1,0,0,1,1,0,1,1,1,1,1,1,1,1,1,1,2A,2A,6B,XB,1C,XC,0,2,1,1,0,2,1,4,2A2A_6BXB_1CXC,0,0,1,0,0,0,0,0,0,0,0,0
409,5130434,192,84000,4.924279286,2601,2603,1501,5601,102,303,103,101,0,1,0,0,1,0,0,1,1,1,1,1,0,0,0,1,1,2A,2A,XB,XB,1C,1C,0,2,0,2,0,2,2,4,2A2A_XBXB_1C1C,1,0,0,0,0,0,0,0,0,0,0,0
410,5134481,340,190000,5.278753601,201,206,4001,5101,702,1502,103,101,0,1,0,0,1,0,1,1,1,1,1,1,1,1,1,1,1,2A,2A,XB,XB,XC,2C,0,2,0,0,1,2,1,3,2A2A_XBXB_2CXC,0,0,0,0,0,0,0,0,0,0,0,0
411,5131509,483,180,2.255272505,206,206,1518,4801,304,803,103,101,0,1,0,0,1,0,0,1,1,1,1,1,0,0,0,1,1,2A,2A,XB,6B,1C,1C,0,2,1,2,0,2,2,5,2A2A_6BXB_1C1C,0,0,0,0,0,1,0,0,0,0,0,0
412,5136562,44,31000,4.491361694,2402,2402,5201,5201,1202,1202,103,101,1,1,0,0,1,0,0,1,1,1,1,1,0,0,0,1,1,2A,2A,XB,XB,1C,1C,0,2,0,2,0,2,2,4,2A2A_XBXB_1C1C,1,0,0,0,0,0,0,0,0,0,0,0
413,5139646,194,210000,5.322219295,201,2402,702,3901,702,702,103,101,0,1,0,0,1,0,1,1,1,1,1,1,1,1,1,1,1,2A,2A,6B,6B,XC,XC,0,2,2,0,0,2,0,4,2A2A_6B6B_XCXC,0,0,0,0,0,0,0,0,0,0,0,0
414,5144206,273,580000,5.763427994,101,3101,3701,5101,602,1402,103,101,0,1,0,0,1,0,1,1,1,1,1,1,1,1,1,1,1,1A,XA,XB,XB,1C,1C,1,0,0,2,0,1,2,3,1AXA_XBXB_1C1C,0,0,0,0,0,0,0,1,0,0,0,0
415,5146374,1080,19000,4.278753601,1101,3101,1501,5201,401,1202,103,101,1,1,0,0,1,0,0,1,1,1,1,1,0,0,0,1,1,1A,XA,XB,XB,1C,1C,1,0,0,2,0,1,2,3,1AXA_XBXB_1C1C,0,0,0,0,0,0,0,1,0,0,0,0
416,5150625,403,47000,4.672097858,2402,2402,5101,5201,1202,1402,103,101,1,1,0,0,1,0,0,1,1,1,1,1,0,0,0,1,1,2A,2A,XB,XB,1C,1C,0,2,0,2,0,2,2,4,2A2A_XBXB_1C1C,1,0,0,0,0,0,0,0,0,0,0,0
417,5151282,570,380000,5.579783597,2402,2601,4002,5201,304,1202,103,101,1,1,0,0,1,0,0,1,1,1,1,1,0,0,0,1,1,2A,2A,XB,XB,1C,1C,0,2,0,2,0,2,2,4,2A2A_XBXB_1C1C,1,0,0,0,0,0,0,0,0,0,0,0
418,5151804,581,19000,4.278753601,2402,2601,4002,5201,304,1202,103,103,1,1,0,0,1,0,0,1,1,1,1,1,0,0,0,1,1,2A,2A,XB,XB,1C,1C,0,2,0,2,0,2,2,4,2A2A_XBXB_1C1C,1,0,0,0,0,0,0,0,0,0,0,0
419,5158238,408,5000,3.698970004,2402,3101,1501,5201,401,1202,103,101,1,1,0,0,1,0,0,1,1,1,1,1,0,0,0,1,1,2A,XA,XB,XB,1C,1C,0,1,0,2,0,1,2,3,2AXA_XBXB_1C1C,0,1,0,0,0,0,0,0,0,0,0,0
420,5156157,627,21000,4.322219295,206,3101,4601,5601,102,401,103,101,0,1,0,0,1,0,0,1,1,1,1,1,0,0,0,1,1,2A,XA,XB,XB,1C,1C,0,1,0,2,0,1,2,3,2AXA_XBXB_1C1C,0,1,0,0,0,0,0,0,0,0,0,0
421,5162156,308,4400,3.643452676,201,2402,1301,4001,304,304,103,101,0,1,0,0,1,0,1,1,1,1,1,1,1,1,1,1,1,2A,2A,XB,XB,1C,1C,0,2,0,2,0,2,2,4,2A2A_XBXB_1C1C,1,0,0,0,0,0,0,0,0,0,0,0
422,5161850,271,20000,4.301029996,201,2601,3901,5101,702,1402,103,101,0,1,0,0,1,0,0,1,1,1,1,1,0,0,0,1,1,2A,2A,6B,XB,XC,1C,0,2,1,1,0,2,1,4,2A2A_6BXB_1CXC,0,0,1,0,0,0,0,0,0,0,0,0
423,5168516,412,5900,3.770852012,2402,2402,5101,5201,1202,1402,103,103,1,1,0,0,1,0,0,1,1,1,1,1,0,0,0,1,1,2A,2A,XB,XB,1C,1C,0,2,0,2,0,2,2,4,2A2A_XBXB_1C1C,1,0,0,0,0,0,0,0,0,0,0,0
424,5168721,407,35000,4.544068044,206,1101,1501,4001,303,702,103,103,0,1,0,0,1,0,0,1,1,1,1,1,0,0,0,1,1,2A,1A,XB,XB,1C,XC,1,1,0,1,0,2,1,3,1A2A_XBXB_1CXC,0,0,0,0,0,0,0,0,0,0,0,1
425,5172681,375,18000,4.255272505,2402,3101,5101,5101,1402,1402,103,101,0,1,0,0,1,0,0,1,1,1,1,1,0,0,0,1,1,2A,XA,XB,XB,1C,1C,0,1,0,2,0,1,2,3,2AXA_XBXB_1C1C,0,1,0,0,0,0,0,0,0,0,0,0
426,5174629,110,48000,4.681241237,206,2402,702,1301,304,702,103,101,0,1,0,0,1,0,0,1,1,1,1,1,0,0,0,1,1,2A,2A,6B,XB,1C,XC,0,2,1,1,0,2,1,4,2A2A_6BXB_1CXC,0,0,1,0,0,0,0,0,0,0,0,0
427,5174762,605,6400,3.806179974,201,1101,3501,3901,303,702,103,101,0,1,1,1,1,0,0,1,1,1,1,1,0,0,0,1,1,2A,1A,XB,6B,1C,XC,1,1,1,1,0,2,1,4,1A2A_6BXB_1CXC,0,0,0,0,0,0,0,0,1,0,0,0
428,5176090,275,21000,4.322219295,2402,2402,1501,5401,102,303,103,101,0,1,0,0,1,0,1,1,1,1,1,1,1,1,1,1,1,2A,2A,XB,XB,1C,1C,0,2,0,2,0,2,2,4,2A2A_XBXB_1C1C,1,0,0,0,0,0,0,0,0,0,0,0
429,5176830,287,7600,3.880813592,2402,2402,4002,5201,304,1202,103,103,1,1,0,0,1,0,1,1,1,1,1,1,1,1,1,1,1,2A,2A,XB,XB,1C,1C,0,2,0,2,0,2,2,4,2A2A_XBXB_1C1C,1,0,0,0,0,0,0,0,0,0,0,0
430,5176898,187,100000,5,201,2402,4601,5401,102,102,103,101,0,1,0,0,1,0,0,1,1,1,1,1,0,0,0,1,1,2A,2A,XB,XB,1C,1C,0,2,0,2,0,2,2,4,2A2A_XBXB_1C1C,1,0,0,0,0,0,0,0,0,0,0,0
431,5178269,183,7200,3.857332496,2402,2402,702,5601,401,702,103,101,0,1,1,1,1,0,1,1,1,1,1,1,0,1,1,1,1,2A,2A,6B,XB,1C,XC,0,2,1,1,0,2,1,4,2A2A_6BXB_1CXC,0,0,1,0,0,0,0,0,0,0,0,0
432,5158472,516,40,1.602059991,2402,3303,4403,5201,1202,1403,103,101,1,1,1,1,1,1,0,1,1,1,1,1,0,1,0,1,1,2A,XA,XB,XB,1C,1C,0,1,0,2,0,1,2,3,2AXA_XBXB_1C1C,0,1,0,0,0,0,0,0,0,0,0,0
433,5184369,443,950,2.977723605,206,2402,4006,5201,801,1202,103,101,1,1,0,0,0,1,0,1,1,1,1,0,1,1,1,0,1,2A,2A,XB,XB,1C,1C,0,2,0,2,0,2,2,4,2A2A_XBXB_1C1C,1,0,0,0,0,0,0,0,0,0,0,0
434,5183018,333,12000,4.079181246,1101,3303,4403,5401,102,1403,103,103,0,1,0,0,0,0,1,1,1,1,1,0,1,1,1,0,1,1A,XA,XB,XB,1C,1C,1,0,0,2,0,1,2,3,1AXA_XBXB_1C1C,0,0,0,0,0,0,0,1,0,0,0,0
435,5184893,446,130000,5.113943352,2601,2602,3901,4001,702,702,103,101,0,1,0,0,1,0,0,1,1,1,1,1,0,0,0,1,1,2A,2A,6B,XB,XC,XC,0,2,1,0,0,2,0,3,2A2A_6BXB_XCXC,0,0,0,0,0,0,0,0,0,0,0,0
436,5191938,136,86000,4.934498451,201,206,4001,5401,102,304,103,101,0,1,0,0,1,0,0,1,1,1,1,1,0,0,0,1,1,2A,2A,XB,XB,1C,1C,0,2,0,2,0,2,2,4,2A2A_XBXB_1C1C,1,0,0,0,0,0,0,0,0,0,0,0
437,5191824,24,60000,4.77815125,2402,2402,4001,5201,304,1202,103,101,1,1,0,0,1,1,0,1,1,1,1,1,1,1,1,1,1,2A,2A,XB,XB,1C,1C,0,2,0,2,0,2,2,4,2A2A_XBXB_1C1C,1,0,0,0,0,0,0,0,0,0,0,0
438,5192410,326,320,2.505149978,201,2402,702,5504,303,702,103,101,0,1,0,0,1,0,1,1,1,1,1,1,1,1,1,1,1,2A,2A,6B,XB,1C,XC,0,2,1,1,0,2,1,4,2A2A_6BXB_1CXC,0,0,1,0,0,0,0,0,0,0,0,0
439,5195259,265,61000,4.785329835,201,3101,3505,5101,303,1402,103,101,0,1,0,0,1,0,1,1,1,1,1,1,1,1,1,1,1,2A,XA,XB,XB,1C,1C,0,1,0,2,0,1,2,3,2AXA_XBXB_1C1C,0,1,0,0,0,0,0,0,0,0,0,0
440,5196685,431,500,2.698970004,206,2602,3901,4006,702,801,103,101,0,1,0,0,1,0,0,1,1,1,1,1,0,0,0,1,1,2A,2A,6B,XB,XC,1C,0,2,1,1,0,2,1,4,2A2A_6BXB_1CXC,0,0,1,0,0,0,0,0,0,0,0,0
441,5196832,315,35000,4.544068044,207,2402,4601,5201,102,1202,103,103,1,1,0,0,1,0,1,1,1,1,1,1,1,1,1,1,1,2A,2A,XB,XB,1C,1C,0,2,0,2,0,2,2,4,2A2A_XBXB_1C1C,1,0,0,0,0,0,0,0,0,0,0,0
442,5202313,679,3800,3.579783597,206,2420,4001,5201,702,1202,103,101,1,1,0,0,1,0,1,1,1,1,1,1,1,1,1,1,1,2A,2A,XB,XB,XC,1C,0,2,0,1,0,2,1,3,2A2A_XBXB_1CXC,0,0,0,0,1,0,0,0,0,0,0,0
443,5204348,59,260000,5.414973348,2402,3101,702,4002,304,702,103,101,0,1,0,0,1,0,0,1,1,1,1,1,0,0,0,1,1,2A,XA,6B,XB,1C,XC,0,1,1,1,0,1,1,3,2AXA_6BXB_1CXC,0,0,0,0,0,0,1,0,0,0,0,0
444,5207767,76,86000,4.934498451,2601,3101,3501,3901,303,702,103,103,0,1,0,0,1,0,0,1,1,1,1,1,0,0,0,1,1,2A,XA,XB,6B,1C,XC,0,1,1,1,0,1,1,3,2AXA_6BXB_1CXC,0,0,0,0,0,0,1,0,0,0,0,0
445,5208122,191,110000,5.041392685,2402,2402,702,702,702,702,103,101,0,1,0,0,1,0,0,1,1,1,1,1,0,0,0,1,1,2A,2A,6B,6B,XC,XC,0,2,2,0,0,2,0,4,2A2A_6B6B_XCXC,0,0,0,0,0,0,0,0,0,0,0,0
446,5209936,237,16000,4.204119983,2402,3101,3501,4801,801,801,103,101,0,1,0,0,1,0,0,1,1,1,1,1,0,0,0,1,1,2A,XA,XB,6B,1C,1C,0,1,1,2,0,1,2,4,2AXA_6BXB_1C1C,0,0,0,0,0,0,0,0,0,0,0,0
447,5215993,28,31000,4.491361694,206,2402,3902,4002,304,702,103,101,0,1,1,1,1,0,0,1,1,1,1,1,0,0,0,1,1,2A,2A,6B,XB,1C,XC,0,2,1,1,0,2,1,4,2A2A_6BXB_1CXC,0,0,1,0,0,0,0,0,0,0,0,0
448,2751522,357,2300,3.361727836,2402,2601,702,5201,702,1202,103,101,1,1,0,0,1,0,1,1,1,1,1,1,1,1,1,1,1,2A,2A,6B,XB,XC,1C,0,2,1,1,0,2,1,4,2A2A_6BXB_1CXC,0,0,1,0,0,0,0,0,0,0,0,0
449,5212646,274,190000,5.278753601,2601,2601,702,5401,102,702,103,103,0,1,0,0,1,0,0,1,1,1,1,1,0,0,0,1,1,2A,2A,6B,XB,1C,XC,0,2,1,1,0,2,1,4,2A2A_6BXB_1CXC,0,0,1,0,0,0,0,0,0,0,0,0
450,5221484,338,100,2,2402,2603,1501,5201,303,1202,103,101,1,1,0,0,1,0,0,1,1,1,1,1,0,0,0,1,1,2A,2A,XB,XB,1C,1C,0,2,0,2,0,2,2,4,2A2A_XBXB_1C1C,1,0,0,0,0,0,0,0,0,0,0,0
451,5224106,19,89000,4.949390007,2402,2603,4001,5201,1202,1502,103,101,1,1,0,0,1,0,0,1,1,1,1,1,0,0,0,1,1,2A,2A,XB,XB,1C,2C,0,2,0,1,1,2,2,4,2A2A_XBXB_1C2C,0,0,0,0,0,0,0,0,0,0,1,0
452,5224757,350,85000,4.929418926,201,2402,4801,5201,803,1202,103,101,1,1,0,0,1,0,1,1,1,1,1,1,1,1,1,1,1,2A,2A,6B,XB,1C,1C,0,2,1,2,0,2,2,5,2A2A_6BXB_1C1C,0,0,0,0,0,1,0,0,0,0,0,0
453,5227626,192,4100,3.612783857,1101,2402,4002,4601,102,304,103,103,0,1,0,0,1,0,0,1,1,1,1,1,0,0,0,1,1,1A,2A,XB,XB,1C,1C,1,1,0,2,0,2,2,4,1A2A_XBXB_1C1C,0,0,0,1,0,0,0,0,0,0,0,0
454,5228717,301,56000,4.748188027,206,2402,1501,5401,102,102,103,101,0,1,0,0,1,0,0,1,1,1,1,1,0,0,0,1,1,2A,2A,XB,XB,1C,1C,0,2,0,2,0,2,2,4,2A2A_XBXB_1C1C,1,0,0,0,0,0,0,0,0,0,0,0
455,5230323,363,11000,4.041392685,206,3001,5901,6701,102,702,103,101,1,1,1,1,1,1,0,1,1,1,1,1,1,0,0,1,1,2A,1A,XB,XB,1C,XC,1,1,0,1,0,2,1,3,1A2A_XBXB_1CXC,0,0,0,0,0,0,0,0,0,0,0,1
456,5232491,544,8800,3.944482672,1101,2402,1501,4002,304,801,103,101,0,1,0,0,1,1,0,1,1,1,1,1,1,0,0,1,1,1A,2A,XB,XB,1C,1C,1,1,0,2,0,2,2,4,1A2A_XBXB_1C1C,0,0,0,1,0,0,0,0,0,0,0,0
457,5233898,95,1300000,6.113943352,2402,2402,4002,5201,304,1202,103,103,1,1,0,0,1,0,1,1,1,1,1,1,1,0,0,1,1,2A,2A,XB,XB,1C,1C,0,2,0,2,0,2,2,4,2A2A_XBXB_1C1C,1,0,0,0,0,0,0,0,0,0,0,0
458,5238907,104,220000,5.342422681,2402,2603,3901,5401,102,702,103,101,0,1,0,0,1,0,1,1,1,1,1,1,1,0,0,1,1,2A,2A,6B,XB,1C,XC,0,2,1,1,0,2,1,4,2A2A_6BXB_1CXC,0,0,1,0,0,0,0,0,0,0,0,0
459,5239027,189,55000,4.740362689,2402,2402,702,5101,702,1402,103,101,0,1,0,0,1,0,0,1,1,1,1,1,0,0,0,1,1,2A,2A,6B,XB,XC,1C,0,2,1,1,0,2,1,4,2A2A_6BXB_1CXC,0,0,1,0,0,0,0,0,0,0,0,0
460,5231629,282,90000,4.954242509,201,1101,4002,5401,102,1502,103,101,0,1,1,1,1,0,0,1,1,1,1,1,0,0,0,1,1,2A,1A,XB,XB,1C,2C,1,1,0,1,1,2,2,4,1A2A_XBXB_1C2C,0,0,0,0,0,0,0,0,0,0,0,0
461,5237379,217,60000,4.77815125,2402,2402,4601,5201,102,1202,103,101,1,1,0,0,1,0,0,1,1,1,1,1,0,0,0,1,1,2A,2A,XB,XB,1C,1C,0,2,0,2,0,2,2,4,2A2A_XBXB_1C1C,1,0,0,0,0,0,0,0,0,0,0,0
462,5241196,531,210000,5.322219295,2602,2603,1501,1501,303,303,103,101,0,1,0,0,1,1,0,1,1,1,1,1,1,1,1,1,1,2A,2A,XB,XB,1C,1C,0,2,0,2,0,2,2,4,2A2A_XBXB_1C1C,1,0,0,0,0,0,0,0,0,0,0,0
463,5245316,233,28000,4.447158031,1101,3303,3501,4403,303,1403,103,101,0,1,0,0,1,0,0,1,1,1,1,1,0,0,0,1,1,1A,XA,XB,XB,1C,1C,1,0,0,2,0,1,2,3,1AXA_XBXB_1C1C,0,0,0,0,0,0,0,1,0,0,0,0
464,5249464,785,3000,3.477121255,201,1101,3904,4006,702,801,103,101,0,1,1,0,1,1,1,1,1,1,1,1,1,1,1,1,1,2A,1A,6B,XB,XC,1C,1,1,1,1,0,2,1,4,1A2A_6BXB_1CXC,0,0,0,0,0,0,0,0,1,0,0,0
465,5252985,296,230000,5.361727836,201,3303,1511,4403,303,1403,103,101,0,1,0,0,1,1,0,1,1,1,1,1,1,0,0,1,1,2A,XA,XB,XB,1C,1C,0,1,0,2,0,1,2,3,2AXA_XBXB_1C1C,0,1,0,0,0,0,0,0,0,0,0,0
466,5253627,397,71000,4.851258349,206,2402,1501,4001,303,304,103,101,0,1,0,0,1,0,0,1,1,1,1,1,0,0,0,1,1,2A,2A,XB,XB,1C,1C,0,2,0,2,0,2,2,4,2A2A_XBXB_1C1C,1,0,0,0,0,0,0,0,0,0,0,0
467,5254284,37,44000,4.643452676,2402,2402,3901,5901,102,702,103,101,0,1,1,1,1,0,1,1,1,1,1,1,1,1,1,1,1,2A,2A,6B,XB,1C,XC,0,2,1,1,0,2,1,4,2A2A_6BXB_1CXC,0,0,1,0,0,0,0,0,0,0,0,0
468,5259351,13,110000,5.041392685,2402,2402,702,5201,702,1202,103,101,1,1,0,0,1,0,0,1,1,1,1,1,0,0,0,1,1,2A,2A,6B,XB,XC,1C,0,2,1,1,0,2,1,4,2A2A_6BXB_1CXC,0,0,1,0,0,0,0,0,0,0,0,0
469,5153086,713,61000,4.785329835,2402,2402,4801,5201,801,1202,103,101,1,1,0,0,1,0,0,1,1,1,1,1,0,0,0,1,1,2A,2A,6B,XB,1C,1C,0,2,1,2,0,2,2,5,2A2A_6BXB_1C1C,0,0,0,0,0,1,0,0,0,0,0,0
470,5268825,231,44000,4.643452676,2402,2402,3901,5201,702,1202,103,101,1,1,0,0,1,0,1,1,1,1,1,1,1,0,0,1,1,2A,2A,6B,XB,XC,1C,0,2,1,1,0,2,1,4,2A2A_6BXB_1CXC,0,0,1,0,0,0,0,0,0,0,0,0
471,5272248,590,9700,3.986771734,206,2402,3901,3902,702,702,103,101,0,1,0,0,1,0,1,1,1,1,1,1,1,1,1,1,1,2A,2A,6B,6B,XC,XC,0,2,2,0,0,2,0,4,2A2A_6B6B_XCXC,0,0,0,0,0,0,0,0,0,0,0,0
472,5273010,362,8600,3.934498451,206,2603,1528,4001,303,304,103,101,0,1,1,1,1,0,0,1,1,1,1,1,0,0,0,1,1,2A,2A,XB,XB,1C,1C,0,2,0,2,0,2,2,4,2A2A_XBXB_1C1C,1,0,0,0,0,0,0,0,0,0,0,0
473,4987114,276,100000,5,2402,2601,4002,5101,304,1402,103,101,0,1,0,0,1,0,0,1,1,1,1,1,0,0,0,1,1,2A,2A,XB,XB,1C,1C,0,2,0,2,0,2,2,4,2A2A_XBXB_1C1C,1,0,0,0,0,0,0,0,0,0,0,0
474,5274983,462,65000,4.812913357,201,2402,4002,5201,303,1202,103,103,1,1,0,0,1,1,0,1,1,1,1,1,1,1,1,1,1,2A,2A,XB,XB,1C,1C,0,2,0,2,0,2,2,4,2A2A_XBXB_1C1C,1,0,0,0,0,0,0,0,0,0,0,0
475,5275029,54,35000,4.544068044,2402,3303,4002,4403,304,1403,103,103,0,1,0,0,1,0,0,1,1,1,1,1,0,0,0,1,1,2A,XA,XB,XB,1C,1C,0,1,0,2,0,1,2,3,2AXA_XBXB_1C1C,0,1,0,0,0,0,0,0,0,0,0,0
476,5277100,211,5100,3.707570176,2402,3303,4403,5201,1202,1403,103,101,1,1,0,0,1,0,0,1,1,1,1,1,0,0,0,1,1,2A,XA,XB,XB,1C,1C,0,1,0,2,0,1,2,3,2AXA_XBXB_1C1C,0,1,0,0,0,0,0,0,0,0,0,0
477,4361116,444,7200,3.857332496,2402,3303,4403,5201,1202,1403,103,103,1,1,1,1,1,0,0,1,1,1,1,1,0,0,0,1,1,2A,XA,XB,XB,1C,1C,0,1,0,2,0,1,2,3,2AXA_XBXB_1C1C,0,1,0,0,0,0,0,0,0,0,0,0
478,5280070,73,13000,4.113943352,201,2402,702,4001,702,702,103,101,0,1,0,0,1,0,0,1,1,1,1,1,0,0,0,1,1,2A,2A,6B,XB,XC,XC,0,2,1,0,0,2,0,3,2A2A_6BXB_XCXC,0,0,0,0,0,0,0,0,0,0,0,0
479,5282630,283,58000,4.763427994,2402,3303,5201,5201,1202,1202,103,103,1,1,0,0,1,0,0,1,1,1,1,1,0,0,0,1,1,2A,XA,XB,XB,1C,1C,0,1,0,2,0,1,2,3,2AXA_XBXB_1C1C,0,1,0,0,0,0,0,0,0,0,0,0
480,5283705,268,9900,3.995635195,2601,3303,3501,4403,303,1403,103,103,0,1,0,0,1,0,1,1,1,1,1,1,1,1,1,1,1,2A,XA,XB,XB,1C,1C,0,1,0,2,0,1,2,3,2AXA_XBXB_1C1C,0,1,0,0,0,0,0,0,0,0,0,0
481,5285899,565,5000,3.698970004,206,1101,1501,5201,401,1202,103,101,1,1,0,0,1,1,0,1,1,1,1,1,1,0,0,1,1,2A,1A,XB,XB,1C,1C,1,1,0,2,0,2,2,4,1A2A_XBXB_1C1C,0,0,0,1,0,0,0,0,0,0,0,0
482,5079823,408,19000,4.278753601,2601,3101,4002,5101,304,1402,103,101,0,1,0,0,1,0,0,1,1,1,1,1,0,0,0,1,1,2A,XA,XB,XB,1C,1C,0,1,0,2,0,1,2,3,2AXA_XBXB_1C1C,0,1,0,0,0,0,0,0,0,0,0,0
483,5297506,385,33000,4.51851394,201,2402,4001,4403,702,1403,103,103,0,1,0,0,1,0,1,1,1,1,1,1,1,1,1,1,1,2A,2A,XB,XB,XC,1C,0,2,0,1,0,2,1,3,2A2A_XBXB_1CXC,0,0,0,0,1,0,0,0,0,0,0,0
484,5301241,235,80000,4.903089987,101,2402,3701,5201,602,1202,103,101,1,1,0,0,1,0,0,1,1,1,1,1,0,0,0,1,1,1A,2A,XB,XB,1C,1C,1,1,0,2,0,2,2,4,1A2A_XBXB_1C1C,0,0,0,1,0,0,0,0,0,0,0,0
485,5301414,265,2300,3.361727836,206,2402,4002,5201,102,1202,103,103,1,1,0,0,1,0,0,1,1,1,1,1,0,0,0,1,1,2A,2A,XB,XB,1C,1C,0,2,0,2,0,2,2,4,2A2A_XBXB_1C1C,1,0,0,0,0,0,0,0,0,0,0,0
486,5302042,201,35000,4.544068044,207,2602,4006,4601,102,801,103,101,0,1,0,0,1,0,0,1,1,1,1,1,0,0,0,1,1,2A,2A,XB,XB,1C,1C,0,2,0,2,0,2,2,4,2A2A_XBXB_1C1C,1,0,0,0,0,0,0,0,0,0,0,0
487,5305852,62,56000,4.748188027,2601,2602,4001,4006,304,801,103,103,0,1,0,0,1,0,0,1,1,1,1,1,0,0,0,1,1,2A,2A,XB,XB,1C,1C,0,2,0,2,0,2,2,4,2A2A_XBXB_1C1C,1,0,0,0,0,0,0,0,0,0,0,0
488,5305924,182,1000,3,206,2402,4006,5901,102,1502,103,101,0,1,0,0,1,0,0,1,1,1,1,1,0,0,0,1,1,2A,2A,XB,XB,1C,2C,0,2,0,1,1,2,2,4,2A2A_XBXB_1C2C,0,0,0,0,0,0,0,0,0,0,1,0
489,5309519,611,17000,4.230448921,1101,2402,4601,5201,102,1202,103,103,1,1,0,0,1,0,0,1,1,1,1,1,0,0,0,1,1,1A,2A,XB,XB,1C,1C,1,1,0,2,0,2,2,4,1A2A_XBXB_1C1C,0,0,0,1,0,0,0,0,0,0,0,0
490,5317761,228,18000,4.255272505,201,3303,4403,4801,303,1403,103,101,0,1,1,1,1,0,1,1,1,1,1,1,1,1,1,1,1,2A,XA,XB,6B,1C,1C,0,1,1,2,0,1,2,4,2AXA_6BXB_1C1C,0,0,0,0,0,0,0,0,0,0,0,0
491,5299560,159,460000,5.662757832,2402,2402,4002,5101,303,1402,103,103,0,1,0,0,1,0,0,1,1,1,1,1,0,0,0,1,1,2A,2A,XB,XB,1C,1C,0,2,0,2,0,2,2,4,2A2A_XBXB_1C1C,1,0,0,0,0,0,0,0,0,0,0,0
492,5321953,449,50000,4.698970004,2402,3101,4002,5502,102,304,103,103,0,1,0,0,1,0,1,1,1,1,1,1,1,1,1,1,1,2A,XA,XB,XB,1C,1C,0,1,0,2,0,1,2,3,2AXA_XBXB_1C1C,0,1,0,0,0,0,0,0,0,0,0,0
493,5322581,319,4400,3.643452676,201,2402,1501,4801,803,803,101,101,0,1,1,1,1,0,0,1,1,1,1,1,0,0,0,1,1,2A,2A,XB,6B,1C,1C,0,2,1,2,0,2,2,5,2A2A_6BXB_1C1C,0,0,0,0,0,1,0,0,0,0,0,0
494,5323539,294,22000,4.342422681,206,1101,4002,4601,103,1502,103,101,0,1,0,0,1,0,1,1,1,1,1,1,1,1,1,1,1,2A,1A,XB,XB,1C,2C,1,1,0,1,1,2,2,4,1A2A_XBXB_1C2C,0,0,0,0,0,0,0,0,0,0,0,0
495,5323672,85,200000,5.301029996,2402,2402,1518,5401,102,704,103,101,0,1,0,0,1,0,0,1,1,1,1,1,0,0,0,1,1,2A,2A,XB,XB,1C,XC,0,2,0,1,0,2,1,3,2A2A_XBXB_1CXC,0,0,0,0,1,0,0,0,0,0,0,0
496,5330339,99,61000,4.785329835,206,2402,3501,4002,304,304,103,101,0,1,0,0,1,0,0,1,1,1,1,1,0,0,0,1,1,2A,2A,XB,XB,1C,1C,0,2,0,2,0,2,2,4,2A2A_XBXB_1C1C,1,0,0,0,0,0,0,0,0,0,0,0
497,5332481,348,65000,4.812913357,201,2402,1301,1301,304,304,103,101,0,1,0,0,1,0,0,1,1,1,1,1,0,0,0,1,1,2A,2A,XB,XB,1C,1C,0,2,0,2,0,2,2,4,2A2A_XBXB_1C1C,1,0,0,0,0,0,0,0,0,0,0,0
498,4645014,566,1400,3.146128036,201,206,1518,4002,304,801,101,101,0,1,0,0,1,0,1,1,1,1,1,1,1,1,1,1,1,2A,2A,XB,XB,1C,1C,0,2,0,2,0,2,2,4,2A2A_XBXB_1C1C,1,0,0,0,0,0,0,0,0,0,0,0
499,5335002,663,40,1.602059991,2402,2601,1501,2705,102,102,103,101,0,1,1,1,0,1,1,1,1,1,1,0,1,1,1,0,1,2A,2A,XB,XB,1C,1C,0,2,0,2,0,2,2,4,2A2A_XBXB_1C1C,1,0,0,0,0,0,0,0,0,0,0,0
500,5346732,324,47000,4.672097858,207,207,4601,4601,102,102,103,101,0,1,0,0,1,0,0,1,1,1,1,1,0,0,0,1,1,2A,2A,XB,XB,1C,1C,0,2,0,2,0,2,2,4,2A2A_XBXB_1C1C,1,0,0,0,0,0,0,0,0,0,0,0
501,5347966,528,7800,3.892094603,201,201,1301,3904,304,702,103,101,0,1,0,0,1,1,0,1,1,1,1,1,1,1,1,1,1,2A,2A,XB,6B,1C,XC,0,2,1,1,0,2,1,4,2A2A_6BXB_1CXC,0,0,1,0,0,0,0,0,0,0,0,0
502,5351871,390,23000,4.361727836,2601,3303,4002,4006,304,801,103,101,0,1,0,0,1,0,0,1,1,1,1,1,0,0,0,1,1,2A,XA,XB,XB,1C,1C,0,1,0,2,0,1,2,3,2AXA_XBXB_1C1C,0,1,0,0,0,0,0,0,0,0,0,0
503,5356355,464,6600,3.819543936,201,3101,1501,4001,1502,1502,103,101,0,1,0,0,1,0,1,1,1,1,1,1,1,1,1,1,1,2A,XA,XB,XB,2C,2C,0,1,0,0,2,1,2,3,2AXA_XBXB_2C2C,0,0,0,0,0,0,0,0,0,0,0,0
504,5359569,850,20000,4.301029996,201,1101,1501,4001,303,401,103,101,0,1,0,0,1,0,1,1,1,1,1,1,1,1,1,1,1,2A,1A,XB,XB,1C,1C,1,1,0,2,0,2,2,4,1A2A_XBXB_1C1C,0,0,0,1,0,0,0,0,0,0,0,0