Cytokine,Donor,Ratios,Cytokine_Treatments,1,3,6,12,18,24,30,36,42,48,60,72
CD121a,Donor_1,1.1,None,0.000276674,0.00059278,0.001072718,0.000478691,0.000290276,0.000711003,0.000561597,0.000157702,0.000157702,0.000672684,0.000157702,0.000222437
,,,IL-12/IL-15,0.000416767,0.000372194,0.000157702,0.000157702,0.000259695,0.000157702,0.000157702,0.000310707,0.000320935,0.000157702,0.000157702,0.000157702
,,3.1,None,0.00077035,0.000168509,0.000157702,0.000942211,0.000756373,0.000219057,0.000924622,0.000157702,0.000188692,0.000157702,0.001069183,0.000222437
,,,IL-12/IL-15,0.000396179,0.000157702,0.000451141,0.000168509,0.000624011,0.000157702,0.000157702,0.000520097,0.000731932,0.000229201,0.000157702,0.000286874
,,10.1,None,0.000840358,0.000157702,0.001503465,0.0002123,0.000293679,0.000331171,0.000290276,0.000530464,0.000181959,0.000242743,0.000617066,0.000700546
,,,IL-12/IL-15,0.000157702,0.000157702,0.000232585,0.000157702,0.000403038,0.002704718,0.000286874,0.000624011,0.001932426,0.000256303,0.000551214,0.000157702
,,30.1,None,0.000229201,0.000468354,0.000266484,0.000509737,0.00053392,0.000413334,0.000157702,0.000198802,0.000157702,0.000157702,0.000249521,0.000492482
,,,IL-12/IL-15,0.000215678,0.000157702,0.000263089,0.000489034,0.001453335,0.000648333,0.000157702,0.006573416,0.000219057,0.000157702,0.001055047,0.000157702
,,T-,None,0.000157702,0.000157702,0.000634431,0.000327758,0.000157702,0.000202175,0.000157702,0.000157702,0.000157702,0.000606654,0.000157702,0.001339031
,,,IL-12/IL-15,0.000157702,0.001453335,0.000157702,0.001528558,0.000603185,0.000468354,0.000219057,0.000385895,0.000256303,0.000157702,0.0002123,0.011988082
,,Blank1,None,0.000157702,0.000157702,0.000157702,0.001292708,0.000219057,0.000157702,0.000157702,0.000157702,0.000263089,0.000157702,0.000427072,0.000157702
,,,IL-12/IL-15,0.000157702,0.000458024,0.000157702,0.000351668,0.000229201,0.000921106,0.00044426,0.000157702,0.000157702,0.000157702,0.000389322,0.000157702
,,Blank2,None,0.000157702,0.0002123,0.000157702,0.000157702,0.000157702,0.000157702,0.000157702,0.000324346,0.000157702,0.000889479,0.000365349,0.000157702
,,,IL-12/IL-15,0.000157702,0.000157702,0.000165151,0.000530464,0.000368771,0.000157702,0.000355087,0.000252911,0.000157702,0.000157702,0.000252911,0.000157702
,,Blank3,None,0.000157702,0.000157702,0.00026988,0.002649346,0.000157702,0.000157702,0.000198802,0.00026988,0.000379043,0.000416767,0.000157702,0.000630957
,,,IL-12/IL-15,0.000157702,0.001668685,0.000175231,0.00080883,0.000157702,0.000157702,0.000157702,0.00095277,0.000430508,0.000157702,0.000297082,0.000157702
,Donor_2,1.1,None,0.000157702,0.000437383,0.000259695,0.000178594,0.000157702,0.000310707,0.000157702,0.000157702,0.000896504,0.000157702,0.000516643,0.0004477
,,,IL-12/IL-15,0.000249521,0.001225125,0.001925175,0.000324346,0.000157702,0.00143545,0.000396179,0.000157702,0.000454582,0.000185325,0.000157702,0.000409901
,,3.1,None,0.000338,0.000303893,0.000157702,0.000158438,0.000157702,0.000610124,0.000222437,0.00039275,0.000157702,0.000409901,0.000229201,0.000175231
,,,IL-12/IL-15,0.000157702,0.000157702,0.000157702,0.000297082,0.000665724,0.000157702,0.000157702,0.000379043,0.000157702,0.000222437,0.000181959,0.000157702
,,10.1,None,0.000399608,0.000372194,0.000157702,0.000157702,0.000157702,0.000420201,0.000157702,0.000205549,0.000620538,0.000506285,0.000157702,0.000157702
,,,IL-12/IL-15,0.000409901,0.000157702,0.000707517,0.000219057,0.000246131,0.000341416,0.000365349,0.000334585,0.000157702,0.000829844,0.000246131,0.000157702
,,30.1,None,0.000389322,0.000341416,0.000232585,0.000157702,0.000403038,0.000157702,0.000942211,0.000157702,0.000157702,0.000157702,0.00071449,0.000157702
,,,IL-12/IL-15,0.000157702,0.000317525,0.000157702,0.000157702,0.000157702,0.000157702,0.000157702,0.000286874,0.000175231,0.000157702,0.000157702,0.000561597
,,T-,None,0.000610124,0.000157702,0.000157702,0.000303893,0.00059278,0.000225819,0.0002123,0.000157702,0.000157702,0.000157702,0.000283473,0.000208924
,,,IL-12/IL-15,0.000157702,0.000165151,0.000157702,0.000310707,0.000599716,0.000273276,0.00182743,0.000280073,0.001026796,0.000157702,0.000461467,0.000157702
,,Blank1,None,0.000157702,0.000161793,0.000157702,0.000202175,0.000502833,0.000157702,0.000413334,0.000171869,0.000252911,0.000273276,0.000157702,0.000478691
,,,IL-12/IL-15,0.000440821,0.000157702,0.000157702,0.000396179,0.001016209,0.000728443,0.000372194,0.000157702,0.000157702,0.000157702,0.000161793,0.000516643
,,Blank2,None,0.000157702,0.000157702,0.000157702,0.000157702,0.000157702,0.000157702,0.000276674,0.000589312,0.000327758,0.000157702,0.000327758,0.000157702
,,,IL-12/IL-15,0.00051319,0.000338,0.000157702,0.000409901,0.000157702,0.000157702,0.000157702,0.000440821,0.000157702,0.000157702,0.000157702,0.000157702
,,Blank3,None,0.000256303,0.00059278,0.000273276,0.000157702,0.000157702,0.000252911,0.000157702,0.000157702,0.000157702,0.000157702,0.000157702,0.000157702
,,,IL-12/IL-15,0.000527008,0.000157702,0.000168509,0.000157702,0.000372194,0.000396179,0.000157702,0.000157702,0.000157702,0.000157702,0.000157702,0.000215678
CD178,Donor_1,1.1,None,0.000374872,0.000651694,0.000497007,0.000374872,0.000411303,0.000374872,0.000374872,0.00108685,0.000374872,0.000374872,0.00078299,0.000374872
,,,IL-12/IL-15,0.000374872,0.001479034,0.001195533,0.001176317,0.001195533,0.000626818,0.000374872,0.001010448,0.000720328,0.000374872,0.000726583,0.000374872
,,3.1,None,0.000374872,0.000374872,0.000695333,0.000374872,0.000374872,0.000441827,0.000374872,0.000478581,0.000997741,0.000374872,0.000374872,0.000374872
,,,IL-12/IL-15,0.000435714,0.001163515,0.001472559,0.001771876,0.002424781,0.002451384,0.000927994,0.001719619,0.001440201,0.000521624,0.000883739,0.000374872
,,10.1,None,0.000374872,0.000374872,0.000374872,0.000374872,0.000374872,0.000411303,0.000374872,0.000374872,0.000374872,0.000374872,0.000664149,0.000374872
,,,IL-12/IL-15,0.000466315,0.001118762,0.003107931,0.0032227,0.004693759,0.003330941,0.002278759,0.002060692,0.002838881,0.002040928,0.002537954,0.002618013
,,30.1,None,0.000374872,0.000374872,0.000374872,0.000374872,0.000374872,0.000490862,0.00065792,0.000374872,0.000374872,0.000374872,0.000651694,0.000620606
,,,IL-12/IL-15,0.000374872,0.000695333,0.00176534,0.002597985,0.002618013,0.00332417,0.002371624,0.00271159,0.002618013,0.004901667,0.006189487,0.006493421
,,T-,None,0.000374872,0.000374872,0.000374872,0.000374872,0.000374872,0.000374872,0.000374872,0.000374872,0.000374872,0.000374872,0.000374872,0.000374872
,,,IL-12/IL-15,0.000374872,0.000374872,0.000374872,0.000374872,0.000374872,0.000374872,0.000441827,0.000374872,0.000374872,0.00073284,0.000374872,0.001048615
,,Blank1,None,0.000374872,0.000374872,0.000374872,0.000374872,0.000374872,0.000374872,0.000374872,0.000374872,0.000374872,0.000374872,0.000374872,0.000374872
,,,IL-12/IL-15,0.000374872,0.000374872,0.000374872,0.000374872,0.000374872,0.001369144,0.000374872,0.000374872,0.000374872,0.000374872,0.000374872,0.000374872
,,Blank2,None,0.000374872,0.000374872,0.000374872,0.000374872,0.000374872,0.000374872,0.000374872,0.000374872,0.000374872,0.000374872,0.000374872,0.000374872
,,,IL-12/IL-15,0.000374872,0.000374872,0.000374872,0.000374872,0.000374872,0.000374872,0.000374872,0.000374872,0.000374872,0.000374872,0.000374872,0.000374872
,,Blank3,None,0.000374872,0.000374872,0.000374872,0.000374872,0.000374872,0.000374872,0.000374872,0.000714075,0.000374872,0.000374872,0.000374872,0.000374872
,,,IL-12/IL-15,0.000374872,0.000374872,0.000374872,0.000374872,0.000374872,0.000374872,0.000374872,0.000374872,0.000374872,0.000374872,0.000374872,0.000374872
,Donor_2,1.1,None,0.000374872,0.00048472,0.000374872,0.000374872,0.000411303,0.000374872,0.000374872,0.000374872,0.000374872,0.000374872,0.000374872,0.000374872
,,,IL-12/IL-15,0.000435714,0.001726147,0.001673962,0.001356245,0.001778414,0.00140142,0.000374872,0.000429606,0.000374872,0.00099139,0.000858498,0.000374872
,,3.1,None,0.000374872,0.000490862,0.000374872,0.00065792,0.000435714,0.000770438,0.000374872,0.000801836,0.000503156,0.000374872,0.000460187,0.000374872
,,,IL-12/IL-15,0.000571016,0.001876631,0.001804578,0.003977853,0.005465972,0.002852299,0.002205938,0.002438081,0.000909015,0.000374872,0.001647901,0.001537382
,,10.1,None,0.000374872,0.000374872,0.000374872,0.000497007,0.000497007,0.000676614,0.000985041,0.001330464,0.001035885,0.00097235,0.001343351,0.000776713
,,,IL-12/IL-15,0.000682851,0.001968547,0.00379328,0.005591941,0.005837457,0.007033218,0.005781273,0.006819747,0.003663729,0.007011848,0.006288323,0.004714523
,,30.1,None,0.000374872,0.000374872,0.000399122,0.000776713,0.001394962,0.000386958,0.001589342,0.001169915,0.001112376,0.001700044,0.001246851,0.001035885
,,,IL-12/IL-15,0.000374872,0.001093229,0.001673962,0.002785244,0.002691522,0.002484661,0.002798648,0.003561651,0.002418133,0.005725128,0.006104863,0.006302452
,,T-,None,0.000374872,0.000374872,0.001118762,0.000374872,0.000374872,0.000423501,0.000374872,0.000386958,0.000374872,0.000374872,0.000852194,0.001343351
,,,IL-12/IL-15,0.000374872,0.000460187,0.000374872,0.000374872,0.00060819,0.000959667,0.000393038,0.001732676,0.001259697,0.001330464,0.001266122,0.000374872
,,Blank1,None,0.000374872,0.000374872,0.000374872,0.000374872,0.000374872,0.000374872,0.000374872,0.000374872,0.000374872,0.000374872,0.000374872,0.000374872
,,,IL-12/IL-15,0.000374872,0.000374872,0.000374872,0.000393038,0.000374872,0.000374872,0.000374872,0.000374872,0.000374872,0.000374872,0.000374872,0.000374872
,,Blank2,None,0.000374872,0.000374872,0.000374872,0.000374872,0.000374872,0.000374872,0.000374872,0.000374872,0.000374872,0.000374872,0.000374872,0.000374872
,,,IL-12/IL-15,0.000374872,0.000374872,0.000374872,0.000374872,0.000374872,0.000374872,0.000374872,0.000374872,0.000374872,0.000374872,0.000374872,0.000374872
,,Blank3,None,0.000374872,0.000374872,0.000374872,0.000374872,0.000374872,0.000374872,0.000374872,0.000374872,0.000374872,0.000374872,0.000374872,0.001208353
,,,IL-12/IL-15,0.000374872,0.000374872,0.000374872,0.000374872,0.000374872,0.000374872,0.000374872,0.000374872,0.000374872,0.000374872,0.000374872,0.000374872
G-CSF,Donor_1,1.1,None,0.000318842,0.000318842,0.000318842,0.000318842,0.000318842,0.000318842,0.000636162,0.000318842,0.000318842,0.000326018,0.000318842,0.000326018
,,,IL-12/IL-15,0.000318842,0.000535395,0.000318842,0.000318842,0.000377291,0.000318842,0.000318842,0.000605711,0.000495356,0.001039695,0.001668574,0.000318842
,,3.1,None,0.000318842,0.000318842,0.000318842,0.000477436,0.000832389,0.001322353,0.001314378,0.001722908,0.001401824,0.000318842,0.001617953,0.001865666
,,,IL-12/IL-15,0.000318842,0.000318842,0.000318842,0.000318842,0.000318842,0.000318842,0.000318842,0.000358752,0.000318842,0.000318842,0.000326018,0.000318842
,,10.1,None,0.000318842,0.000318842,0.000318842,0.000318842,0.000653485,0.001019194,0.000936706,0.000318842,0.000794469,0.001777064,0.001100926,0.001234321
,,,IL-12/IL-15,0.00032131,0.000318842,0.000318842,0.000318842,0.000318842,0.000318842,0.000318842,0.000318842,0.000318842,0.000318842,0.000318842,0.000318842
,,30.1,None,0.000318842,0.000318842,0.000318842,0.000318842,0.000318842,0.000318842,0.000318842,0.000318842,0.000318842,0.000318842,0.000318842,0.000318842
,,,IL-12/IL-15,0.000318842,0.000326018,0.000318842,0.000318842,0.000318842,0.000318842,0.000318842,0.000318842,0.000318842,0.000330718,0.000318842,0.000318842
,,T-,None,0.000318842,0.000318842,0.000318842,0.000318842,0.000318842,0.000318842,0.000318842,0.000318842,0.000318842,0.000318842,0.000349438,0.000318842
,,,IL-12/IL-15,0.000318842,0.000318842,0.000318842,0.000318842,0.000318842,0.000318842,0.000318842,0.000318842,0.000318842,0.000318842,0.000318842,0.000318842
,,Blank1,None,0.000318842,0.000318842,0.000318842,0.000318842,0.000318842,0.000318842,0.000318842,0.000318842,0.000318842,0.000318842,0.000318842,0.000318842
,,,IL-12/IL-15,0.000318842,0.000318842,0.000318842,0.000318842,0.000318842,0.000318842,0.000318842,0.000318842,0.000318842,0.000318842,0.000318842,0.000318842
,,Blank2,None,0.000318842,0.000318842,0.000318842,0.000318842,0.000318842,0.000318842,0.000318842,0.000318842,0.000318842,0.000318842,0.000318842,0.000318842
,,,IL-12/IL-15,0.000318842,0.000318842,0.000318842,0.000318842,0.000318842,0.000318842,0.000318842,0.000318842,0.000318842,0.000318842,0.000318842,0.000318842
,,Blank3,None,0.000318842,0.000318842,0.000318842,0.000318842,0.000318842,0.000318842,0.000318842,0.000318842,0.000318842,0.000318842,0.000318842,0.000318842
,,,IL-12/IL-15,0.000318842,0.000318842,0.000318842,0.000318842,0.000318842,0.000318842,0.000318842,0.000318842,0.000318842,0.000318842,0.000318842,0.000318842
,Donor_2,1.1,None,0.000318842,0.000318842,0.000318842,0.000318842,0.000318842,0.000318842,0.000318842,0.000318842,0.000318842,0.000318842,0.000318842,0.000318842
,,,IL-12/IL-15,0.000318842,0.000318842,0.000318842,0.000318842,0.000330718,0.000318842,0.00032131,0.000318842,0.000318842,0.000610072,0.000318842,0.000318842
,,3.1,None,0.000318842,0.000318842,0.000318842,0.000318842,0.000318842,0.000318842,0.000318842,0.000318842,0.000318842,0.000318842,0.000318842,0.000318842
,,,IL-12/IL-15,0.000318842,0.000318842,0.000318842,0.000432269,0.001266411,0.001417658,0.001092784,0.001338288,0.001173899,0.000318842,0.001551501,0.001145583
,,10.1,None,0.000318842,0.000318842,0.000423169,0.000318842,0.000631823,0.000865928,0.000764828,0.000911799,0.000700846,0.000844984,0.000499823,0.000743574
,,,IL-12/IL-15,0.000318842,0.000318842,0.000318842,0.000318842,0.000459435,0.000666441,0.000735052,0.001096856,0.000857558,0.001088711,0.000965668,0.000657807
,,30.1,None,0.000318842,0.000318842,0.000318842,0.000318842,0.000423169,0.000318842,0.000318842,0.000318842,0.000318842,0.000318842,0.000601346,0.000504286
,,,IL-12/IL-15,0.000318842,0.000318842,0.000318842,0.000450402,0.000318842,0.000318842,0.000418609,0.000526529,0.000423169,0.000899315,0.000445877,0.00062748
,,T-,None,0.000318842,0.000318842,0.000318842,0.000318842,0.000318842,0.000318842,0.000318842,0.000318842,0.000318842,0.000318842,0.000318842,0.000318842
,,,IL-12/IL-15,0.000318842,0.000318842,0.000318842,0.000318842,0.000318842,0.000318842,0.000318842,0.000318842,0.000318842,0.000318842,0.000318842,0.000318842
,,Blank1,None,0.000318842,0.000318842,0.000318842,0.000318842,0.000318842,0.000318842,0.000318842,0.000318842,0.000318842,0.000318842,0.000318842,0.000318842
,,,IL-12/IL-15,0.000318842,0.000318842,0.000318842,0.000318842,0.000318842,0.000318842,0.000318842,0.000318842,0.000318842,0.000318842,0.000318842,0.000318842
,,Blank2,None,0.000318842,0.000318842,0.000318842,0.000318842,0.000318842,0.000318842,0.000318842,0.000318842,0.000318842,0.000318842,0.000318842,0.000318842
,,,IL-12/IL-15,0.000318842,0.000318842,0.000318842,0.000318842,0.000318842,0.000318842,0.000318842,0.000318842,0.000318842,0.000318842,0.000318842,0.000318842
,,Blank3,None,0.000318842,0.000318842,0.000318842,0.000318842,0.000318842,0.000318842,0.000318842,0.000318842,0.000318842,0.000318842,0.000318842,0.000318842
,,,IL-12/IL-15,0.000318842,0.000318842,0.000318842,0.000318842,0.000318842,0.000318842,0.000318842,0.000318842,0.000318842,0.000318842,0.000318842,0.000318842
GM-CSF,Donor_1,1.1,None,0.000361388,0.000361388,0.000361388,0.000361388,0.000361388,0.000361388,0.000361388,0.000361388,0.000361388,0.000361388,0.000361388,0.000361388
,,,IL-12/IL-15,0.000361388,0.000361388,0.000361388,0.000361388,0.000447788,0.000361388,0.000361388,0.000361388,0.000361388,0.000361388,0.000376202,0.000361388
,,3.1,None,0.000361388,0.000361388,0.000361388,0.000361388,0.000361388,0.000361388,0.000361388,0.000361388,0.000361388,0.000361388,0.000361388,0.000543363
,,,IL-12/IL-15,0.000361388,0.000361388,0.000447788,0.000361388,0.000824806,0.000361388,0.000361388,0.000752861,0.000361388,0.000361388,0.000567278,0.000361388
,,10.1,None,0.000361388,0.000361388,0.000361388,0.000361388,0.000447788,0.001257526,0.000788827,0.000361388,0.000788827,0.001083034,0.001601193,0.002218232
,,,IL-12/IL-15,0.000376202,0.000459727,0.000361388,0.000406019,0.000902808,0.003398117,0.003008024,0.00220611,0.002181868,0.002570159,0.002454792,0.002363768
,,30.1,None,0.000361388,0.000361388,0.000361388,0.000361388,0.000453757,0.001239463,0.001197327,0.001637419,0.001685735,0.000361388,0.003202969,0.003856266
,,,IL-12/IL-15,0.000361388,0.000361388,0.000361388,0.000361388,0.000710919,0.001734067,0.003569033,0.007166045,0.010555477,0.018615518,0.017073905,0.015733914
,,T-,None,0.000361388,0.000361388,0.000361388,0.000361388,0.000361388,0.000361388,0.000361388,0.000361388,0.000361388,0.000361388,0.000836802,0.000579238
,,,IL-12/IL-15,0.000361388,0.000361388,0.000361388,0.000361388,0.000361388,0.000361388,0.000361388,0.00041795,0.000361388,0.000361388,0.000361388,0.000519457
,,Blank1,None,0.000361388,0.000361388,0.000361388,0.000361388,0.000361388,0.000361388,0.000361388,0.000361388,0.000361388,0.000361388,0.000361388,0.000361388
,,,IL-12/IL-15,0.000361388,0.000361388,0.000361388,0.000361388,0.000361388,0.000361388,0.000361388,0.000361388,0.000361388,0.000361388,0.000361388,0.000361388
,,Blank2,None,0.000361388,0.000361388,0.000361388,0.000361388,0.000361388,0.000361388,0.000453757,0.000361388,0.000361388,0.000361388,0.000361388,0.000361388
,,,IL-12/IL-15,0.000361388,0.000361388,0.000361388,0.000361388,0.000361388,0.000361388,0.000361388,0.000361388,0.000361388,0.000361388,0.000361388,0.000361388
,,Blank3,None,0.000361388,0.000361388,0.000361388,0.000361388,0.000361388,0.000361388,0.000361388,0.000361388,0.000361388,0.000361388,0.000361388,0.000361388
,,,IL-12/IL-15,0.000361388,0.000361388,0.000361388,0.000361388,0.000361388,0.000361388,0.000361388,0.000361388,0.000361388,0.000361388,0.000361388,0.000361388
,Donor_2,1.1,None,0.000361388,0.000361388,0.000361388,0.000406019,0.000513482,0.00055532,0.000361388,0.000361388,0.000361388,0.000361388,0.000441819,0.000361388
,,,IL-12/IL-15,0.000361388,0.001203346,0.00226673,0.001667615,0.001885206,0.001794504,0.001137159,0.001438293,0.000361388,0.001806594,0.001034945,0.000361388
,,3.1,None,0.000361388,0.000627097,0.001155206,0.002036494,0.002363768,0.002412308,0.001287636,0.001957806,0.001438293,0.000361388,0.001667615,0.001534803
,,,IL-12/IL-15,0.000361388,0.003008024,0.00518153,0.01218546,0.013762203,0.012991692,0.010221948,0.01054918,0.008230251,0.000361388,0.011533463,0.012781953
,,10.1,None,0.000361388,0.000621113,0.002752473,0.004806417,0.005631292,0.007831389,0.009055011,0.008043201,0.007843843,0.010435858,0.007625988,0.007700658
,,,IL-12/IL-15,0.000406019,0.003868498,0.010203082,0.011704212,0.012236171,0.014138744,0.014183455,0.014541419,0.008099301,0.011116563,0.008005809,0.004787985
,,30.1,None,0.000361388,0.00069894,0.002133395,0.004058187,0.006248893,0.00730269,0.01003964,0.010071063,0.010498808,0.017080363,0.015766045,0.014951125
,,,IL-12/IL-15,0.000361388,0.001329802,0.003068923,0.004107169,0.004064309,0.004548526,0.006125237,0.006384994,0.005692975,0.012705728,0.016493265,0.016319322
,,T-,None,0.000361388,0.000361388,0.000361388,0.000902808,0.000645052,0.000704929,0.000776837,0.001329802,0.001371982,0.000361388,0.003709542,0.006360242
,,,IL-12/IL-15,0.000361388,0.000361388,0.000361388,0.000361388,0.000361388,0.000361388,0.000465698,0.000361388,0.000361388,0.000728892,0.00055532,0.000361388
,,Blank1,None,0.000361388,0.000361388,0.000361388,0.000361388,0.000361388,0.000361388,0.000361388,0.000361388,0.000361388,0.000361388,0.000361388,0.000361388
,,,IL-12/IL-15,0.000361388,0.000361388,0.000361388,0.000361388,0.000361388,0.000361388,0.000361388,0.000361388,0.000361388,0.000361388,0.000361388,0.000361388
,,Blank2,None,0.000361388,0.000361388,0.000361388,0.000361388,0.000361388,0.000361388,0.000361388,0.000361388,0.000361388,0.000361388,0.000361388,0.000361388
,,,IL-12/IL-15,0.000361388,0.000361388,0.000361388,0.000361388,0.000361388,0.000361388,0.000423917,0.000361388,0.000361388,0.000361388,0.000361388,0.000361388
,,Blank3,None,0.000361388,0.000361388,0.000361388,0.000361388,0.000361388,0.000361388,0.000361388,0.000441819,0.000361388,0.000361388,0.000361388,0.001004899
,,,IL-12/IL-15,0.000361388,0.000361388,0.000361388,0.000361388,0.000361388,0.000361388,0.000361388,0.000361388,0.000361388,0.000361388,0.000361388,0.000361388
Granzyme B,Donor_1,1.1,None,0.000144077,0.000450749,0.000291069,0.000252283,0.000292672,0.000144077,0.000295877,0.000514684,0.000144077,0.004398601,0.000144077,0.000592728
,,,IL-12/IL-15,0.003308604,0.002369193,0.000734169,0.000244126,0.000469107,0.000216172,0.000235941,0.001189887,0.000153901,0.000368679,0.003183629,0.000144077
,,3.1,None,0.001100685,0.00057033,0.000629866,0.000253911,0.000356134,0.001030491,0.001672703,0.002191909,0.003527272,0.000144077,0.00136773,0.008462301
,,,IL-12/IL-15,0.002794483,0.007683031,0.004075254,0.000543333,0.001054409,0.003017586,0.000473684,0.000858524,0.000423066,0.003987271,0.005518885,0.000144077
,,10.1,None,0.002405536,0.001219009,0.000407605,0.000192866,0.000144077,0.000354563,0.000192866,0.000144077,0.005628819,0.000937085,0.001555485,0.005399103
,,,IL-12/IL-15,0.007654652,0.01005285,0.009172081,0.005059227,0.020764884,0.007516215,0.006230177,0.002652141,0.004403522,0.005106669,0.006547232,0.007162896
,,30.1,None,0.000455346,0.000278204,0.000221132,0.000144077,0.000144077,0.000308662,0.000513172,0.000880019,0.001322466,0.000144077,0.00498861,0.009450516
,,,IL-12/IL-15,0.007691307,0.006158239,0.007210384,0.00393639,0.012435541,0.020669094,0.020208763,0.025794514,0.038307821,0.060157097,0.055300159,0.061868784
,,T-,None,0.00223374,0.001502661,0.000577806,0.000303874,0.000144077,0.000564342,0.000291069,0.000253911,0.001160694,0.000732711,0.003652411,0.003184893
,,,IL-12/IL-15,0.023262384,0.019128601,0.018216323,0.008262291,0.008267,0.012788133,0.002562018,0.022107243,0.009854597,0.003541056,0.000144077,0.036258308
,,Blank1,None,0.000144077,0.000144077,0.000144077,0.000144077,0.000144077,0.000144077,0.000144077,0.000144077,0.000144077,0.000144077,0.000144077,0.000144077
,,,IL-12/IL-15,0.000144077,0.000144077,0.000144077,0.000144077,0.000144077,0.000144077,0.000144077,0.000144077,0.000144077,0.000144077,0.000144077,0.000144077
,,Blank2,None,0.000144077,0.000144077,0.000144077,0.000144077,0.000144077,0.000144077,0.000144077,0.000144077,0.000144077,0.000144077,0.000144077,0.000144077
,,,IL-12/IL-15,0.000144077,0.000144077,0.000144077,0.000144077,0.000144077,0.000144077,0.000144077,0.000144077,0.000144077,0.000144077,0.000144077,0.000144077
,,Blank3,None,0.000144077,0.000144077,0.000144077,0.000144077,0.000144077,0.000144077,0.000144077,0.000144077,0.000144077,0.000144077,0.000144077,0.000144077
,,,IL-12/IL-15,0.000144077,0.000144077,0.000144077,0.000144077,0.000144077,0.000144077,0.000144077,0.000144077,0.000144077,0.000144077,0.000144077,0.000144077
,Donor_2,1.1,None,0.006670181,0.005625197,0.00241591,0.002672701,0.003274561,0.004981301,0.002177513,0.003084859,0.002794483,0.000144077,0.00392894,0.000144077
,,,IL-12/IL-15,0.015101939,0.009638642,0.019087122,0.005522512,0.005681917,0.005703628,0.003567357,0.006427714,0.000144077,0.020284892,0.003722328,0.000144077
,,3.1,None,0.006304453,0.005150431,0.007504376,0.005505586,0.006254144,0.009650321,0.006145044,0.005627611,0.004671078,0.000144077,0.005970921,0.006559175
,,,IL-12/IL-15,0.032271846,0.018679306,0.028499577,0.043449994,0.031470259,0.024358414,0.015643226,0.01777302,0.01764177,0.000209542,0.030455974,0.048538288
,,10.1,None,0.011793171,0.020558315,0.016293731,0.016004765,0.019590735,0.029655182,0.036931797,0.040904851,0.042453749,0.060481926,0.039846473,0.0607873
,,,IL-12/IL-15,0.034271028,0.049218173,0.066367277,0.099293488,0.087747805,0.113619967,0.069103423,0.090185723,0.070699352,0.094052045,0.093156061,0.034173205
,,30.1,None,0.012348795,0.009763572,0.008915498,0.015775643,0.038034489,0.041381773,0.054604953,0.051908808,0.043957619,0.103916166,0.098298656,0.062074492
,,,IL-12/IL-15,0.042602508,0.025655939,0.05024609,0.048930342,0.047005204,0.094994019,0.094383198,0.112843478,0.114209358,0.153110469,0.201481799,0.242997004
,,T-,None,0.024435051,0.035060743,0.014962554,0.008998723,0.013427933,0.028384685,0.019212717,0.026560385,0.032185316,0.000144077,0.054848099,0.083216404
,,,IL-12/IL-15,0.043719119,0.049518999,0.042023936,0.05640884,0.047743538,0.041019722,0.051713407,0.144404192,0.032759459,0.075076705,0.044049125,0.000144077
,,Blank1,None,0.000144077,0.000144077,0.000144077,0.000144077,0.000144077,0.000144077,0.000144077,0.000144077,0.000144077,0.000144077,0.000144077,0.000144077
,,,IL-12/IL-15,0.000144077,0.000144077,0.000144077,0.000144077,0.000144077,0.000144077,0.000144077,0.000144077,0.000144077,0.000144077,0.000144077,0.000144077
,,Blank2,None,0.000144077,0.000144077,0.000144077,0.000144077,0.000144077,0.000144077,0.000144077,0.000144077,0.000144077,0.000144077,0.000144077,0.000144077
,,,IL-12/IL-15,0.000144077,0.000144077,0.000144077,0.000144077,0.000144077,0.000144077,0.000144077,0.000144077,0.000144077,0.000144077,0.000144077,0.000144077
,,Blank3,None,0.000144077,0.000144077,0.000144077,0.000144077,0.000144077,0.000144077,0.000144077,0.000144077,0.000144077,0.000144077,0.000144077,0.000144077
,,,IL-12/IL-15,0.000144077,0.000144077,0.000144077,0.000144077,0.000144077,0.000144077,0.000144077,0.000144077,0.000144077,0.000144077,0.000144077,0.000144077
IFNg,Donor_1,1.1,None,5.51385E-05,5.51385E-05,5.51385E-05,5.51385E-05,5.51385E-05,5.51385E-05,5.51385E-05,5.51385E-05,5.51385E-05,5.51385E-05,5.51385E-05,5.51385E-05
,,,IL-12/IL-15,5.51385E-05,5.51385E-05,5.51385E-05,9.46873E-05,0.000122838,7.13403E-05,5.51385E-05,5.51385E-05,5.51385E-05,6.62314E-05,6.62314E-05,5.51385E-05
,,3.1,None,5.51385E-05,5.51385E-05,5.51385E-05,5.51385E-05,5.51385E-05,5.51385E-05,5.51385E-05,5.51385E-05,5.51385E-05,5.51385E-05,5.51385E-05,0.000100742
,,,IL-12/IL-15,5.51385E-05,0.000136825,0.000251156,0.000281364,0.000335661,0.00041369,0.000750943,0.000291084,0.000417529,0.000782953,0.000290113,9.16549E-05
,,10.1,None,5.51385E-05,5.51385E-05,5.51385E-05,5.51385E-05,9.87253E-05,0.00012584,0.000138819,5.51385E-05,8.65928E-05,0.000169604,0.000115824,0.000181467
,,,IL-12/IL-15,5.51385E-05,0.000252133,0.000740578,0.000821501,0.000500776,0.00150192,0.001882582,0.001570275,0.001791505,0.002212124,0.001706778,0.001843955
,,30.1,None,5.51385E-05,5.51385E-05,5.51385E-05,5.51385E-05,9.56974E-05,0.000228664,0.000278446,0.000446292,0.000459693,5.90548E-05,0.000963031,0.000995747
,,,IL-12/IL-15,5.51385E-05,0.000152749,0.000630043,0.000543654,0.0005065,0.00227535,0.005423204,0.011273156,0.013872587,0.020955805,0.018832857,0.012167765
,,T-,None,5.51385E-05,5.51385E-05,5.51385E-05,5.51385E-05,7.33802E-05,6.82766E-05,5.51385E-05,0.000210027,0.000129838,0.000376188,0.000554119,0.00073398
,,,IL-12/IL-15,5.51385E-05,5.51385E-05,5.51385E-05,0.000188374,9.77163E-05,0.00010779,0.000318244,0.000115824,0.000237474,0.000293998,5.51385E-05,0.000762245
,,Blank1,None,5.51385E-05,5.51385E-05,5.90548E-05,5.51385E-05,5.51385E-05,5.51385E-05,5.51385E-05,5.51385E-05,5.51385E-05,5.51385E-05,5.51385E-05,5.51385E-05
,,,IL-12/IL-15,5.51385E-05,5.51385E-05,5.51385E-05,5.51385E-05,5.51385E-05,5.51385E-05,5.51385E-05,0.00012784,5.51385E-05,5.51385E-05,5.51385E-05,5.51385E-05
,,Blank2,None,5.51385E-05,5.59698E-05,5.51385E-05,5.51385E-05,5.51385E-05,5.51385E-05,5.51385E-05,5.51385E-05,5.51385E-05,5.51385E-05,5.51385E-05,6.11083E-05
,,,IL-12/IL-15,7.33802E-05,6.00819E-05,5.51385E-05,5.51385E-05,5.51385E-05,5.51385E-05,5.51385E-05,5.51385E-05,5.51385E-05,5.51385E-05,5.51385E-05,5.51385E-05
,,Blank3,None,5.51385E-05,5.51385E-05,5.51385E-05,7.13403E-05,5.51385E-05,5.51385E-05,5.51385E-05,6.52079E-05,5.51385E-05,5.51385E-05,5.51385E-05,5.51385E-05
,,,IL-12/IL-15,5.51385E-05,5.51385E-05,5.51385E-05,5.51385E-05,5.51385E-05,5.51385E-05,5.51385E-05,7.7454E-05,5.51385E-05,5.51385E-05,5.51385E-05,5.51385E-05
,Donor_2,1.1,None,0.002393472,0.003842972,0.003989532,0.004938805,0.004764043,0.003730986,0.002290922,0.002032337,0.001637637,5.51385E-05,0.001785062,5.51385E-05
,,,IL-12/IL-15,0.00341585,0.006337539,0.010900276,0.009281634,0.009398768,0.007396724,0.003836599,0.003149711,5.51385E-05,0.004299893,0.003034801,5.51385E-05
,,3.1,None,0.00232023,0.004735828,0.009200506,0.013139881,0.01003253,0.011325284,0.005300255,0.007274089,0.004765863,9.16549E-05,0.003959494,0.004825935
,,,IL-12/IL-15,0.003475979,0.014807416,0.029158705,0.057376642,0.051334492,0.0412049,0.025591224,0.026868245,0.020313977,0.000631937,0.019884924,0.020411116
,,10.1,None,0.002208457,0.009111113,0.024781463,0.039700064,0.043324255,0.050584568,0.053374543,0.058581406,0.043609221,0.046250216,0.03563417,0.032328298
,,,IL-12/IL-15,0.003480534,0.020365973,0.055701064,0.06960571,0.076349837,0.062580621,0.055368431,0.063156558,0.048781279,0.053650058,0.053940817,0.033945196
,,30.1,None,0.002527044,0.007880442,0.017682384,0.031292726,0.065339273,0.061627715,0.063062591,0.075076362,0.058380152,0.080038435,0.067991,0.060043795
,,,IL-12/IL-15,0.002441059,0.010910496,0.031867272,0.037873919,0.047961488,0.048479098,0.048101939,0.049739276,0.044659972,0.072289836,0.065027044,0.059726951
,,T-,None,0.002565447,0.005594461,0.00829429,0.012709914,0.029925495,0.038101095,0.034072949,0.040391148,0.036065699,0.000302734,0.056122881,0.056554634
,,,IL-12/IL-15,0.002475825,0.00592984,0.00635579,0.007320758,0.00783735,0.009432905,0.006541998,0.007642145,0.008512029,0.013302554,0.015510883,0.000136825
,,Blank1,None,5.51385E-05,5.51385E-05,5.51385E-05,5.51385E-05,7.13403E-05,0.000105778,6.00819E-05,5.51385E-05,5.51385E-05,5.51385E-05,8.96313E-05,5.51385E-05
,,,IL-12/IL-15,6.41839E-05,5.51385E-05,5.51385E-05,7.33802E-05,5.51385E-05,5.51385E-05,5.51385E-05,5.51385E-05,7.64363E-05,8.05043E-05,5.51385E-05,5.51385E-05
,,Blank2,None,5.51385E-05,5.51385E-05,5.51385E-05,5.51385E-05,5.51385E-05,5.51385E-05,5.51385E-05,5.51385E-05,5.51385E-05,5.51385E-05,5.51385E-05,5.51385E-05
,,,IL-12/IL-15,5.51385E-05,5.51385E-05,5.51385E-05,5.51385E-05,7.03196E-05,5.51385E-05,5.51385E-05,5.51385E-05,6.11083E-05,0.000128839,5.51385E-05,5.51385E-05
,,Blank3,None,5.51385E-05,5.51385E-05,5.51385E-05,5.51385E-05,5.51385E-05,5.51385E-05,5.51385E-05,5.51385E-05,5.51385E-05,5.51385E-05,5.51385E-05,6.62314E-05
,,,IL-12/IL-15,5.51385E-05,5.51385E-05,5.51385E-05,6.00819E-05,5.51385E-05,5.51385E-05,5.51385E-05,5.51385E-05,5.51385E-05,5.51385E-05,5.51385E-05,5.51385E-05
IL-10,Donor_1,1.1,None,9.92004E-05,0.000101051,0.000144086,0.000236534,0.000148008,0.000232589,9.92004E-05,9.92004E-05,9.92004E-05,9.92004E-05,9.92004E-05,0.000146047
,,,IL-12/IL-15,9.92004E-05,0.000140167,9.92004E-05,9.92004E-05,9.92004E-05,9.92004E-05,9.92004E-05,9.92004E-05,9.92004E-05,0.000163705,0.000195157,9.92004E-05
,,3.1,None,0.000216818,0.000361187,0.000410826,0.000518317,0.000540254,0.000498386,0.000321542,0.000369124,0.000246401,0.000140167,0.000218789,0.000153892
,,,IL-12/IL-15,0.000149969,9.92004E-05,9.92004E-05,0.000191221,0.000222731,9.92004E-05,9.92004E-05,9.92004E-05,9.92004E-05,9.92004E-05,9.92004E-05,0.000179422
,,10.1,None,0.000254298,0.000278007,0.000268125,0.000704153,0.000790334,0.000732196,0.000436672,9.92004E-05,0.000201061,0.000270101,0.000195157,0.000214848
,,,IL-12/IL-15,9.92004E-05,0.000167633,0.000210907,0.000220759,0.000363171,0.000283938,0.000266149,9.92004E-05,0.000208938,9.92004E-05,9.92004E-05,9.92004E-05
,,30.1,None,0.000256272,0.000153892,0.000339375,0.000337393,0.000418777,0.000323522,0.000171561,0.000297785,0.000104955,9.92004E-05,0.000108861,0.000124501
,,,IL-12/IL-15,9.92004E-05,0.000444628,0.000171561,0.000232589,0.000369124,0.000630122,0.000458557,0.000496393,0.000394933,0.000426729,0.00063612,0.00031164
,,T-,None,0.000216818,0.000183354,0.000268125,0.000430706,0.000359204,0.000410826,0.000159779,0.000169597,0.00035722,0.000412814,0.000578174,0.000566195
,,,IL-12/IL-15,9.92004E-05,0.000155854,0.000214848,0.000254298,0.000191221,0.000204999,0.000112769,0.000274053,0.000181388,0.0003156,9.92004E-05,0.00081441
,,Blank1,None,9.92004E-05,9.92004E-05,9.92004E-05,9.92004E-05,9.92004E-05,9.92004E-05,9.92004E-05,9.92004E-05,9.92004E-05,9.92004E-05,9.92004E-05,9.92004E-05
,,,IL-12/IL-15,9.92004E-05,9.92004E-05,9.92004E-05,9.92004E-05,9.92004E-05,9.92004E-05,9.92004E-05,9.92004E-05,9.92004E-05,9.92004E-05,9.92004E-05,9.92004E-05
,,Blank2,None,9.92004E-05,0.000157816,0.000136248,9.92004E-05,9.92004E-05,9.92004E-05,9.92004E-05,9.92004E-05,0.000159779,9.92004E-05,9.92004E-05,9.92004E-05
,,,IL-12/IL-15,9.92004E-05,9.92004E-05,9.92004E-05,0.000122545,9.92004E-05,9.92004E-05,9.92004E-05,9.92004E-05,9.92004E-05,9.92004E-05,9.92004E-05,9.92004E-05
,,Blank3,None,9.92004E-05,9.92004E-05,9.92004E-05,9.92004E-05,9.92004E-05,9.92004E-05,9.92004E-05,0.000120589,9.92004E-05,9.92004E-05,9.92004E-05,9.92004E-05
,,,IL-12/IL-15,0.000108861,9.92004E-05,9.92004E-05,9.92004E-05,9.92004E-05,9.92004E-05,9.92004E-05,9.92004E-05,9.92004E-05,9.92004E-05,9.92004E-05,9.92004E-05
,Donor_2,1.1,None,0.000140167,0.000212877,0.000161742,0.000232589,0.000189254,0.000140167,9.92004E-05,9.92004E-05,9.92004E-05,9.92004E-05,9.92004E-05,9.92004E-05
,,,IL-12/IL-15,9.92004E-05,9.92004E-05,0.000101051,9.92004E-05,9.92004E-05,9.92004E-05,9.92004E-05,9.92004E-05,9.92004E-05,9.92004E-05,9.92004E-05,9.92004E-05
,,3.1,None,0.000144086,0.000189254,9.92004E-05,0.00030966,0.00020303,0.000222731,9.92004E-05,0.000120589,9.92004E-05,9.92004E-05,9.92004E-05,0.000104955
,,,IL-12/IL-15,9.92004E-05,0.000126458,9.92004E-05,0.000142126,0.000299764,0.000138207,0.000106908,9.92004E-05,0.000153892,9.92004E-05,9.92004E-05,9.92004E-05
,,10.1,None,0.000177457,0.000486433,0.000386989,0.000520311,0.000606138,0.000844521,0.000672125,0.000512337,0.000438661,0.000452587,0.000197125,0.000120589
,,,IL-12/IL-15,0.000116678,9.92004E-05,9.92004E-05,0.000268125,0.000474483,0.000462538,0.00044065,0.000458557,0.000287894,0.000584165,0.000183354,0.000130373
,,30.1,None,0.000187287,9.92004E-05,0.000238507,0.000492409,0.000648118,0.000552225,0.000652118,0.000582168,0.000355237,0.00063612,0.000270101,0.000279984
,,,IL-12/IL-15,0.000103003,9.92004E-05,0.000193189,0.00027603,0.000283938,0.000289872,0.000476474,0.000438661,0.000157816,0.000173526,0.000478466,0.000390961
,,T-,None,0.000295806,0.00029185,0.000179422,0.000383018,0.000456567,0.000460548,0.000630122,0.000686135,0.000810397,9.92004E-05,0.001758163,0.002279882
,,,IL-12/IL-15,9.92004E-05,0.000106908,0.000157816,9.92004E-05,0.000155854,0.000144086,0.000327485,0.000183354,0.000264173,0.000234562,0.000367139,9.92004E-05
,,Blank1,None,9.92004E-05,0.000110815,9.92004E-05,0.000126458,0.000173526,0.000138207,9.92004E-05,9.92004E-05,9.92004E-05,9.92004E-05,9.92004E-05,9.92004E-05
,,,IL-12/IL-15,0.000104955,9.92004E-05,9.92004E-05,9.92004E-05,9.92004E-05,9.92004E-05,0.000149969,9.92004E-05,9.92004E-05,0.000216818,9.92004E-05,9.92004E-05
,,Blank2,None,0.000103003,9.92004E-05,9.92004E-05,0.000142126,9.92004E-05,0.000138207,9.92004E-05,9.92004E-05,9.92004E-05,9.92004E-05,9.92004E-05,9.92004E-05
,,,IL-12/IL-15,9.92004E-05,9.92004E-05,9.92004E-05,9.92004E-05,9.92004E-05,9.92004E-05,9.92004E-05,9.92004E-05,0.000144086,9.92004E-05,9.92004E-05,9.92004E-05
,,Blank3,None,9.92004E-05,9.92004E-05,9.92004E-05,9.92004E-05,9.92004E-05,9.92004E-05,9.92004E-05,9.92004E-05,9.92004E-05,0.000138207,9.92004E-05,9.92004E-05
,,,IL-12/IL-15,9.92004E-05,9.92004E-05,9.92004E-05,9.92004E-05,9.92004E-05,9.92004E-05,9.92004E-05,0.000142126,9.92004E-05,9.92004E-05,9.92004E-05,9.92004E-05
IL-1A,Donor_1,1.1,None,8.10067E-05,0.000975159,0.000828389,0.001147819,0.001130951,0.001351019,0.001386966,0.00114529,8.10067E-05,0.00229149,8.10067E-05,0.00326931
,,,IL-12/IL-15,0.000998942,0.000915572,0.000771729,0.001118293,0.001317539,0.000876309,0.001516188,0.002347853,0.001512028,0.003643779,0.003950545,8.10067E-05
,,3.1,None,0.00033523,0.000254619,0.000386285,0.000474118,0.000721758,0.000985355,0.000687192,0.00123702,0.001537813,8.10067E-05,0.002362548,0.003070656
,,,IL-12/IL-15,0.000244565,0.000250965,0.000247309,0.000689787,0.001293241,0.001372759,0.000674206,0.000982807,0.00114023,0.001733494,0.001924081,8.10067E-05
,,10.1,None,0.000510228,0.000373781,0.000105461,0.000316316,0.000340623,0.000473235,0.000563703,8.10067E-05,0.000889976,0.001037106,0.001129264,0.001731013
,,,IL-12/IL-15,0.000107378,0.000139702,0.000300055,0.000522526,0.000955601,0.000866907,0.000730386,0.000703622,0.000932617,0.000667275,0.000629086,0.000594262
,,30.1,None,9.10161E-05,0.000136868,8.10067E-05,8.10067E-05,8.10067E-05,8.10067E-05,9.10161E-05,8.13153E-05,8.90808E-05,8.10067E-05,9.68083E-05,0.000160389
,,,IL-12/IL-15,8.10067E-05,8.13153E-05,8.13153E-05,0.000115982,0.000279205,0.000250965,0.000228063,0.000331632,0.000497033,0.000853222,0.001757469,0.001611733
,,T-,None,8.10067E-05,0.000227145,8.10067E-05,8.10067E-05,8.10067E-05,8.10067E-05,8.10067E-05,8.10067E-05,8.10067E-05,8.10067E-05,8.10067E-05,8.10067E-05
,,,IL-12/IL-15,8.10067E-05,8.10067E-05,8.10067E-05,8.10067E-05,8.10067E-05,8.10067E-05,8.10067E-05,8.10067E-05,8.10067E-05,8.10067E-05,8.10067E-05,8.10067E-05
,,Blank1,None,8.10067E-05,8.10067E-05,8.10067E-05,8.10067E-05,8.10067E-05,8.10067E-05,8.10067E-05,8.10067E-05,8.10067E-05,8.10067E-05,8.10067E-05,8.10067E-05
,,,IL-12/IL-15,8.10067E-05,8.10067E-05,8.10067E-05,8.10067E-05,8.10067E-05,8.10067E-05,8.10067E-05,8.10067E-05,8.10067E-05,8.10067E-05,8.10067E-05,8.10067E-05
,,Blank2,None,8.10067E-05,8.10067E-05,8.10067E-05,8.10067E-05,8.10067E-05,8.10067E-05,8.10067E-05,8.10067E-05,8.10067E-05,8.10067E-05,8.10067E-05,8.10067E-05
,,,IL-12/IL-15,8.10067E-05,8.10067E-05,8.10067E-05,8.10067E-05,8.10067E-05,8.10067E-05,8.10067E-05,8.10067E-05,8.10067E-05,8.10067E-05,8.10067E-05,8.10067E-05
,,Blank3,None,8.10067E-05,8.10067E-05,8.10067E-05,8.10067E-05,8.10067E-05,8.10067E-05,8.10067E-05,8.10067E-05,8.10067E-05,8.10067E-05,8.10067E-05,8.10067E-05
,,,IL-12/IL-15,8.10067E-05,8.10067E-05,8.10067E-05,8.10067E-05,8.10067E-05,8.10067E-05,8.10067E-05,8.10067E-05,8.10067E-05,8.10067E-05,8.10067E-05,8.10067E-05
,Donor_2,1.1,None,0.001124201,0.001448726,0.000763986,0.000949645,0.001148662,0.001151191,0.000662074,0.000871182,0.000816388,8.10067E-05,0.00208187,8.10067E-05
,,,IL-12/IL-15,0.001563579,0.001530329,0.001414523,0.001249618,0.001761602,0.002090074,0.001497879,0.001980025,8.10067E-05,0.002830226,0.002536982,8.10067E-05
,,3.1,None,0.000402328,0.000322628,0.000219788,0.000372887,0.00047147,0.00074418,0.000449373,0.000542697,0.000447603,8.10067E-05,0.000849799,0.001179834
,,,IL-12/IL-15,0.0010752,0.000930061,0.000758822,0.00155527,0.001994001,0.00257523,0.002061354,0.002100738,0.001956175,8.10067E-05,0.003961775,0.005136207
,,10.1,None,0.000482938,0.000464405,0.000278297,0.000261005,0.000401438,0.000622999,0.000528669,0.000571569,0.000816388,0.000942835,0.000947092,0.000853222
,,,IL-12/IL-15,0.000681133,0.000658606,0.000640381,0.000846376,0.001068432,0.001473729,0.001503706,0.001656508,0.00129827,0.002181051,0.00189114,0.001435383
,,30.1,None,0.000176271,9.58444E-05,8.10067E-05,0.000111206,0.000191146,0.000220708,0.000320825,0.000287374,0.000276479,0.000475883,0.000333432,0.000339725
,,,IL-12/IL-15,0.000380036,0.000326231,0.00033523,0.000598621,0.000564577,0.000547077,0.00070535,0.000732974,0.000528669,0.000721758,0.001013368,0.000951347
,,T-,None,0.000322628,0.000301864,8.10067E-05,0.000119794,8.10067E-05,0.000141589,8.10067E-05,0.000149125,8.10067E-05,8.10067E-05,9.10161E-05,8.10067E-05
,,,IL-12/IL-15,0.000443175,0.000430766,0.000303673,0.00057419,0.000485583,0.000277388,0.00021334,0.000188362,0.000194854,0.000130243,8.10067E-05,8.10067E-05
,,Blank1,None,8.10067E-05,8.10067E-05,8.10067E-05,8.10067E-05,8.10067E-05,8.10067E-05,8.10067E-05,8.10067E-05,8.10067E-05,8.10067E-05,8.10067E-05,8.10067E-05
,,,IL-12/IL-15,8.10067E-05,8.10067E-05,8.10067E-05,8.10067E-05,8.10067E-05,8.10067E-05,8.10067E-05,8.10067E-05,8.10067E-05,8.10067E-05,8.10067E-05,8.10067E-05
,,Blank2,None,8.10067E-05,8.10067E-05,8.10067E-05,8.10067E-05,8.10067E-05,8.10067E-05,8.10067E-05,8.10067E-05,8.10067E-05,8.10067E-05,8.10067E-05,8.10067E-05
,,,IL-12/IL-15,8.10067E-05,8.10067E-05,8.10067E-05,8.10067E-05,8.10067E-05,8.10067E-05,8.10067E-05,8.10067E-05,8.10067E-05,8.10067E-05,8.10067E-05,8.10067E-05
,,Blank3,None,8.10067E-05,8.10067E-05,8.10067E-05,8.10067E-05,8.10067E-05,8.10067E-05,8.10067E-05,8.10067E-05,8.10067E-05,8.10067E-05,8.10067E-05,8.10067E-05
,,,IL-12/IL-15,8.10067E-05,8.10067E-05,8.10067E-05,8.10067E-05,8.10067E-05,8.10067E-05,8.10067E-05,8.10067E-05,8.10067E-05,8.10067E-05,8.10067E-05,8.10067E-05
IL-1B,Donor_1,1.1,None,0.000253088,0.000945959,0.001799285,0.003086184,0.002723535,0.002845737,0.00346413,0.0024478,0.000253088,0.003944647,0.000253088,0.00495361
,,,IL-12/IL-15,0.000337052,0.000970816,0.003109852,0.011039222,0.017124394,0.01472148,0.02155324,0.035563901,0.017078104,0.027281732,0.029500576,0.000253088
,,3.1,None,0.000956616,0.00116518,0.002560274,0.005472406,0.00998036,0.011930338,0.009509973,0.01234802,0.013552273,0.000253088,0.009954048,0.009542872
,,,IL-12/IL-15,0.00036683,0.001059362,0.003062509,0.012167125,0.029718448,0.034729948,0.012134237,0.019373896,0.016503073,0.017865507,0.015430319,0.000253088
,,10.1,None,0.001186291,0.001231974,0.00056522,0.003329325,0.006297974,0.010595321,0.008061309,0.000253088,0.009871821,0.011956647,0.010233596,0.008209595
,,,IL-12/IL-15,0.000253088,0.001768186,0.002328288,0.005316245,0.007823971,0.008160171,0.00366264,0.002553463,0.002468264,0.002577298,0.002067914,0.001899342
,,30.1,None,0.000760303,0.001098214,0.000370544,0.00036683,0.000418669,0.000418669,0.00056158,0.000550655,0.000503188,0.000253088,0.000796154,0.000605185
,,,IL-12/IL-15,0.000318377,0.000503188,0.000935297,0.001069964,0.002546651,0.002709945,0.001515042,0.002036995,0.00273033,0.003494436,0.004980249,0.005086768
,,T-,None,0.000720775,0.000949512,0.000572496,0.000253088,0.000459184,0.000253088,0.000253088,0.000253088,0.000253088,0.000253088,0.000253088,0.000253088
,,,IL-12/IL-15,0.000995645,0.000253088,0.000539719,0.000253088,0.000253088,0.000253088,0.000253088,0.000253088,0.000253088,0.000253088,0.000253088,0.000253088
,,Blank1,None,0.000253088,0.000253088,0.000253088,0.000253088,0.000253088,0.000253088,0.000253088,0.000253088,0.000253088,0.000253088,0.000253088,0.000253088
,,,IL-12/IL-15,0.000253088,0.000253088,0.000253088,0.000253088,0.000253088,0.000253088,0.000253088,0.000253088,0.000253088,0.000253088,0.000253088,0.000253088
,,Blank2,None,0.000253088,0.000253088,0.000253088,0.000253088,0.000253088,0.000253088,0.000253088,0.000253088,0.000253088,0.000253088,0.000253088,0.000253088
,,,IL-12/IL-15,0.000253088,0.000253088,0.000253088,0.000253088,0.000253088,0.000253088,0.000253088,0.000253088,0.000253088,0.000253088,0.000253088,0.000253088
,,Blank3,None,0.000253088,0.000253088,0.000253088,0.000253088,0.000253088,0.000253088,0.000253088,0.000253088,0.000344508,0.000253088,0.000253088,0.000253088
,,,IL-12/IL-15,0.000253088,0.000253088,0.000253088,0.000253088,0.000253088,0.000253088,0.000253088,0.000253088,0.000253088,0.000253088,0.000253088,0.000253088
,Donor_2,1.1,None,0.001020445,0.002270152,0.001386055,0.002273574,0.002590915,0.002287257,0.001326618,0.001771643,0.001633152,0.000253088,0.002737123,0.000253088
,,,IL-12/IL-15,0.002658957,0.00338327,0.005076784,0.008756324,0.019659483,0.022681893,0.015225846,0.018551221,0.000253088,0.019188018,0.012723016,0.000253088
,,3.1,None,0.000663098,0.000910397,0.000778238,0.002181124,0.002974516,0.004640286,0.002648755,0.002889817,0.002177697,0.000253088,0.002002619,0.002348792
,,,IL-12/IL-15,0.003305715,0.003575208,0.003934587,0.012930285,0.03672323,0.050097587,0.027129552,0.040089709,0.031486852,0.000550655,0.032721238,0.031925231
,,10.1,None,0.000938852,0.001574145,0.00122495,0.003136893,0.005621815,0.008377612,0.008361141,0.007636003,0.006889952,0.007530446,0.005728001,0.004630276
,,,IL-12/IL-15,0.002760896,0.003126754,0.003346186,0.005455799,0.006178778,0.008272195,0.006288043,0.00775143,0.004740347,0.007150894,0.005136678,0.004102147
,,30.1,None,0.001316117,0.000517815,0.000753123,0.001154618,0.002198256,0.001778555,0.002098814,0.001933792,0.001771643,0.002331706,0.0018131,0.001323118
,,,IL-12/IL-15,0.00222908,0.002201682,0.002187977,0.003268601,0.003052361,0.003457395,0.003160548,0.00375672,0.002849129,0.004876999,0.006665193,0.006526296
,,T-,None,0.001323118,0.001407006,0.000568859,0.001034604,0.000942406,0.000699173,0.000579768,0.000645027,0.000253088,0.000253088,0.00056522,0.000385382
,,,IL-12/IL-15,0.002798238,0.002430741,0.002294098,0.00241709,0.001988861,0.001298607,0.00056158,0.000988554,0.000576133,0.000576133,0.000455508,0.000253088
,,Blank1,None,0.000253088,0.000253088,0.000253088,0.000253088,0.000253088,0.000253088,0.000253088,0.000253088,0.000253088,0.000253088,0.000253088,0.000253088
,,,IL-12/IL-15,0.000253088,0.000253088,0.000253088,0.000253088,0.000253088,0.000253088,0.000253088,0.000253088,0.000253088,0.000253088,0.000253088,0.000253088
,,Blank2,None,0.000253088,0.000253088,0.000253088,0.000253088,0.000253088,0.000253088,0.000253088,0.000253088,0.000253088,0.000253088,0.000253088,0.000253088
,,,IL-12/IL-15,0.000253088,0.000253088,0.000253088,0.000253088,0.000253088,0.000253088,0.000253088,0.000253088,0.000253088,0.000253088,0.000253088,0.000253088
,,Blank3,None,0.000253088,0.000253088,0.000253088,0.000253088,0.000253088,0.000253088,0.000253088,0.000253088,0.000253088,0.000253088,0.000253088,0.000253088
,,,IL-12/IL-15,0.000253088,0.000253088,0.000253088,0.000253088,0.000253088,0.000253088,0.000253088,0.000253088,0.000253088,0.000253088,0.000253088,0.000253088
IL-2,Donor_1,1.1,None,0.000208182,0.000208182,0.000208182,0.000208182,0.000208182,0.000208182,0.000208182,0.000208182,0.000208182,0.000208182,0.000208182,0.000208182
,,,IL-12/IL-15,0.000208182,0.000208182,0.000208182,0.000208182,0.000208182,0.000208182,0.000208182,0.000208182,0.000208182,0.000208182,0.000208182,0.000208182
,,3.1,None,0.000208182,0.000208182,0.000208182,0.000208182,0.000208182,0.000210241,0.000208182,0.000208182,0.000208182,0.000208182,0.000566372,0.002515675
,,,IL-12/IL-15,0.000208182,0.000208182,0.000208182,0.000208182,0.000241038,0.000208182,0.000208182,0.000231892,0.000285739,0.000918475,0.001100082,0.000208182
,,10.1,None,0.000208182,0.000208182,0.000208182,0.000285739,0.000334666,0.000745666,0.000886346,0.000208182,0.000816646,0.00137718,0.001318107,0.003041033
,,,IL-12/IL-15,0.000208182,0.000208182,0.000208182,0.000538368,0.000957175,0.000807259,0.00049707,0.000348762,0.000208182,0.000210241,0.000208182,0.000208182
,,30.1,None,0.000208182,0.000208182,0.000208182,0.000210241,0.000447057,0.000743276,0.001508224,0.002847035,0.00268514,0.000208182,0.007122052,0.008530421
,,,IL-12/IL-15,0.000208182,0.000208182,0.000208182,0.000241038,0.000401281,0.000406722,0.000465615,0.000660995,0.000902441,0.000665893,0.000208182,0.000208182
,,T-,None,0.000208182,0.000208182,0.000208182,0.000208182,0.000208182,0.000331832,0.000253119,0.000764728,0.00085629,0.00158,0.003200807,0.003285365
,,,IL-12/IL-15,0.000208182,0.000208182,0.000208182,0.000208182,0.00043102,0.00095264,0.001073599,0.001524692,0.002458053,0.004178243,0.000208182,0.013525846
,,Blank1,None,0.000208182,0.000208182,0.000208182,0.000208182,0.000208182,0.000208182,0.000208182,0.000208182,0.000208182,0.000208182,0.000208182,0.000208182
,,,IL-12/IL-15,0.000208182,0.000208182,0.000208182,0.000208182,0.000208182,0.000208182,0.000208182,0.000208182,0.000208182,0.000208182,0.000208182,0.000208182
,,Blank2,None,0.000208182,0.000208182,0.000208182,0.000208182,0.000208182,0.000208182,0.000208182,0.000208182,0.000208182,0.000208182,0.000208182,0.000208182
,,,IL-12/IL-15,0.000208182,0.000208182,0.000208182,0.000208182,0.000208182,0.000208182,0.000208182,0.000208182,0.000208182,0.000208182,0.000208182,0.000208182
,,Blank3,None,0.000208182,0.000208182,0.000208182,0.000208182,0.000208182,0.000208182,0.000208182,0.000208182,0.000208182,0.000208182,0.000208182,0.000208182
,,,IL-12/IL-15,0.000208182,0.000208182,0.000208182,0.000208182,0.000208182,0.000208182,0.000231892,0.000208182,0.000208182,0.000208182,0.000208182,0.000208182
,Donor_2,1.1,None,0.000208182,0.000208182,0.000208182,0.000234949,0.000208182,0.000208182,0.000208182,0.000208182,0.000208182,0.000208182,0.000208182,0.000208182
,,,IL-12/IL-15,0.000208182,0.000208182,0.000208182,0.000237997,0.000225751,0.000225751,0.000208182,0.000208182,0.000208182,0.000208182,0.000208182,0.000208182
,,3.1,None,0.000208182,0.000208182,0.000208182,0.000208182,0.000208182,0.000208182,0.000208182,0.000208182,0.000208182,0.000208182,0.000208182,0.000208182
,,,IL-12/IL-15,0.000208182,0.000208182,0.000265079,0.000297402,0.000208182,0.000208182,0.000208182,0.000208182,0.000208182,0.000208182,0.000208182,0.000208182
,,10.1,None,0.000208182,0.000208182,0.000208182,0.000208182,0.000208182,0.000337495,0.000515224,0.00068541,0.00075521,0.001017976,0.00065609,0.000658544
,,,IL-12/IL-15,0.000208182,0.000210241,0.000259114,0.000208182,0.000208182,0.000241038,0.000208182,0.000241038,0.000208182,0.000208182,0.000208182,0.000208182
,,30.1,None,0.000208182,0.000208182,0.000208182,0.00024407,0.000208182,0.000359951,0.000927612,0.000927612,0.001423226,0.001841029,0.001681383,0.001935442
,,,IL-12/IL-15,0.000208182,0.000208182,0.000208182,0.000208182,0.000208182,0.000208182,0.00025011,0.000331832,0.00049707,0.001412789,0.000208182,0.000208182
,,T-,None,0.000208182,0.000208182,0.000208182,0.000208182,0.000208182,0.000208182,0.000368295,0.000345952,0.000208182,0.000208182,0.000874811,0.000858609
,,,IL-12/IL-15,0.000208182,0.000208182,0.000208182,0.000208182,0.000208182,0.000208182,0.000208182,0.000414855,0.00146689,0.003736242,0.003928804,0.000208182
,,Blank1,None,0.000208182,0.000208182,0.000208182,0.000208182,0.000208182,0.000208182,0.000208182,0.000208182,0.000208182,0.000208182,0.000208182,0.000208182
,,,IL-12/IL-15,0.000208182,0.000208182,0.000208182,0.000208182,0.000208182,0.000208182,0.000219575,0.000208182,0.000208182,0.000208182,0.000208182,0.000208182
,,Blank2,None,0.000208182,0.000208182,0.000208182,0.000208182,0.000208182,0.000208182,0.000208182,0.000208182,0.000208182,0.000208182,0.000208182,0.000208182
,,,IL-12/IL-15,0.000208182,0.000208182,0.000208182,0.000208182,0.000208182,0.000208182,0.000208182,0.000208182,0.000208182,0.000208182,0.000208182,0.000208182
,,Blank3,None,0.000208182,0.000208182,0.000208182,0.000208182,0.000208182,0.000208182,0.000208182,0.000208182,0.000208182,0.000208182,0.000208182,0.000208182
,,,IL-12/IL-15,0.000208182,0.000208182,0.000208182,0.000208182,0.000208182,0.000208182,0.000208182,0.000208182,0.000208182,0.000208182,0.000208182,0.000208182
IL-4,Donor_1,1.1,None,5.26135E-05,0.000243409,5.26135E-05,5.26135E-05,9.84717E-05,5.26135E-05,5.26135E-05,0.000161984,5.26135E-05,8.62429E-05,5.26135E-05,0.000107856
,,,IL-12/IL-15,5.26135E-05,6.45116E-05,5.26135E-05,5.6918E-05,5.26135E-05,0.000590111,0.00010035,5.26135E-05,5.26135E-05,5.26135E-05,5.26135E-05,5.26135E-05
,,3.1,None,5.26135E-05,8.05866E-05,5.26135E-05,5.26135E-05,5.26135E-05,9.75322E-05,5.26135E-05,5.26135E-05,5.26135E-05,5.26135E-05,7.11401E-05,5.26135E-05
,,,IL-12/IL-15,5.26135E-05,5.26135E-05,5.26135E-05,5.26135E-05,5.26135E-05,5.26135E-05,5.26135E-05,5.26135E-05,5.78683E-05,5.26135E-05,8.34158E-05,0.000101289
,,10.1,None,5.26135E-05,5.26135E-05,6.45116E-05,5.26135E-05,0.000267349,7.30314E-05,5.26135E-05,8.53008E-05,0.000134045,5.26135E-05,5.26135E-05,0.00010035
,,,IL-12/IL-15,5.26135E-05,5.26135E-05,5.26135E-05,5.26135E-05,5.26135E-05,7.20859E-05,5.26135E-05,0.000199081,6.64069E-05,5.26135E-05,5.26135E-05,5.26135E-05
,,30.1,None,5.26135E-05,7.11401E-05,5.26135E-05,5.26135E-05,0.000105981,5.26135E-05,5.26135E-05,0.000119095,5.26135E-05,0.000105981,6.92476E-05,0.000161054
,,,IL-12/IL-15,5.26135E-05,5.26135E-05,5.26135E-05,0.000104105,5.26135E-05,5.26135E-05,5.26135E-05,5.26135E-05,5.26135E-05,5.26135E-05,0.000126574,7.30314E-05
,,T-,None,5.26135E-05,5.26135E-05,5.26135E-05,5.26135E-05,5.26135E-05,9.37724E-05,7.86993E-05,0.000174058,0.000222191,6.07173E-05,5.88183E-05,5.26135E-05
,,,IL-12/IL-15,5.26135E-05,6.26151E-05,0.000109731,6.07173E-05,5.26135E-05,5.26135E-05,7.96431E-05,0.000109731,5.26135E-05,0.000120965,0.000123771,0.000105043
,,Blank1,None,5.26135E-05,5.26135E-05,5.26135E-05,8.53008E-05,5.26135E-05,8.71849E-05,0.000415664,7.96431E-05,5.26135E-05,5.26135E-05,5.26135E-05,6.64069E-05
,,,IL-12/IL-15,5.26135E-05,5.26135E-05,5.26135E-05,5.26135E-05,5.26135E-05,5.26135E-05,5.26135E-05,5.26135E-05,5.26135E-05,5.26135E-05,0.000160124,0.000117223
,,Blank2,None,0.000188895,5.26135E-05,5.26135E-05,5.26135E-05,5.26135E-05,5.26135E-05,5.26135E-05,5.26135E-05,5.78683E-05,5.26135E-05,5.26135E-05,5.26135E-05
,,,IL-12/IL-15,5.26135E-05,5.26135E-05,5.26135E-05,9.09504E-05,5.26135E-05,5.26135E-05,5.26135E-05,5.26135E-05,5.26135E-05,5.26135E-05,5.26135E-05,5.26135E-05
,,Blank3,None,0.000233267,7.11401E-05,5.26135E-05,5.26135E-05,8.15299E-05,5.26135E-05,5.26135E-05,5.26135E-05,7.11401E-05,5.26135E-05,5.26135E-05,5.26135E-05
,,,IL-12/IL-15,6.73541E-05,0.000141506,5.26135E-05,0.000101289,5.26135E-05,0.000105043,5.26135E-05,5.26135E-05,5.26135E-05,5.26135E-05,0.000154544,5.26135E-05
,Donor_2,1.1,None,5.26135E-05,0.000113478,5.26135E-05,5.40649E-05,5.26135E-05,9.09504E-05,5.26135E-05,5.26135E-05,8.81266E-05,6.92476E-05,5.26135E-05,5.9768E-05
,,,IL-12/IL-15,5.26135E-05,5.26135E-05,5.26135E-05,5.26135E-05,5.26135E-05,9.56527E-05,6.8301E-05,0.000322435,5.26135E-05,5.26135E-05,5.26135E-05,0.000146165
,,3.1,None,5.26135E-05,5.26135E-05,5.9768E-05,5.26135E-05,5.26135E-05,5.26135E-05,5.26135E-05,5.26135E-05,5.26135E-05,5.26135E-05,0.000228653,5.26135E-05
,,,IL-12/IL-15,5.26135E-05,5.26135E-05,5.26135E-05,5.26135E-05,0.000429337,0.000160124,5.26135E-05,8.15299E-05,0.00017313,5.26135E-05,8.43584E-05,0.000232344
,,10.1,None,5.26135E-05,5.26135E-05,0.000124705,5.26135E-05,5.26135E-05,5.26135E-05,0.000139641,5.26135E-05,7.39767E-05,5.26135E-05,5.26135E-05,9.75322E-05
,,,IL-12/IL-15,5.26135E-05,9.00094E-05,0.000135911,5.26135E-05,8.71849E-05,0.000104105,7.96431E-05,5.26135E-05,9.37724E-05,5.26135E-05,5.26135E-05,5.26135E-05
,,30.1,None,5.26135E-05,0.000197229,5.26135E-05,5.26135E-05,5.26135E-05,5.26135E-05,0.00016663,0.000134045,5.26135E-05,0.000141506,5.26135E-05,0.000172201
,,,IL-12/IL-15,5.26135E-05,5.26135E-05,5.26135E-05,5.26135E-05,9.18913E-05,5.26135E-05,9.2832E-05,5.26135E-05,5.26135E-05,5.26135E-05,5.26135E-05,5.26135E-05
,,T-,None,5.26135E-05,9.09504E-05,5.26135E-05,5.26135E-05,5.26135E-05,0.000134045,5.26135E-05,9.2832E-05,5.26135E-05,0.000103166,5.26135E-05,0.000225884
,,,IL-12/IL-15,5.26135E-05,5.50162E-05,5.26135E-05,8.81266E-05,0.000171273,6.8301E-05,5.31131E-05,5.26135E-05,0.000102228,5.26135E-05,5.26135E-05,5.26135E-05
,,Blank1,None,5.26135E-05,5.26135E-05,5.26135E-05,5.26135E-05,5.26135E-05,5.26135E-05,0.000127509,5.26135E-05,5.26135E-05,9.84717E-05,5.26135E-05,5.26135E-05
,,,IL-12/IL-15,9.2832E-05,0.000276545,5.26135E-05,9.56527E-05,6.8301E-05,5.26135E-05,0.000211105,5.26135E-05,8.2473E-05,0.000348075,5.26135E-05,5.26135E-05
,,Blank2,None,7.20859E-05,5.26135E-05,5.26135E-05,0.000122836,5.26135E-05,5.26135E-05,0.00014989,5.26135E-05,5.26135E-05,5.26135E-05,5.26135E-05,5.26135E-05
,,,IL-12/IL-15,5.26135E-05,5.26135E-05,5.26135E-05,5.26135E-05,5.26135E-05,5.26135E-05,5.26135E-05,5.26135E-05,5.26135E-05,5.26135E-05,5.26135E-05,5.26135E-05
,,Blank3,None,5.26135E-05,7.30314E-05,5.26135E-05,5.26135E-05,0.000164772,7.58665E-05,5.26135E-05,0.000108794,0.000178697,5.26135E-05,0.000148028,5.26135E-05
,,,IL-12/IL-15,5.26135E-05,5.26135E-05,5.26135E-05,0.000540254,5.26135E-05,0.000172201,8.71849E-05,5.26135E-05,5.78683E-05,5.26135E-05,5.26135E-05,5.26135E-05
IL-5,Donor_1,1.1,None,3.68039E-05,3.68039E-05,3.68039E-05,3.68039E-05,3.68039E-05,3.68039E-05,3.68039E-05,3.68039E-05,3.68039E-05,3.68039E-05,3.68039E-05,3.68039E-05
,,,IL-12/IL-15,3.68039E-05,3.68039E-05,3.68039E-05,3.68039E-05,3.68039E-05,3.68039E-05,3.68039E-05,4.78337E-05,4.60079E-05,3.68039E-05,3.68039E-05,3.68039E-05
,,3.1,None,3.68039E-05,3.68039E-05,3.68039E-05,3.68039E-05,4.96554E-05,3.68039E-05,3.68039E-05,3.68039E-05,3.68039E-05,3.68039E-05,3.68039E-05,3.68039E-05
,,,IL-12/IL-15,3.68039E-05,3.68039E-05,3.68039E-05,3.68039E-05,3.68039E-05,3.68039E-05,3.68039E-05,3.68039E-05,3.68039E-05,3.68039E-05,3.68039E-05,3.68039E-05
,,10.1,None,3.68039E-05,3.68039E-05,3.68039E-05,3.68039E-05,3.68039E-05,3.68039E-05,8.30522E-05,3.68039E-05,7.24256E-05,6.23022E-05,5.44939E-05,8.12871E-05
,,,IL-12/IL-15,3.68039E-05,3.68039E-05,3.68039E-05,3.68039E-05,3.68039E-05,3.68039E-05,3.68039E-05,3.68039E-05,3.68039E-05,3.68039E-05,3.68039E-05,3.68039E-05
,,30.1,None,3.68039E-05,3.68039E-05,3.68039E-05,3.68039E-05,3.68039E-05,3.68039E-05,3.68039E-05,3.68039E-05,3.68039E-05,3.68039E-05,3.68039E-05,4.41776E-05
,,,IL-12/IL-15,3.68039E-05,3.68039E-05,3.68039E-05,3.68039E-05,3.68039E-05,3.68039E-05,3.68039E-05,3.68039E-05,3.68039E-05,3.68039E-05,3.68039E-05,5.44939E-05
,,T-,None,3.68039E-05,3.68039E-05,3.68039E-05,3.68039E-05,3.68039E-05,3.68039E-05,3.68039E-05,3.68039E-05,3.68039E-05,3.68039E-05,3.68039E-05,8.01091E-05
,,,IL-12/IL-15,3.68039E-05,3.68039E-05,3.68039E-05,3.68039E-05,3.68039E-05,3.68039E-05,3.68039E-05,3.68039E-05,3.68039E-05,7.06457E-05,3.68039E-05,0.000396996
,,Blank1,None,3.68039E-05,3.68039E-05,3.68039E-05,3.68039E-05,3.68039E-05,3.68039E-05,3.68039E-05,3.68039E-05,3.68039E-05,3.68039E-05,3.68039E-05,3.68039E-05
,,,IL-12/IL-15,3.68039E-05,3.68039E-05,3.68039E-05,3.68039E-05,3.68039E-05,3.68039E-05,3.68039E-05,7.18326E-05,3.68039E-05,3.68039E-05,3.68039E-05,3.68039E-05
,,Blank2,None,3.68039E-05,3.68039E-05,3.68039E-05,3.68039E-05,3.68039E-05,3.68039E-05,4.41776E-05,3.68039E-05,3.68039E-05,3.68039E-05,4.90486E-05,3.68039E-05
,,,IL-12/IL-15,3.68039E-05,3.68039E-05,3.68039E-05,3.68039E-05,3.68039E-05,3.68039E-05,3.68039E-05,3.68039E-05,3.68039E-05,3.68039E-05,3.68039E-05,3.68039E-05
,,Blank3,None,3.68039E-05,3.68039E-05,3.68039E-05,3.68039E-05,3.68039E-05,3.68039E-05,3.68039E-05,3.68039E-05,3.68039E-05,3.68039E-05,3.68039E-05,3.68039E-05
,,,IL-12/IL-15,3.68039E-05,3.68039E-05,3.68039E-05,3.68039E-05,3.92737E-05,3.68039E-05,3.68039E-05,3.68039E-05,3.68039E-05,3.68039E-05,3.68039E-05,4.173E-05
,Donor_2,1.1,None,3.68039E-05,3.68039E-05,3.68039E-05,3.68039E-05,3.68039E-05,3.68039E-05,3.68039E-05,3.68039E-05,3.68039E-05,3.68039E-05,3.68039E-05,3.68039E-05
,,,IL-12/IL-15,3.68039E-05,3.68039E-05,3.68039E-05,3.68039E-05,3.68039E-05,3.68039E-05,3.68039E-05,3.68039E-05,3.68039E-05,3.68039E-05,3.68039E-05,3.68039E-05
,,3.1,None,3.68039E-05,3.68039E-05,3.68039E-05,3.68039E-05,3.68039E-05,3.68039E-05,3.68039E-05,3.68039E-05,3.68039E-05,3.68039E-05,3.68039E-05,3.68039E-05
,,,IL-12/IL-15,3.68039E-05,3.68039E-05,3.68039E-05,3.68039E-05,3.68039E-05,3.68039E-05,3.68039E-05,3.98886E-05,3.68039E-05,3.68039E-05,3.68039E-05,3.68039E-05
,,10.1,None,3.68039E-05,3.68039E-05,3.68039E-05,3.68039E-05,3.68039E-05,3.68039E-05,3.68039E-05,3.68039E-05,3.68039E-05,3.68039E-05,3.68039E-05,3.68039E-05
,,,IL-12/IL-15,3.68039E-05,3.68039E-05,3.68039E-05,3.68039E-05,3.68039E-05,3.68039E-05,3.68039E-05,3.68039E-05,3.68039E-05,3.68039E-05,3.68039E-05,3.68039E-05
,,30.1,None,3.68039E-05,3.68039E-05,3.68039E-05,3.68039E-05,3.68039E-05,3.68039E-05,3.68039E-05,3.68039E-05,3.68039E-05,7.00518E-05,3.68039E-05,3.68039E-05
,,,IL-12/IL-15,3.68039E-05,3.68039E-05,3.68039E-05,3.68039E-05,3.68039E-05,3.68039E-05,3.74254E-05,3.68039E-05,3.68039E-05,3.68039E-05,3.92737E-05,6.46926E-05
,,T-,None,3.68039E-05,5.81056E-05,3.68039E-05,3.68039E-05,3.68039E-05,3.68039E-05,3.68039E-05,3.68039E-05,3.68039E-05,3.68039E-05,9.24294E-05,0.000140845
,,,IL-12/IL-15,3.68039E-05,3.68039E-05,3.68039E-05,3.68039E-05,3.68039E-05,3.68039E-05,3.68039E-05,3.68039E-05,3.68039E-05,3.68039E-05,3.68039E-05,3.68039E-05
,,Blank1,None,3.68039E-05,3.68039E-05,3.68039E-05,3.68039E-05,3.68039E-05,3.68039E-05,3.68039E-05,3.68039E-05,3.68039E-05,3.68039E-05,3.68039E-05,3.68039E-05
,,,IL-12/IL-15,3.68039E-05,3.68039E-05,3.68039E-05,4.11168E-05,3.68039E-05,3.68039E-05,3.68039E-05,3.68039E-05,3.68039E-05,3.68039E-05,3.68039E-05,3.68039E-05
,,Blank2,None,3.68039E-05,3.68039E-05,3.68039E-05,3.68039E-05,3.68039E-05,4.6617E-05,3.68039E-05,3.68039E-05,3.68039E-05,3.68039E-05,3.68039E-05,3.68039E-05
,,,IL-12/IL-15,3.68039E-05,3.68039E-05,3.68039E-05,3.68039E-05,3.68039E-05,4.47882E-05,3.68039E-05,3.68039E-05,3.68039E-05,3.68039E-05,3.68039E-05,3.68039E-05
,,Blank3,None,3.68039E-05,3.68039E-05,4.6617E-05,3.68039E-05,3.68039E-05,3.68039E-05,3.68039E-05,3.68039E-05,3.68039E-05,3.68039E-05,3.68039E-05,3.68039E-05
,,,IL-12/IL-15,3.68039E-05,3.68039E-05,3.68039E-05,3.68039E-05,3.68039E-05,3.68039E-05,3.68039E-05,3.68039E-05,5.93064E-05,3.68039E-05,3.68039E-05,3.68039E-05
IL-6,Donor_1,1.1,None,0.000183349,0.004933965,0.007037832,0.012154014,0.010833822,0.012529882,0.010433688,0.006646372,0.000183349,0.01389663,0.000183349,0.014592269
,,,IL-12/IL-15,0.001737802,0.003098841,0.004451856,0.007518345,0.007674308,0.00742687,0.010282138,0.016938602,0.014177412,0.030658739,0.045845112,0.000183349
,,3.1,None,0.00350636,0.004345701,0.012697165,0.038212679,0.050714541,0.066611172,0.053663549,0.037882436,0.027855698,0.000206264,0.032803909,0.037835848
,,,IL-12/IL-15,0.000815134,0.0019318,0.002771357,0.004940627,0.006326512,0.006616041,0.004233009,0.005534849,0.005591732,0.007592918,0.008896495,0.000183349
,,10.1,None,0.002928415,0.003938509,0.005003933,0.022367309,0.049685761,0.064322779,0.040614636,0.000183349,0.028970081,0.056873289,0.040069821,0.046847366
,,,IL-12/IL-15,0.000499312,0.001486417,0.005274147,0.010537089,0.013763393,0.016906577,0.01445858,0.019692366,0.023742189,0.035470916,0.045517183,0.051657246
,,30.1,None,0.001918851,0.002318018,0.002892401,0.004461812,0.003295835,0.003727181,0.002771357,0.003671111,0.003404336,0.000183349,0.005381043,0.005752466
,,,IL-12/IL-15,0.000333465,0.001592654,0.00439545,0.009053726,0.022476709,0.148955676,0.275526316,0.533016391,0.781347238,1.343542194,1.343542194,1.343542194
,,T-,None,0.001255271,0.002032231,0.002331031,0.0026472,0.003105401,0.002807327,0.001409267,0.001547562,0.001092129,0.001402842,0.001505719,0.001473552
,,,IL-12/IL-15,0.000183349,0.000305446,0.000682104,0.000783415,0.000584259,0.000477335,0.00033035,0.000183349,0.000183349,0.000574807,0.000183349,0.00411049
,,Blank1,None,0.000183349,0.000183349,0.000183349,0.000183349,0.000183349,0.000183349,0.000183349,0.000183349,0.000183349,0.000183349,0.000183349,0.000183349
,,,IL-12/IL-15,0.000183349,0.000183349,0.000183349,0.000215529,0.000183349,0.000183349,0.000183349,0.000183349,0.000183349,0.000183349,0.000183349,0.000183349
,,Blank2,None,0.000212439,0.000183349,0.000183349,0.000183349,0.000183349,0.000183349,0.000183349,0.000183349,0.000183349,0.000183349,0.000183349,0.000183349
,,,IL-12/IL-15,0.000183349,0.000183349,0.000183349,0.000183349,0.000183349,0.000183349,0.000183349,0.000183349,0.000183349,0.000183349,0.000183349,0.000183349
,,Blank3,None,0.000183349,0.000183349,0.000183349,0.000305446,0.000183349,0.000183349,0.000183349,0.000333465,0.000183349,0.000183349,0.000183349,0.000183349
,,,IL-12/IL-15,0.000183349,0.000183349,0.000183349,0.000183349,0.000183349,0.000183349,0.000183349,0.000183349,0.000183349,0.000183349,0.000183349,0.000183349
,Donor_2,1.1,None,0.005611814,0.009996597,0.009300108,0.017013344,0.016760749,0.018793351,0.007325292,0.010134152,0.009009277,0.000183349,0.011269415,0.000183349
,,,IL-12/IL-15,0.012178354,0.017494445,0.028176777,0.024072485,0.02887265,0.034883074,0.018814885,0.02377153,0.000183349,0.033986636,0.028932603,0.000183349
,,3.1,None,0.00400132,0.00704459,0.012550785,0.021635661,0.024208408,0.028554398,0.01307756,0.017476608,0.015470417,0.000183349,0.011449475,0.013441181
,,,IL-12/IL-15,0.010368231,0.021726535,0.03412817,0.134397161,0.166398663,0.150383366,0.093571396,0.09842508,0.077054965,0.0014832,0.091999961,0.099971622
,,10.1,None,0.00338789,0.007250841,0.020356352,0.043145697,0.050999867,0.081075346,0.056506965,0.061264471,0.055431582,0.056581856,0.041510742,0.040795184
,,,IL-12/IL-15,0.008906744,0.024959228,0.04894808,0.090492534,0.143748941,0.218123581,0.135195728,0.206290761,0.130236945,0.21478072,0.152996425,0.105146492
,,30.1,None,0.003480022,0.006916241,0.015117303,0.025003468,0.041357245,0.036689312,0.025128859,0.026583039,0.0247492,0.033661789,0.028363645,0.022593459
,,,IL-12/IL-15,0.006700309,0.018621155,0.040803037,0.06629237,0.092258181,0.120623341,0.112298602,0.114987581,0.077981052,0.098362802,0.072027981,0.052578581
,,T-,None,0.002928415,0.005113956,0.008010468,0.013014693,0.015863068,0.016483591,0.011404444,0.011048036,0.009821365,0.000183349,0.009296684,0.006730656
,,,IL-12/IL-15,0.009087925,0.015336164,0.015505761,0.017555104,0.015173761,0.010868356,0.006064391,0.004967279,0.003955035,0.005207378,0.003542585,0.000183349
,,Blank1,None,0.000183349,0.000183349,0.000183349,0.000183349,0.000183349,0.000183349,0.000183349,0.000183349,0.000183349,0.000183349,0.000183349,0.000183349
,,,IL-12/IL-15,0.000183349,0.000183349,0.000183349,0.000183349,0.000183349,0.000183349,0.000183349,0.000183349,0.000183349,0.000183349,0.000183349,0.000183349
,,Blank2,None,0.000183349,0.000183349,0.000183349,0.000221709,0.000183349,0.000183349,0.000183349,0.000183349,0.000183349,0.000183349,0.000183349,0.000183349
,,,IL-12/IL-15,0.000183349,0.000183349,0.000183349,0.000183349,0.000183349,0.000183349,0.000183349,0.000183349,0.000183349,0.000183349,0.000183349,0.000183349
,,Blank3,None,0.000183349,0.000183349,0.000183349,0.000183349,0.000183349,0.000183349,0.000183349,0.000183349,0.000183349,0.000183349,0.000183349,0.000183349
,,,IL-12/IL-15,0.000183349,0.000183349,0.000183349,0.000183349,0.000183349,0.000218619,0.000183349,0.000183349,0.000183349,0.000183349,0.000183349,0.000183349
IL-7,Donor_1,1.1,None,0.000281678,0.000281678,0.000281678,0.000281678,0.000281678,0.000281678,0.000281678,0.000281678,0.000281678,0.000281678,0.000281678,0.000281678
,,,IL-12/IL-15,0.000281678,0.000281678,0.000281678,0.000281678,0.000281678,0.000281678,0.000281678,0.000281678,0.000281678,0.000281678,0.000281678,0.000281678
,,3.1,None,0.000281678,0.000281678,0.000281678,0.000281678,0.000281678,0.000281678,0.000281678,0.000281678,0.000281678,0.000281678,0.000281678,0.000281678
,,,IL-12/IL-15,0.000281678,0.000281678,0.000281678,0.000281678,0.000281678,0.000281678,0.000281678,0.000281678,0.000281678,0.000281678,0.000281678,0.000281678
,,10.1,None,0.000281678,0.000281678,0.000281678,0.000281678,0.000281678,0.000281678,0.000281678,0.000281678,0.000281678,0.000281678,0.000281678,0.000281678
,,,IL-12/IL-15,0.000281678,0.000281678,0.000281678,0.000281678,0.000281678,0.000281678,0.000281678,0.000281678,0.000281678,0.000281678,0.000281678,0.000281678
,,30.1,None,0.000281678,0.000281678,0.000281678,0.000281678,0.000281678,0.000281678,0.000281678,0.000281678,0.000281678,0.000281678,0.000281678,0.000281678
,,,IL-12/IL-15,0.000281678,0.000281678,0.000281678,0.000281678,0.000281678,0.000281678,0.000281678,0.000281678,0.000281678,0.000281678,0.000281678,0.000281678
,,T-,None,0.000281678,0.000281678,0.000281678,0.000281678,0.000281678,0.000281678,0.000281678,0.000281678,0.000281678,0.000281678,0.000281678,0.000281678
,,,IL-12/IL-15,0.000281678,0.000281678,0.000281678,0.000281678,0.000281678,0.000281678,0.000281678,0.000281678,0.000281678,0.000281678,0.000281678,0.000281678
,,Blank1,None,0.000281678,0.000281678,0.000281678,0.000281678,0.000281678,0.000281678,0.000281678,0.000281678,0.000281678,0.000281678,0.000281678,0.000281678
,,,IL-12/IL-15,0.000281678,0.000281678,0.000281678,0.000281678,0.000281678,0.000281678,0.000281678,0.000281678,0.000281678,0.000281678,0.000281678,0.000281678
,,Blank2,None,0.000281678,0.000281678,0.000281678,0.000281678,0.000281678,0.000281678,0.000281678,0.000281678,0.000281678,0.000281678,0.000281678,0.000281678
,,,IL-12/IL-15,0.000281678,0.000281678,0.000281678,0.000281678,0.000281678,0.000281678,0.000281678,0.000281678,0.000281678,0.000281678,0.000281678,0.000281678
,,Blank3,None,0.000281678,0.000281678,0.000281678,0.000281678,0.000281678,0.000281678,0.000281678,0.000281678,0.000281678,0.000281678,0.000281678,0.000281678
,,,IL-12/IL-15,0.000281678,0.000281678,0.000281678,0.000281678,0.000281678,0.000281678,0.000281678,0.000281678,0.000281678,0.000281678,0.000281678,0.000281678
,Donor_2,1.1,None,0.000281678,0.000281678,0.000281678,0.000281678,0.000281678,0.000281678,0.000281678,0.000281678,0.000281678,0.000281678,0.000281678,0.000281678
,,,IL-12/IL-15,0.000281678,0.000281678,0.000281678,0.000281678,0.000281678,0.000281678,0.000281678,0.000281678,0.000281678,0.000281678,0.000281678,0.000281678
,,3.1,None,0.000281678,0.000281678,0.000281678,0.000281678,0.000281678,0.000281678,0.000281678,0.000281678,0.000281678,0.000281678,0.000281678,0.000281678
,,,IL-12/IL-15,0.000281678,0.000281678,0.000281678,0.000281678,0.000281678,0.000281678,0.000281678,0.000281678,0.000281678,0.000281678,0.000281678,0.000281678
,,10.1,None,0.000281678,0.000281678,0.000281678,0.000281678,0.000281678,0.000281678,0.000281678,0.000281678,0.000281678,0.000281678,0.000281678,0.000281678
,,,IL-12/IL-15,0.000281678,0.000281678,0.000281678,0.000281678,0.000281678,0.000281678,0.000281678,0.000281678,0.000281678,0.000281678,0.000281678,0.000281678
,,30.1,None,0.000281678,0.000281678,0.000281678,0.000281678,0.000281678,0.000281678,0.000281678,0.000281678,0.000281678,0.000296925,0.000281678,0.000285839
,,,IL-12/IL-15,0.000281678,0.000281678,0.000281678,0.000281678,0.000281678,0.000281678,0.000315145,0.000281678,0.000281678,0.000281678,0.000281678,0.000281678
,,T-,None,0.000281678,0.000281678,0.000281678,0.000281678,0.000281678,0.000281678,0.000311526,0.000281678,0.000281678,0.000281678,0.000281678,0.000281678
,,,IL-12/IL-15,0.000281678,0.000281678,0.000281678,0.000281678,0.000281678,0.000281678,0.000281678,0.000281678,0.000281678,0.000281678,0.000281678,0.000281678
,,Blank1,None,0.000281678,0.000281678,0.000281678,0.000281678,0.000281678,0.000281678,0.000281678,0.000281678,0.000281678,0.000281678,0.000281678,0.000281678
,,,IL-12/IL-15,0.000281678,0.000281678,0.000281678,0.000281678,0.000281678,0.000281678,0.000281678,0.000281678,0.000281678,0.000281678,0.000281678,0.000281678
,,Blank2,None,0.000281678,0.000281678,0.000281678,0.000281678,0.000281678,0.000281678,0.000281678,0.000281678,0.000281678,0.000281678,0.000281678,0.000281678
,,,IL-12/IL-15,0.000281678,0.000281678,0.000281678,0.000281678,0.000281678,0.000281678,0.000281678,0.000281678,0.000281678,0.000281678,0.000281678,0.000281678
,,Blank3,None,0.000281678,0.000281678,0.000281678,0.000281678,0.000281678,0.000281678,0.000281678,0.000281678,0.000281678,0.000281678,0.000281678,0.000281678
,,,IL-12/IL-15,0.000281678,0.000281678,0.000281678,0.000281678,0.000281678,0.000281678,0.000281678,0.000281678,0.000281678,0.000281678,0.000281678,0.000281678
IL-8,Donor_1,1.1,None,0.000340145,0.194479828,0.353828584,1.268752768,1.070901041,1.268752768,1.268752768,1.268752768,0.004371919,1.268752768,0.009677837,1.268752768
,,,IL-12/IL-15,0.060926251,0.386496454,1.268752768,1.268752768,1.268752768,0.956335586,0.190208306,0.141355741,0.204339636,0.181098768,0.150875371,0.041575174
,,3.1,None,0.125742377,0.235751078,1.216876763,1.268752768,1.268752768,1.268752768,0.410334607,0.301224563,0.206505588,0.043609921,0.266521288,0.216042438
,,,IL-12/IL-15,0.05264329,1.268752768,1.268752768,1.268752768,0.374272995,0.250314358,0.172911651,0.144780891,0.108629794,0.090608424,0.084853586,0.213376129
,,10.1,None,0.153676656,0.306006591,0.465823982,1.268752768,1.268752768,1.099022662,0.876534074,0.004556944,0.610483316,0.367347399,0.387870312,0.246640976
,,,IL-12/IL-15,0.056719323,1.268752768,1.268752768,0.547044974,0.237118526,0.258672832,0.156019503,0.091348342,0.149858344,0.175101416,0.167344806,0.207555531
,,30.1,None,0.099264918,0.212856827,0.383237156,1.268752768,1.268752768,1.268752768,0.938067277,1.268752768,1.268752768,0.013619235,1.150393486,0.603246068
,,,IL-12/IL-15,0.049882912,1.268752768,1.268752768,0.645157275,0.166650221,0.141328642,0.094302636,0.056715707,0.065035429,0.058473623,0.053948176,0.083059226
,,T-,None,0.07621677,0.177011343,0.386010145,0.572864584,1.268752768,1.268752768,1.268752768,1.223471931,1.268752768,1.268752768,1.268752768,0.851719522
,,,IL-12/IL-15,0.067058348,0.161569926,1.268752768,1.268752768,1.268752768,1.223331094,0.969991641,0.838343345,0.441795904,0.328068576,0.003282085,0.697711926
,,Blank1,None,0.000242922,0.000242922,0.000242922,0.000251905,0.000242922,0.000242922,0.000242922,0.000242922,0.000242922,0.000242922,0.000242922,0.000242922
,,,IL-12/IL-15,0.000242922,0.000242922,0.000242922,0.000242922,0.000242922,0.000242922,0.000242922,0.000329594,0.000308463,0.000242922,0.000242922,0.000262534
,,Blank2,None,0.000242922,0.000385764,0.000242922,0.000242922,0.000242922,0.000242922,0.000242922,0.000242922,0.000242922,0.000403269,0.000242922,0.000242922
,,,IL-12/IL-15,0.000242922,0.000242922,0.000242922,0.000242922,0.000242922,0.000242922,0.000242922,0.000242922,0.000242922,0.000242922,0.000242922,0.000242922
,,Blank3,None,0.000242922,0.000242922,0.000242922,0.000242922,0.000242922,0.000242922,0.000242922,0.000276689,0.000248359,0.000242922,0.000336629,0.000354199
,,,IL-12/IL-15,0.000242922,0.000242922,0.000242922,0.000242922,0.000242922,0.000242922,0.000242922,0.000431233,0.000242922,0.000242922,0.000304937,0.000262534
,Donor_2,1.1,None,0.101732037,0.355709649,0.336289395,0.944980965,1.268752768,1.268752768,0.631685752,1.268752768,1.268752768,0.006777232,1.268752768,0.003912116
,,,IL-12/IL-15,0.142957928,0.609793089,1.268752768,1.268752768,1.268752768,1.268752768,0.716955129,0.497821576,0.00723086,0.495150199,0.774465006,0.00294628
,,3.1,None,0.083932038,0.164142569,0.605536449,1.268752768,1.268752768,1.268752768,1.268752768,1.268752768,1.197246361,0.010272277,1.268752768,1.268752768
,,,IL-12/IL-15,0.158621943,0.776323949,1.268752768,0.831912548,0.585204605,0.303749483,0.154535469,0.219648367,0.22566017,0.165932805,0.231386857,0.195084882
,,10.1,None,0.066015913,0.285796646,1.268752768,1.268752768,1.268752768,1.268752768,0.966194165,1.268752768,0.943720988,0.912186507,1.032588524,0.784769613
,,,IL-12/IL-15,0.127093463,1.259868744,1.268752768,0.405394124,0.22644713,0.148061948,0.12122868,0.10150006,0.128383832,0.112320975,0.111685166,0.12899566
,,30.1,None,0.080106642,0.15530253,0.561931439,1.268752768,1.268752768,1.268752768,1.268752768,1.268752768,1.268752768,1.205156162,0.997200687,0.507903454
,,,IL-12/IL-15,0.095061833,0.536788684,1.268752768,0.446739464,0.295481926,0.19056638,0.10391224,0.097509624,0.10821543,0.139113013,0.09411108,0.11266442
,,T-,None,0.065235022,0.175668007,0.454318227,1.011522425,1.268752768,1.268752768,1.268752768,1.268752768,0.718671928,0.009231226,0.794472359,0.638974578
,,,IL-12/IL-15,0.101073105,0.388062322,1.108056586,1.268752768,1.268752768,1.268752768,1.086721673,1.268752768,0.804579242,1.268752768,1.104740025,0.018467136
,,Blank1,None,0.000242922,0.000242922,0.000315511,0.000242922,0.000242922,0.000242922,0.000242922,0.000258993,0.000242922,0.000242922,0.000248359,0.000242922
,,,IL-12/IL-15,0.000242922,0.000242922,0.000242922,0.000242922,0.000242922,0.000242922,0.000242922,0.000242922,0.000521787,0.000350687,0.000242922,0.000632654
,,Blank2,None,0.000242922,0.000242922,0.000242922,0.000242922,0.000242922,0.000242922,0.000242922,0.000242922,0.000294353,0.000242922,0.000242922,0.000294353
,,,IL-12/IL-15,0.000242922,0.000242922,0.000242922,0.000242922,0.000242922,0.000242922,0.000242922,0.000242922,0.00038226,0.000242922,0.000242922,0.000587684
,,Blank3,None,0.000242922,0.000283758,0.000242922,0.000242922,0.000242922,0.000242922,0.000242922,0.000273152,0.000354199,0.000242922,0.000294353,0.000556497
,,,IL-12/IL-15,0.000242922,0.000242922,0.000242922,0.000242922,0.000242922,0.000242922,0.000242922,0.000242922,0.000242922,0.000315511,0.000242922,0.00036122
IP-10,Donor_1,1.1,None,0.000284395,0.000284395,0.000284395,0.001287096,0.001839483,0.002119984,0.001586911,0.001103507,0.000284395,0.00276628,0.000311295,0.003941007
,,,IL-12/IL-15,0.000473513,0.001747606,0.008766132,0.013091803,0.011216425,0.007118063,0.005034229,0.006453,0.00339633,0.006688977,0.00611747,0.000284395
,,3.1,None,0.000284395,0.000284395,0.000461576,0.002172264,0.00387389,0.00532499,0.003311978,0.004244694,0.003316954,0.000284395,0.006091338,0.014532939
,,,IL-12/IL-15,0.000284395,0.006308412,0.054543825,0.079675227,0.103807409,0.072785418,0.028947411,0.047337053,0.036443508,0.04374853,0.034695456,0.000738987
,,10.1,None,0.000284395,0.000284395,0.000738987,0.0045367,0.008930231,0.009913917,0.004079236,0.000284395,0.00472833,0.007562979,0.007172915,0.010771478
,,,IL-12/IL-15,0.000558965,0.01583172,0.274102287,0.319248931,0.25733756,0.319248931,0.148123804,0.106503757,0.25232873,0.272806243,0.258151421,0.251285652
,,30.1,None,0.000293581,0.000284395,0.000763785,0.00259387,0.00262016,0.005418923,0.003763056,0.007494065,0.007957458,0.000284395,0.023037717,0.026543974
,,,IL-12/IL-15,0.00045758,0.015283669,0.204285476,0.319248931,0.319248931,0.319248931,0.240073645,0.319248931,0.319248931,0.319248931,0.319248931,0.319248931
,,T-,None,0.000284395,0.000392397,0.000284395,0.001074375,0.004666181,0.007675487,0.002846399,0.006091338,0.011263094,0.018058691,0.040770929,0.055673618
,,,IL-12/IL-15,0.000284395,0.001839483,0.024413161,0.04057265,0.045379436,0.044925992,0.021694718,0.026440097,0.065770108,0.135817517,0.000284395,0.319248931
,,Blank1,None,0.000284395,0.000284395,0.000284395,0.000441511,0.000284395,0.000284395,0.000284395,0.000284395,0.000284395,0.000284395,0.000504992,0.000284395
,,,IL-12/IL-15,0.000284395,0.000284395,0.000284395,0.000284395,0.000284395,0.000284395,0.000619126,0.000284395,0.000284395,0.000284395,0.000284395,0.000284395
,,Blank2,None,0.000284395,0.000284395,0.000298033,0.000379886,0.000284395,0.000400684,0.000400684,0.000284395,0.000284395,0.000284395,0.000284395,0.000284395
,,,IL-12/IL-15,0.000333097,0.000485376,0.000284395,0.000284395,0.000284395,0.000284395,0.000284395,0.000284395,0.000284395,0.000396546,0.00032442,0.000284395
,,Blank3,None,0.000284395,0.000284395,0.000284395,0.00034601,0.00048143,0.000284395,0.000284395,0.00034601,0.000284395,0.000284395,0.000284395,0.000685144
,,,IL-12/IL-15,0.000284395,0.000284395,0.000375694,0.000284395,0.000284395,0.000284395,0.000284395,0.000284395,0.000284395,0.000284395,0.000284395,0.000293581
,Donor_2,1.1,None,0.004263512,0.009475398,0.009307029,0.015367419,0.023350423,0.024039953,0.006827632,0.00818414,0.011235874,0.000284395,0.020932976,0.00032006
,,,IL-12/IL-15,0.028893665,0.041077783,0.078616282,0.060734223,0.079487066,0.090753407,0.038031703,0.047555549,0.000284395,0.118736375,0.12557788,0.000284395
,,3.1,None,0.002585971,0.004585349,0.015996625,0.043112688,0.072957529,0.079953384,0.022881295,0.047859141,0.039319814,0.000315685,0.039233908,0.073993894
,,,IL-12/IL-15,0.023628839,0.042478324,0.099960694,0.319248931,0.319248931,0.319248931,0.222956335,0.319248931,0.296162265,0.012334205,0.319248931,0.319248931
,,10.1,None,0.003182012,0.008442356,0.072147982,0.319248931,0.319248931,0.319248931,0.136657368,0.260480894,0.319248931,0.319248931,0.319248931,0.276120328
,,,IL-12/IL-15,0.024762888,0.045403717,0.145323553,0.319248931,0.319248931,0.319248931,0.319248931,0.244999235,0.319248931,0.319248931,0.319248931,0.319248931
,,30.1,None,0.002864418,0.005758281,0.052531935,0.319248931,0.319248931,0.319248931,0.319248931,0.319248931,0.261743504,0.319248931,0.319248931,0.319248931
,,,IL-12/IL-15,0.02053516,0.034002456,0.048857556,0.095470017,0.110409374,0.124622341,0.059064377,0.082948817,0.068052108,0.086994462,0.089645438,0.079185117
,,T-,None,0.002768873,0.007833298,0.014521698,0.021766838,0.020580392,0.027897811,0.016205721,0.016823871,0.022111026,0.000284395,0.025166258,0.025712825
,,,IL-12/IL-15,0.023059289,0.039272289,0.042576251,0.050037446,0.059546818,0.069664017,0.033106923,0.040971176,0.048261393,0.081462324,0.079026538,0.000284395
,,Blank1,None,0.000528288,0.000284395,0.000284395,0.000421219,0.000284395,0.000512786,0.000284395,0.000293581,0.000284395,0.000284395,0.000284395,0.000284395
,,,IL-12/IL-15,0.000284395,0.000284395,0.000284395,0.000375694,0.000284395,0.000284395,0.000284395,0.000284395,0.000284395,0.000284395,0.000284395,0.00030247
,,Blank2,None,0.000284395,0.000284395,0.000284395,0.000350288,0.000284395,0.000284395,0.000449563,0.000284395,0.000284395,0.000284395,0.000284395,0.000284395
,,,IL-12/IL-15,0.000284395,0.000284395,0.000742542,0.000328765,0.000284395,0.00030689,0.000341719,0.000284395,0.000437471,0.000284395,0.000284395,0.000284395
,,Blank3,None,0.000284395,0.000284395,0.000284395,0.000284395,0.000284395,0.000284395,0.000284395,0.000284395,0.000284395,0.000445541,0.000284395,0.000516673
,,,IL-12/IL-15,0.000284395,0.000284395,0.000284395,0.000284395,0.000284395,0.000284395,0.000284395,0.000284395,0.000284395,0.000284395,0.000284395,0.000284395
MIG,Donor_1,1.1,None,0.000111169,0.000115793,0.000111169,0.000111169,0.000111169,0.000111169,0.000111169,0.000111169,0.000111169,0.000111169,0.000111169,0.000111169
,,,IL-12/IL-15,0.000111169,0.000159589,0.000467709,0.001149141,0.001428841,0.00109017,0.000946424,0.000995988,0.000663754,0.000802176,0.000718556,0.000111169
,,3.1,None,0.000111169,0.000111169,0.000111169,0.000111169,0.000111169,0.000171317,0.0001141,0.000172991,0.000111169,0.000111169,0.000147836,0.000167969
,,,IL-12/IL-15,0.000111169,0.000169643,0.003982773,0.019616103,0.042653659,0.028874226,0.01802158,0.018649948,0.016769905,0.021073086,0.016801295,0.000446533
,,10.1,None,0.000111169,0.000111169,0.000111169,0.000111169,0.000267739,0.000511613,0.000405731,0.000111169,0.000386108,0.000441642,0.000443272,0.000431856
,,,IL-12/IL-15,0.000216353,0.000348421,0.021127289,0.11717533,0.187159429,0.324569054,0.170383765,0.137490336,0.172598022,0.198786347,0.188653066,0.106633013
,,30.1,None,0.000111169,0.000111169,0.000111169,0.000149517,0.000399193,0.000782898,0.001258945,0.002757787,0.003183122,0.000111169,0.011007316,0.012170984
,,,IL-12/IL-15,0.000134372,0.000162942,0.014175134,0.095115574,0.100862111,0.236377353,0.260412364,0.246552823,0.233182833,0.344442749,0.250175182,0.209123243
,,T-,None,0.000111169,0.000111169,0.000111169,0.000111169,0.00023794,0.000912815,0.00100238,0.001837016,0.004793353,0.011620471,0.027703115,0.034018611
,,,IL-12/IL-15,0.000111169,0.000111169,0.000277651,0.001451039,0.002811177,0.003572044,0.004772964,0.01007654,0.018546453,0.032855307,0.000111169,0.107709115
,,Blank1,None,0.000111169,0.000111169,0.000111169,0.000111169,0.000111169,0.000111169,0.000111169,0.000111169,0.000111169,0.000111169,0.000111169,0.000111169
,,,IL-12/IL-15,0.000111169,0.000111169,0.000111169,0.000111169,0.000111169,0.000111169,0.000111169,0.000111169,0.000111169,0.000111169,0.000111169,0.000111169
,,Blank2,None,0.000111169,0.000111169,0.000111169,0.000111169,0.000111169,0.000111169,0.000111169,0.000111169,0.000111169,0.000111169,0.000111169,0.000111169
,,,IL-12/IL-15,0.000111169,0.000111169,0.000111169,0.000111169,0.000111169,0.000111169,0.000111169,0.000111169,0.000111169,0.000111169,0.000111169,0.000111169
,,Blank3,None,0.000111169,0.000111169,0.000111169,0.000111169,0.000111169,0.000111169,0.000111169,0.000111169,0.000111169,0.000111169,0.000111169,0.000111169
,,,IL-12/IL-15,0.000111169,0.000111169,0.000111169,0.000111169,0.000111169,0.000111169,0.000111169,0.000111169,0.000111169,0.000111169,0.000111169,0.000111169
,Donor_2,1.1,None,0.001435184,0.002606982,0.003924773,0.008511553,0.009689083,0.010213826,0.005950401,0.00647891,0.005460261,0.000146155,0.006743459,0.000111169
,,,IL-12/IL-15,0.00386207,0.006789147,0.017304304,0.020711049,0.02895414,0.027148804,0.018538109,0.017996625,0.000111169,0.021225576,0.019684962,0.000127625
,,3.1,None,0.001010367,0.001660045,0.004545581,0.008348325,0.01049825,0.010443893,0.006899454,0.007628484,0.005617299,0.000111169,0.004489135,0.00629951
,,,IL-12/IL-15,0.004547149,0.007470531,0.017315903,0.053956516,0.06417849,0.068640413,0.042477759,0.042922712,0.030539212,0.000997586,0.035669265,0.043194158
,,10.1,None,0.001427255,0.003383882,0.007701172,0.01542363,0.021491916,0.034841821,0.030164752,0.037899338,0.030654053,0.044958039,0.028024244,0.027453002
,,,IL-12/IL-15,0.004675731,0.008174118,0.030030588,0.081444865,0.18300137,0.212154245,0.194991296,0.212486662,0.145598591,0.225306948,0.173363859,0.14281852
,,30.1,None,0.001149141,0.001844909,0.004841975,0.010384756,0.04213232,0.038523918,0.058602094,0.056067221,0.052449326,0.090654029,0.078372673,0.074827077
,,,IL-12/IL-15,0.002825309,0.004387225,0.017057585,0.05321356,0.071234637,0.071034354,0.064383944,0.091183868,0.062046327,0.104293468,0.087531202,0.07419524
,,T-,None,0.001346328,0.002671398,0.004460913,0.010877533,0.015679604,0.027941255,0.027299953,0.031164643,0.037499904,0.000223001,0.048781744,0.072522614
,,,IL-12/IL-15,0.003021517,0.004578509,0.006493077,0.014679075,0.034512399,0.046266062,0.035997356,0.064202777,0.076634592,0.148562629,0.167306513,0.000883985
,,Blank1,None,0.000111169,0.000111169,0.000111169,0.000111169,0.000111169,0.000111169,0.000111169,0.000111169,0.000111169,0.000111169,0.000111169,0.000111169
,,,IL-12/IL-15,0.000111169,0.000111169,0.000111169,0.000111169,0.000111169,0.000111169,0.000111169,0.000111169,0.000111169,0.000111169,0.000111169,0.000111169
,,Blank2,None,0.000111169,0.000111169,0.000111169,0.000111169,0.000111169,0.000111169,0.000111169,0.000111169,0.000111169,0.000111169,0.000111169,0.000111169
,,,IL-12/IL-15,0.000111169,0.000111169,0.000111169,0.000111169,0.000111169,0.000111169,0.000111169,0.000111169,0.000111169,0.000111169,0.000111169,0.000111169
,,Blank3,None,0.000111169,0.000111169,0.000111169,0.000111169,0.000111169,0.000111169,0.000111169,0.000111169,0.000111169,0.000111169,0.000111169,0.000141109
,,,IL-12/IL-15,0.000111169,0.000111169,0.000111169,0.000111169,0.000111169,0.000111169,0.000111169,0.000111169,0.000111169,0.000111169,0.000111169,0.000111169
MIP-1A,Donor_1,1.1,None,7.76864E-05,0.003904317,0.004784538,0.0065829,0.005097705,0.005139187,0.004211045,0.002211013,2.95658E-05,0.002440949,4.08982E-05,0.001391796
,,,IL-12/IL-15,0.002337112,0.007603205,0.003811983,0.00719406,0.012056959,0.008505801,0.01282262,0.01592865,0.008648055,0.014589149,0.015358349,2.95658E-05
,,3.1,None,0.004323512,0.006758359,0.011194117,0.01740031,0.020934617,0.022281447,0.019471331,0.019389283,0.015084654,0.000117113,0.01790818,0.019868428
,,,IL-12/IL-15,0.001156124,0.012739921,0.004152897,0.002459032,0.002827328,0.002681747,0.001556659,0.002602642,0.002378361,0.003022329,0.001882613,0.000114717
,,10.1,None,0.004114834,0.00867698,0.006766761,0.016222994,0.018240782,0.016143181,0.010012384,2.95658E-05,0.008689277,0.009976902,0.007887315,0.009377583
,,,IL-12/IL-15,0.001427743,0.015549245,0.025922164,0.007955877,0.004729817,0.004144214,0.002928971,0.002453865,0.002453219,0.002161568,0.001649171,0.001483935
,,30.1,None,0.002826026,0.004694717,0.006126852,0.007643708,0.004090809,0.002593573,0.001487727,0.000811349,0.000817553,4.85853E-05,0.00112982,0.001000457
,,,IL-12/IL-15,0.00078159,0.00996508,0.021765932,0.01242941,0.007137657,0.023601972,0.038208048,0.051077805,0.035452422,0.022683345,0.011778675,0.008282635
,,T-,None,0.002326805,0.003809328,0.006512448,0.006785669,0.006782868,0.006671611,0.003178099,0.002662932,0.002208443,0.001919621,0.002476474,0.004041457
,,,IL-12/IL-15,0.000538443,0.00089333,0.001487727,0.000593182,0.000502219,0.000415871,0.000346306,0.0003835,0.000331691,0.00052493,2.95658E-05,0.019262984
,,Blank1,None,2.95658E-05,2.95658E-05,2.95658E-05,5.86611E-05,2.95658E-05,2.95658E-05,4.97694E-05,2.95658E-05,2.95658E-05,2.95658E-05,2.95658E-05,3.14628E-05
,,,IL-12/IL-15,2.95658E-05,2.95658E-05,2.95658E-05,3.85365E-05,2.95658E-05,5.68813E-05,2.95658E-05,7.88778E-05,3.32295E-05,2.95658E-05,8.84167E-05,2.95658E-05
,,Blank2,None,2.95658E-05,3.32295E-05,5.39165E-05,2.95658E-05,2.95658E-05,2.95658E-05,4.20797E-05,2.95658E-05,2.95658E-05,3.73563E-05,2.95658E-05,2.95658E-05
,,,IL-12/IL-15,2.95658E-05,2.95658E-05,3.85365E-05,2.95658E-05,2.95658E-05,3.38187E-05,2.95658E-05,2.95658E-05,2.95658E-05,3.02857E-05,2.95658E-05,2.95658E-05
,,Blank3,None,3.67664E-05,2.95658E-05,2.95658E-05,3.14628E-05,4.91773E-05,2.95658E-05,2.95658E-05,2.95658E-05,2.95658E-05,2.95658E-05,3.55869E-05,4.32616E-05
,,,IL-12/IL-15,2.95658E-05,2.95658E-05,3.08742E-05,4.38528E-05,4.20797E-05,2.95658E-05,2.95658E-05,2.95658E-05,4.91773E-05,3.02857E-05,2.95658E-05,5.21387E-05
,Donor_2,1.1,None,0.007035564,0.020465373,0.015966792,0.022512481,0.019300508,0.02147393,0.007155277,0.007319755,0.006157327,0.0001303,0.003415296,3.38187E-05
,,,IL-12/IL-15,0.009433222,0.091039997,0.091209549,0.057024887,0.044973173,0.029200831,0.01667518,0.007307739,2.95658E-05,0.007564149,0.004643457,6.10353E-05
,,3.1,None,0.006502689,0.013705709,0.030431068,0.036671598,0.021908406,0.029480667,0.018775351,0.017066053,0.012111998,6.93543E-05,0.009015717,0.010135248
,,,IL-12/IL-15,0.010560503,0.120414367,0.161065789,0.243590114,0.231838304,0.125174605,0.050788702,0.025007642,0.016331467,0.000773535,0.005997517,0.00410282
,,10.1,None,0.006821403,0.031802452,0.063625764,0.066480164,0.06774614,0.073321135,0.072414323,0.058320407,0.060202158,0.047101847,0.048665288,0.035008958
,,,IL-12/IL-15,0.011091702,0.13067407,0.205629167,0.28578165,0.165927027,0.222480552,0.128234178,0.058902072,0.018008542,0.00952191,0.003478561,0.001983501
,,30.1,None,0.006478996,0.017697073,0.031800422,0.049748291,0.09091933,0.062450401,0.082479094,0.055658294,0.058664749,0.074036494,0.081242682,0.057927284
,,,IL-12/IL-15,0.005699861,0.073389977,0.10460509,0.160720863,0.081099136,0.113843121,0.241784896,0.263809648,0.28578165,0.28578165,0.28578165,0.28578165
,,T-,None,0.006244686,0.014077668,0.016049644,0.025879065,0.032576458,0.029744773,0.021973988,0.026049736,0.028193371,0.000137501,0.030432064,0.033224936
,,,IL-12/IL-15,0.004802791,0.017151113,0.013732375,0.007018683,0.002339689,0.001249591,0.001392426,0.001430898,0.000887112,0.00136029,0.001525657,3.14628E-05
,,Blank1,None,3.4408E-05,2.95658E-05,2.95658E-05,7.47092E-05,3.32295E-05,2.95658E-05,7.05438E-05,3.97171E-05,2.96974E-05,4.14889E-05,2.95658E-05,3.20516E-05
,,,IL-12/IL-15,4.62183E-05,6.5193E-05,2.95658E-05,3.55869E-05,2.95658E-05,4.32616E-05,5.45093E-05,3.73563E-05,2.95658E-05,2.95658E-05,3.02857E-05,2.95658E-05
,,Blank2,None,2.95658E-05,2.95658E-05,4.79934E-05,2.95658E-05,2.95658E-05,2.95658E-05,2.95658E-05,2.95658E-05,2.95658E-05,4.08982E-05,2.95658E-05,2.95658E-05
,,,IL-12/IL-15,4.08982E-05,5.51022E-05,2.95658E-05,2.95658E-05,2.95658E-05,2.95658E-05,2.95658E-05,2.95658E-05,6.10353E-05,2.95658E-05,2.95658E-05,2.95658E-05
,,Blank3,None,4.20797E-05,2.95658E-05,3.20516E-05,4.85853E-05,3.20516E-05,5.09539E-05,3.38187E-05,2.95658E-05,6.6976E-05,2.95658E-05,2.95658E-05,4.79934E-05
,,,IL-12/IL-15,2.95658E-05,2.95658E-05,2.95658E-05,2.95658E-05,2.95658E-05,4.91773E-05,4.4444E-05,7.94735E-05,2.95658E-05,2.95658E-05,2.95658E-05,2.95658E-05
TNF,Donor_1,1.1,None,0.00022768,0.003050969,0.002520032,0.00378714,0.004585356,0.007834384,0.007853779,0.004569858,0.00022768,0.006765953,0.00022768,0.006221075
,,,IL-12/IL-15,0.00323761,0.003858919,0.003721824,0.005367984,0.006673912,0.004929842,0.00556858,0.005899234,0.003536523,0.005425943,0.004831735,0.00022768
,,3.1,None,0.001251307,0.000777088,0.001231628,0.001349871,0.001362094,0.001651143,0.001952444,0.002213426,0.002158981,0.00022768,0.002176899,0.002268149
,,,IL-12/IL-15,0.001760105,0.002467888,0.002358629,0.003544447,0.004650985,0.004452909,0.002951846,0.003465585,0.002954186,0.003658142,0.003524984,0.00022768
,,10.1,None,0.000782839,0.000489503,0.00036952,0.000888656,0.001145393,0.001377577,0.000911515,0.00022768,0.000962975,0.001514572,0.001478475,0.001730432
,,,IL-12/IL-15,0.001207116,0.001573177,0.002126555,0.003088539,0.003937703,0.004367643,0.00390116,0.004328714,0.00453685,0.004836155,0.005256185,0.004516089
,,30.1,None,0.00022768,0.00022768,0.00022768,0.00032318,0.000405477,0.000375624,0.000603396,0.000768423,0.000700385,0.00022768,0.001630793,0.001432232
,,,IL-12/IL-15,0.000876442,0.001074667,0.001421379,0.001468852,0.001965579,0.002718331,0.00240414,0.003139586,0.003437908,0.004499841,0.005124938,0.004786179
,,T-,None,0.00022768,0.00022768,0.00022768,0.00022768,0.00022768,0.00022768,0.00022768,0.00022768,0.00022768,0.000263962,0.000385696,0.000393664
,,,IL-12/IL-15,0.000691284,0.00056553,0.000640176,0.00064804,0.001004257,0.000996578,0.001049774,0.001075904,0.001073429,0.001412669,0.00022768,0.00254759
,,Blank1,None,0.00022768,0.00022768,0.00022768,0.00022768,0.00022768,0.00022768,0.00022768,0.00022768,0.00022768,0.00022768,0.00022768,0.00022768
,,,IL-12/IL-15,0.00022768,0.00022768,0.00022768,0.00022768,0.00022768,0.00022768,0.00023948,0.00022768,0.00022768,0.00022768,0.00023948,0.00022768
,,Blank2,None,0.00022768,0.00022768,0.00022768,0.00022768,0.00022768,0.00022768,0.00022768,0.00022768,0.00022768,0.00022768,0.00022768,0.00022768
,,,IL-12/IL-15,0.00022768,0.00022768,0.00022768,0.00022768,0.00022768,0.00022768,0.00022768,0.00022768,0.00022768,0.00022768,0.00022768,0.00022768
,,Blank3,None,0.00022768,0.00022768,0.00022768,0.00022768,0.00022768,0.00022768,0.00022768,0.00022768,0.00022768,0.00022768,0.00022768,0.00022768
,,,IL-12/IL-15,0.00022768,0.00022768,0.00022768,0.00022768,0.00022768,0.00022768,0.00022768,0.00022768,0.00022768,0.00022768,0.00022768,0.00022768
,Donor_2,1.1,None,0.002484763,0.003355763,0.002200094,0.002539253,0.004320116,0.006044827,0.003247341,0.003771733,0.0041594,0.000365424,0.004446375,0.00022768
,,,IL-12/IL-15,0.002893077,0.003335828,0.004364349,0.003387403,0.004751894,0.00606502,0.004606632,0.004713041,0.00022768,0.005339516,0.004335322,0.00022768
,,3.1,None,0.000994012,0.00088188,0.001251307,0.001379782,0.001472063,0.002216088,0.001675412,0.001773875,0.001477408,0.00022768,0.001328637,0.001852605
,,,IL-12/IL-15,0.001675412,0.001649113,0.001751228,0.003673752,0.004011041,0.003663822,0.002836951,0.003197053,0.002400719,0.00022768,0.00287337,0.002716712
,,10.1,None,0.000654299,0.000424814,0.000764074,0.00116693,0.001139377,0.001359875,0.001505056,0.001374266,0.001690499,0.001650128,0.00148807,0.001617502
,,,IL-12/IL-15,0.000682127,0.000830956,0.001004257,0.001469923,0.001852605,0.002240863,0.001916587,0.002321412,0.001704524,0.002722376,0.002334426,0.002155389
,,30.1,None,0.000289711,0.00022768,0.00022768,0.000509004,0.000706422,0.000438106,0.000672911,0.000578832,0.000733294,0.001176443,0.001198894,0.001258218
,,,IL-12/IL-15,0.00022768,0.00022768,0.000280477,0.000413263,0.000603396,0.000703407,0.000979844,0.001024603,0.000815535,0.000934109,0.00107095,0.001229304
,,T-,None,0.00022768,0.00022768,0.00022768,0.00022768,0.000336114,0.00022768,0.000428632,0.00022768,0.00022768,0.00022768,0.00022768,0.000385696
,,,IL-12/IL-15,0.00022768,0.00022768,0.00022768,0.00022768,0.000289711,0.000469628,0.000395645,0.000401558,0.000443745,0.00065586,0.00062431,0.00022768
,,Blank1,None,0.00022768,0.00022768,0.00022768,0.00022768,0.00022768,0.00022768,0.00022768,0.00022768,0.00022768,0.00022768,0.00022768,0.00022768
,,,IL-12/IL-15,0.00022768,0.00022768,0.00022768,0.00022768,0.00022768,0.00022768,0.00022768,0.00022768,0.00022768,0.000236968,0.00022768,0.00022768
,,Blank2,None,0.00022768,0.00022768,0.00022768,0.00022768,0.00022768,0.00022768,0.00022768,0.00022768,0.00022768,0.00022768,0.00022768,0.00022768
,,,IL-12/IL-15,0.00022768,0.00022768,0.00022768,0.00022768,0.00022768,0.00032318,0.00022768,0.00022768,0.00022768,0.00022768,0.00022768,0.00022768
,,Blank3,None,0.00022768,0.00022768,0.00022768,0.00022768,0.00022768,0.00022768,0.00022768,0.00022768,0.00022768,0.00022768,0.00022768,0.00022768
,,,IL-12/IL-15,0.00022768,0.00022768,0.00022768,0.00022768,0.00022768,0.00022768,0.00022768,0.00022768,0.00022768,0.00022768,0.00022768,0.00022768