HD,NKG2A,SP score,%NKG2A_all NK,NKG2A MFI_all NK,%NKG2A_Dim,NKG2A MFI_Dim,%NKG2A+KIR-_Dim,NKG2A MFI_Dim_NKG2A+KIR-,%NKG2A_Bright,NKG2A MFI_Bright
HD075,TT,29.4338,40.74,36.76,39.53,34.72,24.67,42.84,92.86,89.44
HD078,TT,11.733,37.86,24.64,36.1,22.01,14.65,35.59,98.23,127.27
HD100,TT,5.8408,52.49,51.62,44.49,30.15,25.92,38.33,98.85,112.58
HD102,TT,11.733,27.34,18.5,26.79,17.62,12.11,27.51,95.92,97.9
HD223,TT,17.6373,38.57,18.88,35.62,15.44,12.94,25.69,90.88,84.49
HD225,TT,17.6373,41.16,27.19,39.5,24.35,25.1,29.74,96.95,82.2
HD233,TT,23.5416,40.73,22.21,39.15,20.08,25.48,29.85,100,69.81
HD236,TT,14.6912,39.27,17.17,39.61,16.74,22.72,21.5,95.97,72.81
HD239,TT,18.1228,28.3,18.35,27.4,17.6,11.84,28.72,96.67,79.97
HD244,TT,23.9471,43.16,31.56,42.45,30.79,33.2,32.86,96.36,50.52
HD247,TT,15.5131,25.59,19.99,24.39,17.17,7.76,26.56,100,98.03
HD248,TT,11.733,49.19,42.88,48.95,42.58,24.01,47.02,94.83,86.19
HD249,TT,19.7615,22.67,27.64,18.24,16.65,11.94,21.6,98.8,106.07
HD252,TT,21.4174,27.08,17.84,24.47,14.85,12.76,24.05,95.24,56.09
HD253,TT,21.4174,23.43,24.8,22.86,23.48,11.17,33.22,92.89,48.88
HD257,TT,17.6373,35.11,12.04,34.46,11.65,15.45,19.07,96.04,64.79
HD264,TT,23.9471,34.45,9.79,32.76,9.11,21.82,13.22,98.13,62.19
HD267,TT,18.8768,42.98,37.68,41.23,33.48,27.06,45.04,98.19,136.9
HD268,TT,20.5834,44.44,33.42,37.68,22.37,15.64,35.83,95.09,66.84
HD270,TT,16.8033,35.58,9.72,34.87,9.45,23.91,13.15,96.5,40.82
HD274,TT,8.7869,46.15,21.23,45.24,19.82,25.78,25.83,97.86,109.35
HD277,TT,20.8322,56.05,26.2,54.59,24.46,31.13,31.2,95.85,76.42
HD278,TT,11.733,49.62,39.08,49.04,38.07,24.3,41.3,97.52,102.67
HD283,TT,20.5834,25.34,12.37,25.24,11.41,13.72,16.48,92.16,88.88
HD289,TT,23.5416,50.91,13.3,49.28,13.35,33.58,17.73,93.06,55.19
HD293,TT,29.4338,29.56,22.76,28.94,21.06,14.96,28.99,93.99,77.24
HD294,TT,17.6373,34.17,35.66,30.91,29.25,18.33,37.44,98.59,125.07
HD297,TT,22.6569,38.37,23.02,37.63,21.79,15.51,32.23,95.83,76.7
HD299,TT,26.0206,20.39,18.01,16.63,11.62,7.71,19.89,96.74,57.85
HD301,TT,22.7076,34.24,21.57,29.4,16.27,15.71,22.89,99.55,69.84
HD306,TT,21.4174,46.59,16.88,43.7,14.74,34.37,17.14,98.8,57.06
HD332,TT,18.4713,43.38,19.24,42.72,18.7,22.74,29.39,97.81,80.76
HD336,TT,20.8322,45.91,25.74,44.97,24.55,21.82,34.52,96.87,89.11
HD337,TT,8.7869,48.18,29.13,47.26,27.37,26.98,34.43,98.39,109.46
HD338,TT,26.4877,23.17,11.51,20.52,8.8,9.87,15.67,98.36,81.45
HD339,TT,16.8033,33.93,14.85,32.95,14.23,20.48,19.65,95.08,66.91
HD072,TC,11.733,66.98,50.98,67.05,48.96,39.79,58.96,97.96,99.91
HD226,TC,8.7869,68.04,38.7,66.81,36.28,35.51,44.87,98.27,83.55
HD227,TC,14.3427,40.23,27.91,39.75,27.38,19.72,35.43,96.15,104.22
HD229,TC,13.8572,38.07,24.41,36.94,22.83,16.33,37.49,96.79,120.15
HD230,TC,22.7076,46.6,35.72,45.88,34.16,28.35,43.2,95.49,101.3
HD231,TC,23.5416,51.32,26.82,49.98,24.78,24.1,35.43,94.61,80.98
HD232,TC,17.6373,57.38,36.82,56.75,35.71,41.34,42.19,96.85,103.26
HD235,TC,18.8768,27.96,16,25.93,13.57,10.54,22.56,96.08,74.54
HD238,TC,21.001,45.8,32.01,44.07,29.41,28.84,35.2,98.94,117.19
HD240,TC,23.5416,31.91,30,30.46,27.09,13.48,41.05,98.73,104.02
HD242,TC,19.7615,56.66,72.6,52.12,61.44,36.48,69.74,99.04,136.26
HD243,TC,23.7783,47.88,31.14,46.19,28.29,14.45,40.02,99.51,113.72
HD245,TC,20.5834,44.46,33.3,43.94,31.92,26.17,40.4,100,141.86
HD246,TC,24.7811,42.9,25.28,40.88,22.52,23.9,29.33,98.49,94.5
HD250,TC,18.708,59.59,39.94,58.4,37.89,40.82,44.31,98.48,140.97
HD251,TC,17.6373,44.98,23.71,41.24,19.17,20.16,25.26,99.59,114.43
HD254,TC,17.6373,35.71,32.31,35.09,30.17,25.22,34.46,95.61,112.61
HD255,TC,29.4338,43.16,37.09,41.23,34.37,13.28,44.19,97.13,77.99
HD258,TC,8.7869,57.38,20.52,56.77,19.75,23.85,26.94,96.64,77.09
HD259,TC,12.1506,53.32,48.09,51.95,45.83,32.99,52.24,99.2,110.37
HD260,TC,24.7811,51.45,29.11,50.4,27.97,22.29,37.79,100,80.29
HD261,TC,22.7076,62.28,44.87,56.84,34.43,38.75,41.81,93.95,103.39
HD262,TC,19.7108,64.08,38.38,63.29,37.06,32.68,42.82,98.13,114.47
HD263,TC,21.2377,51.2,30.41,48.38,26.95,27.99,33.94,98.83,95.99
HD265,TC,18.708,45.84,26.72,44.71,25.24,29.49,32.22,98.75,96.78
HD266,TC,23.5416,80.12,45.29,79.46,42.96,59.07,46.1,98.35,127.92
HD271,TC,17.6373,53.3,23.38,50.22,20.76,31.2,26.11,98.27,81.34
HD272,TC,23.7783,41.47,34.48,39.17,30.6,19.94,39.55,100,121.97
HD273,TC,21.001,63.48,55.85,61.08,49.73,34.64,60.2,97.96,134.47
HD276,TC,16.8033,33.87,32.36,33.42,30.22,20.16,36.47,96.07,102.84
HD279,TC,26.4877,31.7,31.32,31.46,29.06,15.1,42.23,87.36,82.72
HD281,TC,23.5416,47.32,34.93,45.22,29.94,18.46,37.98,97.3,133.53
HD282,TC,12.567,36.23,21,31.42,15.68,20.19,21.39,95.69,69.1
HD285,TC,29.4338,41.45,29.86,40.1,27.9,16.76,41.85,100,136.89
HD287,TC,18.8768,47.4,24.08,46.84,23.14,29.38,29.42,96.25,97.29
HD288,TC,17.4576,28.47,19.9,25.89,15.9,16.1,19.63,98.9,99.72
HD290,TC,27.7272,32.69,13.86,30.92,13.51,15.54,20.72,100,63.35
HD291,TC,26.4877,48.2,21.35,47.2,20.15,31.96,24.07,98.59,97.9
HD292,TC,22.7076,49.9,28.43,49.02,26.42,28.62,34.82,100,148.02
HD295,TC,22.7076,53.62,25.26,51.9,23.15,41.25,26.77,97.97,96.15
HD296,TC,23.7783,35.46,33.52,33.4,27.81,10.59,39.74,97.52,106.39
HD300,TC,20.5834,20.58,24.07,19.83,22.23,11.52,30.64,91.4,88.07
HD302,TC,15.9814,52.87,27.31,51.35,25.04,20.61,35,98.35,129.12
HD303,TC,19.9982,53.21,23.23,46.43,16.82,28.87,21.46,98.22,78.75
HD304,TC,20.5834,51.04,23.52,49.96,22.88,36.71,26.6,99.73,68.76
HD305,TC,26.4877,42.06,15.61,40.63,14.51,25.59,18.38,100,55.84
HD333,TC,26.4877,41.99,25.75,40.08,23.28,21,31.31,99.03,98.42
HD334,TC,23.5416,32.51,15.95,31.85,15.37,16.29,23.59,98.19,97.21
HD335,TC,26.4877,32.85,17.48,32.2,16.74,13.9,27.26,96.92,93.11
HD228,CC,26.4877,79.05,71.06,75.26,56.77,57.66,62.21,98.75,145.18
HD237,CC,11.9818,47.69,17.55,46.33,17.14,23.95,23.89,96.73,73.72
HD241,CC,14.6912,39.99,23.15,40.29,22.86,13.17,35.15,100,119.69
HD269,CC,20.5834,33.07,22.06,32,20.71,22.46,27.49,98.56,114.06
HD275,CC,26.4877,56.36,26.84,55.64,25.5,36.92,29.81,97.88,132.52
HD280,CC,20.8322,57.67,39.93,57.13,39.12,33.45,44.92,99.35,138.84
HD284,CC,13.401,48.55,49.08,47.77,47.63,15.33,70.47,99.15,191.17
HD286,CC,26.4877,76.06,36.67,73.98,32.65,60.25,35.66,98.45,86.2
HD298,CC,23.3112,43.91,36.4,44.1,35.93,27.14,42.19,90.41,111.52