HGAL,1_PID,2_Box,Dup or dead,ASP1,ASP2,BSP1,BSP2,CSP1,CSP2,N1A,N2A,N6B,N1C,N2C,15_Score_BLCL363,16_Score_Monocytes,CMV
CAR85451,NCIF-001,,,2A,3A,6B,6B,1C,1C,0,1,2,2,0,1.3409,-0.5032,0
CAR85452,NCIF-002,,1,2A,2A,6B,6B,3C,3C,0,2,2,0,0,-10.0392,-4.9784,0
CAR85453,NCIF-003,,,1A,3A,6B,1B,1C,3C,1,0,1,1,0,2.9968,0.8823,1
CAR85454,NCIF-004,,,1A,2A,6B,3B,3C,3C,1,1,1,0,0,-3.313,-1.6091,0
CAR85455,NCIF-005,,,1A,1A,6B,5B,1C,3C,2,0,1,1,0,4.7034,1.7624,1
CAR85456,NCIF-006,,,1A,3A,2B,1B,2C,1C,1,0,0,1,1,9.1378,3.9932,0
CAR85457,NCIF-007,,,2A,2A,3B,3B,1C,3C,0,2,0,1,0,2.5913,0.9686,1
CAR85458,NCIF-008,,,2A,3A,5B,5B,1C,2C,0,1,0,1,1,6.1917,2.6055,1
CAR85459,NCIF-009,,,1A,2A,6B,1B,3C,1C,1,1,1,1,0,1.7573,0.3747,0
CAR85460,NCIF-010,,,1A,2A,6B,1B,1C,3C,1,1,1,1,0,1.7573,0.3747,1
CAR85461,NCIF-011,,,1A,1A,2B,5B,1C,1C,2,0,0,2,0,13.5538,5.7278,0
CAR85486,NCIF-012,,,1A,2A,5B,5B,1C,1C,1,1,0,2,0,10.6077,4.3401,0
CAR85487,NCIF-013,,,2A,2A,1B,3B,1C,3C,0,2,0,1,0,2.5913,0.9686,0
CAR85512,NCIF-014,,,2A,2A,2B,2B,1C,1C,0,2,0,2,0,7.6616,2.9524,0
CAR85513,NCIF-015,,,1A,2A,1B,5B,1C,3C,1,1,0,1,0,5.5374,2.3563,1
CAR85514,NCIF-016,,,1A,1A,6B,5B,1C,3C,2,0,1,1,0,4.7034,1.7624,0
CAR85515,NCIF-017,,,1A,2A,6B,1B,2C,3C,1,1,1,0,1,-0.9521,-0.4798,1
CAR85534,NCIF-018,,,1A,2A,6B,3B,3C,1C,1,1,1,1,0,1.7573,0.3747,1
CAR85535,NCIF-019,,,1A,1A,6B,5B,1C,3C,2,0,1,1,0,4.7034,1.7624,0
CAR85536,NCIF-020,,,2A,2A,5B,3B,1C,1C,0,2,0,2,0,7.6616,2.9524,0
CAR85537,NCIF-021,,,1A,3A,1B,5B,1C,1C,1,0,0,2,0,11.8472,4.8477,1
CAR85540,NCIF-022,,,1A,1A,6B,1B,3C,2C,2,0,1,0,1,1.994,0.9079,1
CAR85541,NCIF-023,,,1A,1A,2B,2B,1C,1C,2,0,0,2,0,13.5538,5.7278,0
CAR85542,NCIF-024,,,1A,2A,6B,3B,1C,3C,1,1,1,1,0,1.7573,0.3747,0
CAR85543,NCIF-025,,1,2A,2A,1B,5B,3C,1C,0,2,0,1,0,2.5913,0.9686,0
CAR85544,NCIF-026,,,1A,2A,6B,6B,3C,3C,1,1,2,0,0,-7.0931,-3.5907,0
CAR85592,NCIF-027,,,1A,2A,5B,1B,1C,1C,1,1,0,2,0,10.6077,4.3401,0
CAR85593,NCIF-028,,,1A,2A,5B,5B,1C,1C,1,1,0,2,0,10.6077,4.3401,0
CAR85594,NCIF-029,,,1A,2A,3B,5B,1C,1C,1,1,0,2,0,10.6077,4.3401,0
CAR85595,NCIF-030,,,2A,3A,6B,6B,1C,2C,0,1,2,1,1,-1.3685,-1.3577,0
CAR85600,NCIF-031,,,2A,2A,1B,1B,1C,1C,0,2,0,2,0,7.6616,2.9524,0
CAR85601,NCIF-032,,,2A,1A,6B,1B,1C,3C,1,1,1,1,0,1.7573,0.3747,0
CAR85602,NCIF-033,,,2A,2A,5B,5B,1C,2C,0,2,0,1,1,4.9522,2.0979,0
CAR85603,NCIF-034,,,2A,2A,1B,5B,1C,2C,0,2,0,1,1,4.9522,2.0979,1
CAR85741,NCIF-035,,,2A,1A,6B,1B,1C,3C,1,1,1,1,0,1.7573,0.3747,0
CAR85742,NCIF-036,,,2A,1A,1B,1B,1C,1C,1,1,0,2,0,10.6077,4.3401,0
CAR85747,NCIF-037,,,1A,3A,6B,1B,3C,1C,1,0,1,1,0,2.9968,0.8823,0
CAR85748,NCIF-038,,,2A,2A,2B,1B,1C,1C,0,2,0,2,0,7.6616,2.9524,0
CAR85749,NCIF-039,,,1A,2A,6B,5B,1C,3C,1,1,1,1,0,1.7573,0.3747,1
CAR85750,NCIF-040,,,1A,2A,2B,4B,1C,1C,1,1,0,2,0,10.6077,4.3401,0
CAR85755,NCIF-041,,,1A,2A,2B,1B,2C,1C,1,1,0,1,1,7.8983,3.4856,0
CAR85756,NCIF-042,,,2A,3A,1B,4B,1C,2C,0,1,0,1,1,6.1917,2.6055,0
CAR85757,NCIF-043,,,2A,1A,1B,5B,1C,1C,1,1,0,2,0,10.6077,4.3401,0
CAR85758,NCIF-044,,,1A,2A,6B,5B,3C,2C,1,1,1,0,1,-0.9521,-0.4798,0
CAR86127,NCIF-045,,,1A,1A,1B,5B,1C,1C,2,0,0,2,0,13.5538,5.7278,0
CAR86128,NCIF-046,,,1A,1A,6B,3B,1C,1C,2,0,1,2,0,9.7737,3.7462,0
CAR86292,NCIF-047,,,2A,3A,5B,5B,1C,2C,0,1,0,1,1,6.1917,2.6055,1
CAR86293,NCIF-048,,,2A,2A,5B,6B,2C,1C,0,2,1,1,1,1.1721,0.1163,0
CAR86294,NCIF-049,,,2A,2A,1B,4B,1C,1C,0,2,0,2,0,7.6616,2.9524,0
CAR86295,NCIF-050,,,2A,1A,2B,1B,1C,1C,1,1,0,2,0,10.6077,4.3401,0
CAR86300,NCIF-051,,,1A,1A,5B,5B,1C,1C,2,0,0,2,0,13.5538,5.7278,0
CAR86301,NCIF-052,,,2A,2A,6B,4B,1C,1C,0,2,1,2,0,3.8815,0.9708,1
CAR86302,NCIF-053,,,1A,2A,6B,5B,1C,1C,1,1,1,2,0,6.8276,2.3585,0
CAR86303,NCIF-054,,1,2A,2A,1B,5B,1C,3C,0,2,0,1,0,2.5913,0.9686,0
CAR86304,NCIF-055,,1,1A,2A,6B,1B,3C,3C,1,1,1,0,0,-3.313,-1.6091,0
CAR86305,NCIF-056,,1,1A,2A,6B,1B,3C,3C,1,1,1,0,0,-3.313,-1.6091,0
CAR86310,NCIF-057,,,1A,2A,5B,4B,1C,1C,1,1,0,2,0,10.6077,4.3401,0
CAR86311,NCIF-058,,,2A,1A,6B,5B,1C,3C,1,1,1,1,0,1.7573,0.3747,0
CAR86312,NCIF-059,,,1A,2A,5B,4B,1C,1C,1,1,0,2,0,10.6077,4.3401,0
CAR86313,NCIF-060,,,1A,2A,6B,3B,1C,3C,1,1,1,1,0,1.7573,0.3747,1
CAR86318,NCIF-061,,,2A,2A,1B,2B,1C,1C,0,2,0,2,0,7.6616,2.9524,1
CAR86319,NCIF-062,,,1A,1A,2B,1B,1C,1C,2,0,0,2,0,13.5538,5.7278,1
CAR86320,NCIF-063,,,2A,3A,5B,5B,1C,3C,0,1,0,1,0,3.8308,1.4762,1
CAR86321,NCIF-064,,,3A,1A,1B,1B,1C,1C,1,0,0,2,0,11.8472,4.8477,1
CAR86375,NCIF-065,,,1A,2A,5B,5B,1C,1C,1,1,0,2,0,10.6077,4.3401,1
CAR86376,NCIF-066,,,1A,3A,6B,2B,1C,3C,1,0,1,1,0,2.9968,0.8823,0
CAR86377,NCIF-067,,,1A,2A,5B,5B,1C,3C,1,1,0,1,0,5.5374,2.3563,1
CAR86378,NCIF-068,,,1A,3A,1B,1B,1C,3C,1,0,0,1,0,6.7769,2.8639,0
CAR86383,NCIF-069,,,1A,3A,6B,5B,3C,1C,1,0,1,1,0,2.9968,0.8823,1
CAR86384,NCIF-070,,,2A,3A,6B,2B,1C,3C,0,1,1,1,0,0.0507,-0.5054,0
CAR86385,NCIF-071,,,1A,1A,1B,4B,1C,2C,2,0,0,1,1,10.8444,4.8733,0
CAR86386,NCIF-072,,,2A,3A,3B,5B,1C,3C,0,1,0,1,0,3.8308,1.4762,1
CAR86391,NCIF-073,,,2A,2A,1B,3B,2C,1C,0,2,0,1,1,4.9522,2.0979,0
CAR86392,NCIF-074,,,1A,1A,1B,5B,1C,1C,2,0,0,2,0,13.5538,5.7278,1
CAR86393,NCIF-075,,,2A,2A,5B,3B,1C,1C,0,2,0,2,0,7.6616,2.9524,0
CAR86394,NCIF-076,,,2A,3A,1B,1B,2C,1C,0,1,0,1,1,6.1917,2.6055,0
CAR86399,NCIF-077,,,2A,2A,3B,5B,1C,1C,0,2,0,2,0,7.6616,2.9524,0
CAR86400,NCIF-078,,,2A,1A,6B,1B,1C,3C,1,1,1,1,0,1.7573,0.3747,0
CAR86401,NCIF-079,,,2A,1A,2B,5B,1C,1C,1,1,0,2,0,10.6077,4.3401,0
CAR86402,NCIF-080,,,2A,2A,6B,2B,3C,3C,0,2,1,0,0,-6.2591,-2.9968,1
CAR86429,NCIF-081,,,2A,2A,1B,1B,2C,1C,0,2,0,1,1,4.9522,2.0979,1
CAR86430,NCIF-082,,,1A,1A,3B,5B,2C,4C,2,0,0,0,1,5.7741,2.8895,1
CAR86431,NCIF-083,,,2A,2A,6B,6B,1C,1C,0,2,2,2,0,0.1014,-1.0108,1
CAR86432,NCIF-084,,,1A,2A,6B,5B,3C,1C,1,1,1,1,0,1.7573,0.3747,0
CAR86437,NCIF-085,,,1A,3A,1B,5B,2C,1C,1,0,0,1,1,9.1378,3.9932,0
CAR86438,NCIF-086,,,2A,1A,6B,3B,1C,3C,1,1,1,1,0,1.7573,0.3747,1
CAR86439,NCIF-087,,,2A,1A,6B,3B,1C,3C,1,1,1,1,0,1.7573,0.3747,0
CAR86440,NCIF-088,,,2A,2A,6B,5B,3C,2C,0,2,1,0,1,-3.8982,-1.8675,0
CAR86441,NCIF-089,,,2A,1A,1B,4B,1C,1C,1,1,0,2,0,10.6077,4.3401,1
CAR86442,NCIF-090,,,2A,2A,6B,2B,1C,3C,0,2,1,1,0,-1.1888,-1.013,0
CAR86447,NCIF-091,,1,2A,2A,2B,1B,1C,3C,0,2,0,1,0,2.5913,0.9686,0
CAR86448,NCIF-092,,,2A,2A,2B,1B,1C,1C,0,2,0,2,0,7.6616,2.9524,0
CAR86449,NCIF-093,,,1A,2A,2B,1B,1C,1C,1,1,0,2,0,10.6077,4.3401,0
CAR86450,NCIF-094,,,1A,2A,1B,5B,1C,1C,1,1,0,2,0,10.6077,4.3401,0
CAR86455,NCIF-095,,,2A,2A,1B,1B,3C,3C,0,2,0,0,0,-2.479,-1.0152,1
CAR86456,NCIF-096,,,2A,3A,6B,6B,3C,1C,0,1,2,1,0,-3.7294,-2.487,0
CAR86457,NCIF-097,,,1A,2A,1B,5B,1C,3C,1,1,0,1,0,5.5374,2.3563,1
CAR86462,NCIF-098,,,1A,2A,6B,5B,1C,2C,1,1,1,1,1,4.1182,1.504,0
CAR86463,NCIF-099,,,1A,1A,6B,1B,1C,3C,2,0,1,1,0,4.7034,1.7624,0
CAR86464,NCIF-100,,,1A,2A,6B,6B,3C,3C,1,1,2,0,0,-7.0931,-3.5907,1
CAR86465,NCIF-101,,,2A,2A,6B,3B,1C,1C,0,2,1,2,0,3.8815,0.9708,1
CAR86470,NCIF-102,,,1A,3A,6B,1B,3C,1C,1,0,1,1,0,2.9968,0.8823,0
CAR86471,NCIF-103,,,1A,1A,6B,1B,3C,3C,2,0,1,0,0,-0.3669,-0.2214,0
CAR85462,HD055,X4,1,1A,1A,6B,1B,2C,3C,2,0,1,0,1,1.994,0.9079,0
CAR85463,HD056,X4,1,1A,2A,1B,1B,1C,2C,1,1,0,1,1,7.8983,3.4856,1
CAR85464,HD057,X4,1,2A,4A,6B,3B,1C,4C,0,1,1,1,0,0.0507,-0.5054,1
CAR85465,HD058,X4,1,1A,3A,6B,5B,1C,3C,1,0,1,1,0,2.9968,0.8823,0
CAR85466,HD059,X4,1,2A,1A,2B,4B,1C,1C,1,1,0,2,0,10.6077,4.3401,0
CAR85467,HD060,X4,1,2A,1A,1B,3B,1C,2C,1,1,0,1,1,7.8983,3.4856,0
CAR85468,HD061,X4,1,1A,3A,5B,5B,1C,1C,1,0,0,2,0,11.8472,4.8477,1
CAR85469,HD062,X4,1,2A,1A,6B,5B,1C,3C,1,1,1,1,0,1.7573,0.3747,0
CAR85470,HD063,X4,1,2A,2A,1B,5B,2C,1C,0,2,0,1,1,4.9522,2.0979,1
CAR85471,HD064,X4,1,2A,1A,3B,5B,3C,3C,1,1,0,0,0,0.4671,0.3725,0
CAR85472,HD065,X4,1,2A,2A,3B,3B,1C,3C,0,2,0,1,0,2.5913,0.9686,1
CAR85473,HD066,X4,1,2A,3A,5B,3B,1C,1C,0,1,0,2,0,8.9011,3.46,1
CAR85474,HD067,X4,1,1A,3A,6B,1B,2C,3C,1,0,1,0,1,0.2874,0.0278,0
CAR85475,HD068,X4,1,1A,1A,6B,1B,3C,1C,2,0,1,1,0,4.7034,1.7624,0
CAR85476,HD069,X6,1,2A,3A,5B,3B,1C,3C,0,1,0,1,0,3.8308,1.4762,1
CAR85477,HD070,X6,1,1A,2A,6B,1B,1C,3C,1,1,1,1,0,1.7573,0.3747,1
CAR85478,HD071,X6,1,2A,1A,6B,3B,3C,3C,1,1,1,0,0,-3.313,-1.6091,0
CAR85479,HD072,X6,1,1A,1A,6B,6B,3C,3C,2,0,2,0,0,-4.147,-2.203,0
CAR85480,HD073,X6,1,2A,3A,2B,1B,2C,3C,0,1,0,0,1,1.1214,0.6217,0
CAR85481,HD074,X6,1,1A,2A,6B,1B,1C,3C,1,1,1,1,0,1.7573,0.3747,1
CAR85482,HD075,X6,1,1A,1A,5B,5B,1C,1C,2,0,0,2,0,13.5538,5.7278,1
CAR85483,HD076,X6,1,2A,2A,6B,5B,1C,3C,0,2,1,1,0,-1.1888,-1.013,0
CAR85484,HD077,X6,1,2A,3A,1B,5B,1C,3C,0,1,0,1,0,3.8308,1.4762,1
CAR85485,HD078,X6,1,1A,1A,6B,6B,3C,3C,2,0,2,0,0,-4.147,-2.203,0
CAR85526,HD079,X7,,2A,2A,6B,6B,1C,1C,0,2,2,2,0,0.1014,-1.0108,0
CAR85527,HD080,X7,,2A,2A,2B,5B,1C,2C,0,2,0,1,1,4.9522,2.0979,1
CAR85528,HD081,X7,,1A,2A,6B,1B,1C,3C,1,1,1,1,0,1.7573,0.3747,0
CAR85529,HD082,X7,,2A,1A,6B,5B,3C,3C,1,1,1,0,0,-3.313,-1.6091,0
CAR85530,HD083,X8,,2A,2A,6B,5B,1C,3C,0,2,1,1,0,-1.1888,-1.013,0
CAR85531,HD084,X8,,1A,1A,5B,6B,1C,1C,2,0,1,2,0,9.7737,3.7462,1
CAR85532,HD085,X8,,1A,2A,2B,1B,1C,1C,1,1,0,2,0,10.6077,4.3401,1
CAR85533,HD086,X8,,3A,3A,6B,1B,1C,2C,0,0,1,1,1,3.6511,1.1315,0
CAR85555,HD087,X9,,1A,1A,1B,6B,1C,1C,2,0,1,2,0,9.7737,3.7462,0
CAR85556,HD088,X9,,2A,2A,1B,5B,1C,2C,0,2,0,1,1,4.9522,2.0979,0
CAR85557,HD089,X9,,2A,2A,2B,3B,1C,3C,0,2,0,1,0,2.5913,0.9686,0
CAR85558,HD090,X9,,2A,2A,1B,1B,1C,3C,0,2,0,1,0,2.5913,0.9686,1
CAR85559,HD091,X10,,1A,2A,6B,3B,1C,3C,1,1,1,1,0,1.7573,0.3747,1
CAR85560,HD092,X10,,2A,2A,5B,5B,2C,2C,0,2,0,0,2,2.2428,1.2434,0
CAR85561,HD093,X10,,2A,2A,2B,3B,1C,3C,0,2,0,1,0,2.5913,0.9686,0
CAR85562,HD094,X10,,1A,2A,5B,6B,1C,1C,1,1,1,2,0,6.8276,2.3585,0
CAR85564,HD096,X10,,1A,3A,6B,5B,1C,2C,1,0,1,1,1,5.3577,2.0116,1
CAR85565,HD097,X10,,2A,2A,1B,1B,1C,1C,0,2,0,2,0,7.6616,2.9524,1
CAR85538,HD098,X11,,2A,3A,1B,1B,2C,1C,0,1,0,1,1,6.1917,2.6055,1
CAR85539,HD099,X11,,1A,3A,1B,3B,1C,1C,1,0,0,2,0,11.8472,4.8477,0
CAR85545,HD100,X11,1,2A,2A,6B,6B,3C,3C,0,2,2,0,0,-10.0392,-4.9784,1
CAR85546,HD101,X11,,2A,1A,6B,1B,3C,1C,1,1,1,1,0,1.7573,0.3747,0
CAR85547,HD102,X12,,1A,1A,6B,6B,3C,3C,2,0,2,0,0,-4.147,-2.203,0
CAR85548,HD103,X12,,2A,1A,2B,5B,1C,1C,1,1,0,2,0,10.6077,4.3401,0
CAR85549,HD104,X12,,1A,2A,1B,5B,2C,1C,1,1,0,1,1,7.8983,3.4856,0
CAR85550,HD105,X12,,1A,1A,6B,5B,1C,3C,2,0,1,1,0,4.7034,1.7624,1
CAR85551,HD106,Z1,,2A,2A,3B,5B,1C,4C,0,2,0,1,0,2.5913,0.9686,1
CAR85552,HD107,Z1,,2A,2A,1B,2B,1C,1C,0,2,0,2,0,7.6616,2.9524,0
CAR85553,HD108,Z1,,2A,1A,1B,1B,1C,3C,1,1,0,1,0,5.5374,2.3563,1
CAR85554,HD109,Z1,,1A,2A,6B,5B,1C,3C,1,1,1,1,0,1.7573,0.3747,0
CAR85588,HD110,Z2,,1A,1A,6B,5B,1C,3C,2,0,1,1,0,4.7034,1.7624,1
CAR85589,HD111,Z2,,2A,3A,6B,1B,1C,1C,0,1,1,2,0,5.121,1.4784,0
CAR85590,HD112,Z2,,2A,3A,3B,5B,1C,2C,0,1,0,1,1,6.1917,2.6055,0
CAR85591,HD113,Z2,,1A,2A,6B,5B,1C,1C,1,1,1,2,0,6.8276,2.3585,0
CAR85596,HD114,Z3,,2A,4A,6B,5B,1C,1C,0,1,1,2,0,5.121,1.4784,1
CAR85597,HD115,Z3,,1A,1A,6B,6B,3C,3C,2,0,2,0,0,-4.147,-2.203,0
CAR85598,HD116,Z3,,2A,2A,1B,1B,1C,1C,0,2,0,2,0,7.6616,2.9524,1
CAR85599,HD117,Z3,1,1A,1A,1B,6B,1C,1C,2,0,1,2,0,9.7737,3.7462,0
CAR85737,HD118,Z4,1,2A,2A,2B,3B,1C,3C,0,2,0,1,0,2.5913,0.9686,0
CAR85738,HD119,Z4,,2A,3A,1B,1B,1C,1C,0,1,0,2,0,8.9011,3.46,0
CAR85739,HD120,Z4,1,1A,1A,1B,5B,1C,1C,2,0,0,2,0,13.5538,5.7278,0
CAR85740,HD121,Z4,1,2A,2A,6B,5B,1C,3C,0,2,1,1,0,-1.1888,-1.013,0
CAR85743,HD122,Z5,,1A,1A,6B,5B,3C,1C,2,0,1,1,0,4.7034,1.7624,0
CAR85744,HD123,Z5,,1A,1A,6B,6B,3C,4C,2,0,2,0,0,-4.147,-2.203,1
CAR85745,HD124,Z5,,1A,2A,6B,3B,2C,1C,1,1,1,1,1,4.1182,1.504,0
CAR85746,HD125,Z5,,1A,1A,1B,5B,1C,1C,2,0,0,2,0,13.5538,5.7278,1
CAR85751,HD126,Z6,,1A,1A,5B,1B,1C,1C,2,0,0,2,0,13.5538,5.7278,1
CAR85752,HD127,Z6,,2A,3A,1B,2B,1C,1C,0,1,0,2,0,8.9011,3.46,1
CAR85753,HD128,Z6,,2A,2A,6B,6B,3C,1C,0,2,2,1,0,-4.9689,-2.9946,1
CAR85754,HD129,Z6,,2A,1A,6B,2B,1C,1C,1,1,1,2,0,6.8276,2.3585,1
CAR86123,HD130,Z7,D,2A,2A,1B,4B,1C,1C,0,2,0,2,0,7.6616,2.9524,0
CAR86124,HD131,Z7,D,2A,2A,1B,5B,1C,3C,0,2,0,1,0,2.5913,0.9686,1
CAR86125,HD132,Z7,D,1A,1A,6B,6B,3C,3C,2,0,2,0,0,-4.147,-2.203,0
CAR86126,HD133,Z7,D,1A,2A,2B,1B,1C,1C,1,1,0,2,0,10.6077,4.3401,1
CAR86288,HD134,Z8,,2A,2A,1B,2B,1C,1C,0,2,0,2,0,7.6616,2.9524,1
CAR86289,HD135,Z8,,2A,2A,6B,6B,1C,1C,0,2,2,2,0,0.1014,-1.0108,0
CAR86290,HD136,Z8,,1A,2A,1B,5B,1C,3C,1,1,0,1,0,5.5374,2.3563,1
CAR86291,HD137,Z8,,3A,3A,1B,5B,1C,1C,0,0,0,2,0,10.1406,3.9676,1
CAR86296,HD138,Z9,7,1A,2A,5B,5B,1C,2C,1,1,0,1,1,7.8983,3.4856,1
CAR86297,HD139,Z9,,3A,3A,1B,5B,2C,3C,0,0,0,0,1,2.3609,1.1293,1
CAR86298,HD140,Z9,,2A,3A,5B,1B,1C,1C,0,1,0,2,0,8.9011,3.46,0
CAR86299,HD141,Z9,,2A,1A,5B,1B,1C,1C,1,1,0,2,0,10.6077,4.3401,0
CAR86306,HD142,Z10,,2A,2A,1B,1B,1C,1C,0,2,0,2,0,7.6616,2.9524,1
CAR86307,HD143,Z10,,2A,3A,2B,1B,1C,1C,0,1,0,2,0,8.9011,3.46,0
CAR86308,HD144,Z10,,2A,2A,5B,1B,1C,1C,0,2,0,2,0,7.6616,2.9524,0
CAR86309,HD145,Z10,,1A,2A,6B,5B,1C,3C,1,1,1,1,0,1.7573,0.3747,0
CAR86314,HD146,Z11,,1A,1A,2B,5B,1C,1C,2,0,0,2,0,13.5538,5.7278,0
CAR86315,HD147,Z11,,1A,1A,6B,2B,1C,3C,2,0,1,1,0,4.7034,1.7624,0
CAR86316,HD148,Z11,,2A,2A,5B,4B,1C,1C,0,2,0,2,0,7.6616,2.9524,0
CAR86317,HD149,Z11,,1A,2A,5B,1B,2C,1C,1,1,0,1,1,7.8983,3.4856,1
CAR86371,HD150,Z12,,3A,3A,5B,5B,1C,1C,0,0,0,2,0,10.1406,3.9676,1
CAR86372,HD151,Z12,,2A,2A,6B,1B,3C,3C,0,2,1,0,0,-6.2591,-2.9968,0
CAR86373,HD152,Z12,,2A,2A,5B,4B,1C,1C,0,2,0,2,0,7.6616,2.9524,1
CAR86374,HD153,Z12,,3A,2A,1B,5B,1C,1C,0,1,0,2,0,8.9011,3.46,0
CAR86379,HD154,U1,,1A,3A,5B,5B,1C,1C,1,0,0,2,0,11.8472,4.8477,1
CAR86380,HD155,U1,,1A,3A,5B,5B,1C,1C,1,0,0,2,0,11.8472,4.8477,1
CAR86381,HD156,U1,,2A,3A,6B,4B,1C,3C,0,1,1,1,0,0.0507,-0.5054,0
CAR86382,HD157,U1,,1A,1A,6B,5B,1C,3C,2,0,1,1,0,4.7034,1.7624,0
CAR86387,HD158,U2,,2A,1A,5B,5B,1C,1C,1,1,0,2,0,10.6077,4.3401,0
CAR86388,HD159,U2,3,1A,3A,2B,5B,1C,1C,1,0,0,2,0,11.8472,4.8477,1
CAR86389,HD160,U2,1,1A,2A,6B,4B,1C,1C,1,1,1,2,0,6.8276,2.3585,0
CAR86390,HD161,U2,1,2A,3A,3B,5B,1C,1C,0,1,0,2,0,8.9011,3.46,1
CAR86395,HD162,U3,,1A,1A,6B,5B,3C,1C,2,0,1,1,0,4.7034,1.7624,0
CAR86396,HD163,U3,,1A,2A,6B,1B,1C,3C,1,1,1,1,0,1.7573,0.3747,0
CAR86397,HD164,U3,1,2A,2A,5B,5B,2C,2C,0,2,0,0,2,2.2428,1.2434,0
CAR86398,HD165,U3,,1A,2A,6B,5B,3C,1C,1,1,1,1,0,1.7573,0.3747,1
CAR86425,HD166,U4,,1A,2A,2B,3B,1C,1C,1,1,0,2,0,10.6077,4.3401,0
CAR86426,HD167,U4,1,1A,1A,1B,5B,1C,1C,2,0,0,2,0,13.5538,5.7278,0
CAR86427,HD168,U4,,1A,1A,6B,6B,3C,5C,2,0,2,0,0,-4.147,-2.203,0
CAR86428,HD169,U4,,2A,2A,5B,6B,1C,1C,0,2,1,2,0,3.8815,0.9708,0
CAR86433,HD170,U5,,1A,2A,5B,3B,3C,1C,1,1,0,1,0,5.5374,2.3563,1
CAR86434,HD171,U5,,1A,1A,6B,1B,1C,1C,2,0,1,2,0,9.7737,3.7462,1
CAR86435,HD172,U5,1,1A,2A,2B,5B,1C,2C,1,1,0,1,1,7.8983,3.4856,0
CAR86436,HD173,U5,,1A,3A,1B,4B,1C,2C,1,0,0,1,1,9.1378,3.9932,1
CAR86443,HD174,U6,,3A,3A,6B,6B,1C,2C,0,0,2,1,1,-0.129,-0.8501,0
CAR86444,HD175,U6,,1A,1A,6B,6B,3C,3C,2,0,2,0,0,-4.147,-2.203,0
CAR86445,HD176,U6,,1A,1A,6B,2B,1C,3C,2,0,1,1,0,4.7034,1.7624,0
CAR86446,HD177,U6,,1A,1A,6B,3B,1C,3C,2,0,1,1,0,4.7034,1.7624,0
CAR86451,HD178,U7,,1A,2A,6B,6B,2C,3C,1,1,2,0,1,-4.7322,-2.4614,0
CAR86452,HD179,U7,,1A,3A,1B,5B,1C,1C,1,0,0,2,0,11.8472,4.8477,1
CAR86453,HD180,U7,,2A,2A,2B,1B,3C,3C,0,2,0,0,0,-2.479,-1.0152,0
CAR86454,HD181,U7,,1A,2A,5B,1B,1C,1C,1,1,0,2,0,10.6077,4.3401,1
CAR86458,HD182,U8,1,1A,3A,5B,5B,1C,1C,1,0,0,2,0,11.8472,4.8477,1
CAR86459,HD183,U8,2,1A,2A,6B,5B,1C,3C,1,1,1,1,0,1.7573,0.3747,0
CAR86460,HD184,U8,,2A,1A,1B,3B,1C,1C,1,1,0,2,0,10.6077,4.3401,0
CAR86461,HD185,U8,,1A,2A,6B,1B,2C,3C,1,1,1,0,1,-0.9521,-0.4798,0
CAR86466,HD186,U8,,2A,3A,6B,1B,1C,1C,0,1,1,2,0,5.121,1.4784,1
CAR86467,HD187,U9,,1A,1A,6B,6B,3C,1C,2,0,2,1,0,0.9233,-0.2192,1
CAR86468,HD188,U9,1,1A,1A,6B,5B,3C,1C,2,0,1,1,0,4.7034,1.7624,0
CAR86469,HD189,U9,,2A,1A,5B,1B,1C,3C,1,1,0,1,0,5.5374,2.3563,1
CAR86472,HD190,U9,,2A,2A,6B,1B,1C,1C,0,2,1,2,0,3.8815,0.9708,0
CAR86473,HD191,U10,,1A,2A,3B,5B,1C,5C,1,1,0,1,0,5.5374,2.3563,1
CAR86474,HD192,U10,,1A,2A,5B,1B,2C,1C,1,1,0,1,1,7.8983,3.4856,0
CAR86475,HD193,U10,1,1A,2A,6B,5B,3C,1C,1,1,1,1,0,1.7573,0.3747,1
CAR86476,HD194,U10,,1A,2A,1B,3B,1C,3C,1,1,0,1,0,5.5374,2.3563,1
CAR86893,HD195,U11,1,2A,2A,6B,6B,1C,1C,0,2,2,2,0,0.1014,-1.0108,0
CAR86894,HD196,U11,,2A,1A,6B,1B,1C,3C,1,1,1,1,0,1.7573,0.3747,1
CAR86895,HD197,U11,,2A,2A,5B,1B,1C,1C,0,2,0,2,0,7.6616,2.9524,0
CAR86896,HD198,U11,1,1A,2A,6B,6B,3C,3C,1,1,2,0,0,-7.0931,-3.5907,0
CAR86897,HD199,U12,,2A,2A,1B,5B,1C,1C,0,2,0,2,0,7.6616,2.9524,0
CAR86898,HD200,U12,,2A,1A,2B,1B,1C,1C,1,1,0,2,0,10.6077,4.3401,0
CAR86899,HD201,U12,,1A,3A,6B,5B,1C,1C,1,0,1,2,0,8.0671,2.8661,0
CAR86900,HD202,U12,,1A,2A,6B,6B,3C,1C,1,1,2,1,0,-2.0228,-1.6069,0
CAR86901,HD203,T1,1,1A,1A,6B,2B,1C,3C,2,0,1,1,0,4.7034,1.7624,0
CAR86902,HD204,T1,,1A,2A,2B,1B,1C,1C,1,1,0,2,0,10.6077,4.3401,0
CAR86903,HD205,T1,,1A,1A,6B,6B,3C,3C,2,0,2,0,0,-4.147,-2.203,1
CAR86904,HD206,T1,,2A,2A,6B,5B,1C,3C,0,2,1,1,0,-1.1888,-1.013,0
CAR86905,HD207,T2,,1A,1A,6B,5B,1C,3C,2,0,1,1,0,4.7034,1.7624,0
CAR86906,HD208,T2,,2A,1A,5B,3B,1C,3C,1,1,0,1,0,5.5374,2.3563,1
CAR86907,HD209,T2,1,1A,2A,3B,5B,1C,5C,1,1,0,1,0,5.5374,2.3563,1
CAR86908,HD210,T2,,2A,3A,6B,5B,1C,1C,0,1,1,2,0,5.121,1.4784,0
CAR86909,HD211,T3,,1A,3A,1B,1B,1C,3C,1,0,0,1,0,6.7769,2.8639,0
CAR86910,HD212,T3,,1A,3A,2B,1B,1C,1C,1,0,0,2,0,11.8472,4.8477,0
CAR86911,HD213,T3,,1A,3A,6B,2B,1C,3C,1,0,1,1,0,2.9968,0.8823,0
CAR86912,HD214,T3,,2A,2A,5B,6B,3C,1C,0,2,1,1,0,-1.1888,-1.013,0
CAR86913,HD215,T4,,2A,2A,6B,1B,1C,3C,0,2,1,1,0,-1.1888,-1.013,1
CAR86914,HD216,T4,,1A,1A,1B,5B,1C,1C,2,0,0,2,0,13.5538,5.7278,0
CAR86915,HD217,T4,,1A,2A,3B,5B,1C,5C,1,1,0,1,0,5.5374,2.3563,1
CAR86916,HD218,T4,,2A,1A,5B,1B,1C,1C,1,1,0,2,0,10.6077,4.3401,0
CAR87019,HD219,T5,,2A,2A,6B,5B,1C,3C,0,2,1,1,0,-1.1888,-1.013,0
CAR87020,HD220,T5,,1A,2A,1B,5B,1C,1C,1,1,0,2,0,10.6077,4.3401,0
CAR87021,HD221,T5,,2A,1A,6B,3B,1C,3C,1,1,1,1,0,1.7573,0.3747,0
CAR87022,HD222,T5,,1A,2A,3B,1B,1C,1C,1,1,0,2,0,10.6077,4.3401,1
CAR87410,HD223,T6,,1A,2A,6B,1B,3C,1C,1,1,1,1,0,1.7573,0.3747,
CAR87411,HD224,T6,,2A,1A,3B,1B,1C,3C,1,1,0,1,0,5.5374,2.3563,
CAR87412,HD225,T6,,1A,2A,6B,3B,1C,3C,1,1,1,1,0,1.7573,0.3747,
CAR87413,HD226,T6,,1A,2A,6B,6B,3C,3C,1,1,2,0,0,-7.0931,-3.5907,
CAR87660,HD227,T7,,2A,2A,6B,1B,2C,2C,0,2,1,0,2,-1.5373,-0.7382,
CAR87661,HD228,T7,,2A,1A,5B,1B,1C,1C,1,1,0,2,0,10.6077,4.3401,
CAR87662,HD229,T7,,1A,2A,6B,6B,3C,1C,1,1,2,1,0,-2.0228,-1.6069,
CAR87663,HD230,T7,,1A,2A,6B,5B,1C,1C,1,1,1,2,0,6.8276,2.3585,
CAR87664,HD231,T8,,2A,2A,5B,5B,1C,1C,0,2,0,2,0,7.6616,2.9524,
CAR87665,HD232,T8,,1A,2A,6B,5B,1C,3C,1,1,1,1,0,1.7573,0.3747,
CAR87666,HD233,T8,,2A,2A,2B,1B,1C,1C,0,2,0,2,0,7.6616,2.9524,
CAR87667,HD234,T8,,2A,3A,1B,5B,1C,1C,0,1,0,2,0,8.9011,3.46,
CAR87668,HD235,T9,,1A,3A,6B,1B,3C,1C,1,0,1,1,0,2.9968,0.8823,
CAR87669,HD236,T9,,2A,2A,6B,2B,1C,3C,0,2,1,1,0,-1.1888,-1.013,
CAR87670,HD237,T9,,2A,2A,6B,5B,2C,3C,0,2,1,0,1,-3.8982,-1.8675,
CAR87671,HD238,T9,,2A,3A,5B,6B,1C,1C,0,1,1,2,0,5.121,1.4784,
CAR87726,HD239,T10,,2A,2A,5B,5B,2C,2C,0,2,0,0,2,2.2428,1.2434,
CAR87727,HD240,T10,,2A,2A,3B,5B,1C,1C,0,2,0,2,0,7.6616,2.9524,
CAR87728,HD241,T10,,2A,2A,6B,5B,1C,3C,0,2,1,1,0,-1.1888,-1.013,
CAR87729,HD242,T10,,2A,2A,1B,6B,1C,1C,0,2,1,2,0,3.8815,0.9708,
CAR88680,HD243,T11,,2A,1A,1B,1B,2C,1C,1,1,0,1,1,7.8983,3.4856,
CAR88681,HD244,T11,,1A,3A,6B,1B,1C,1C,1,0,1,2,0,8.0671,2.8661,
CAR88682,HD245,T11,,1A,1A,6B,1B,1C,3C,2,0,1,1,0,4.7034,1.7624,
CAR88683,HD246,T11,,2A,3A,2B,5B,1C,1C,0,1,0,2,0,8.9011,3.46,
CAR88699,HD247,T12,,1A,1A,6B,3B,3C,3C,2,0,1,0,0,-0.3669,-0.2214,
CAR88700,HD248,T12,,1A,1A,6B,6B,3C,3C,2,0,2,0,0,-4.147,-2.203,
CAR88701,HD249,T12,,2A,2A,6B,3B,1C,1C,0,2,1,2,0,3.8815,0.9708,
CAR88702,HD250,T12,,1A,2A,1B,1B,2C,3C,1,1,0,0,1,2.828,1.5018,
CAR88974,HD251,S1,,1A,2A,6B,3B,1C,3C,1,1,1,1,0,1.7573,0.3747,
CAR88975,HD252,S1,,1A,2A,2B,1B,1C,3C,1,1,0,1,0,5.5374,2.3563,
CAR88976,HD253,S1,,2A,1A,1B,3B,1C,3C,1,1,0,1,0,5.5374,2.3563,
CAR88977,HD254,S1,,2A,1A,6B,1B,3C,1C,1,1,1,1,0,1.7573,0.3747,
CAR88978,HD255,S2,,1A,1A,5B,5B,1C,1C,2,0,0,2,0,13.5538,5.7278,
CAR88979,HD256,S2,,1A,1A,6B,6B,3C,3C,2,0,2,0,0,-4.147,-2.203,
CAR88980,HD257,S2,,2A,1A,6B,3B,1C,3C,1,1,1,1,0,1.7573,0.3747,
CAR88981,HD258,S2,,1A,2A,6B,6B,3C,3C,1,1,2,0,0,-7.0931,-3.5907,
CAR89013,HD259,S3,,2A,3A,6B,6B,3C,1C,0,1,2,1,0,-3.7294,-2.487,
CAR89014,HD260,S3,,2A,3A,5B,3B,1C,1C,0,1,0,2,0,8.9011,3.46,
CAR89015,HD261,S3,,1A,2A,6B,5B,1C,1C,1,1,1,2,0,6.8276,2.3585,
CAR89016,HD262,S3,,3A,2A,5B,3B,1C,5C,0,1,0,1,0,3.8308,1.4762,
CAR89017,HD263,S4,,1A,3A,6B,2B,1C,2C,1,0,1,1,1,5.3577,2.0116,
CAR89018,HD264,S4,,1A,3A,6B,5B,1C,1C,1,0,1,2,0,8.0671,2.8661,
CAR89019,HD265,S4,,1A,2A,1B,1B,2C,3C,1,1,0,0,1,2.828,1.5018,
CAR89020,HD266,S4,,2A,2A,2B,3B,1C,1C,0,2,0,2,0,7.6616,2.9524,
CAR89021,HD267,S5,3,1A,3A,6B,5B,3C,1C,1,0,1,1,0,2.9968,0.8823,
CAR89022,HD268,S5,,1A,1A,6B,5B,1C,3C,2,0,1,1,0,4.7034,1.7624,
CAR89023,HD269,S5,,1A,1A,6B,5B,1C,3C,2,0,1,1,0,4.7034,1.7624,
CAR89024,HD270,S5,,1A,1A,6B,6B,3C,1C,2,0,2,1,0,0.9233,-0.2192,
CAR89025,HD271,S6,,1A,2A,6B,2B,3C,1C,1,1,1,1,0,1.7573,0.3747,
CAR89026,HD272,S6,,1A,6A,1B,1B,1C,2C,1,1,0,1,1,7.8983,3.4856,
CAR89027,HD273,S6,,2A,3A,6B,1B,1C,1C,0,1,1,2,0,5.121,1.4784,
CAR89028,HD274,S6,,2A,1A,6B,6B,3C,3C,1,1,2,0,0,-7.0931,-3.5907,
CAR89029,HD275,S6,,2A,1A,5B,1B,1C,1C,1,1,0,2,0,10.6077,4.3401,
CAR89030,HD276,S7,1,1A,1A,6B,6B,3C,1C,2,0,2,1,0,0.9233,-0.2192,
CAR89031,HD277,S7,1,2A,2A,2B,5B,2C,1C,0,2,0,1,1,4.9522,2.0979,
CAR89032,HD278,S7,1,1A,1A,6B,6B,3C,3C,2,0,2,0,0,-4.147,-2.203,
CAR89033,HD279,S7,1,1A,2A,5B,5B,1C,1C,1,1,0,2,0,10.6077,4.3401,
CAR89034,HD280,S8,,2A,2A,1B,5B,2C,1C,0,2,0,1,1,4.9522,2.0979,
CAR89035,HD281,S8,,2A,2A,1B,1B,1C,1C,0,2,0,2,0,7.6616,2.9524,
CAR89036,HD282,S8,,1A,2A,6B,3B,3C,3C,1,1,1,0,0,-3.313,-1.6091,
CAR89037,HD283,S8,,1A,1A,6B,5B,1C,3C,2,0,1,1,0,4.7034,1.7624,
CAR89038,HD284,S9,,2A,2A,3B,7B,3C,3C,0,2,0,0,0,-2.479,-1.0152,
CAR89039,HD285,S9,,1A,1A,1B,5B,1C,1C,2,0,0,2,0,13.5538,5.7278,
CAR89040,HD286,S9,,2A,1A,5B,1B,1C,1C,1,1,0,2,0,10.6077,4.3401,
CAR89041,HD287,S9,,1A,3A,6B,1B,1C,3C,1,0,1,1,0,2.9968,0.8823,
CAR89042,HD288,S10,,1A,3A,6B,6B,1C,2C,1,0,2,1,1,1.5776,0.03,
CAR89043,HD289,S10,,2A,2A,2B,1B,1C,1C,0,2,0,2,0,7.6616,2.9524,
CAR89044,HD290,S10,,1A,3A,2B,1B,1C,1C,1,0,0,2,0,11.8472,4.8477,
CAR89045,HD291,S10,,2A,1A,2B,3B,1C,1C,1,1,0,2,0,10.6077,4.3401,
CAR89046,HD292,S11,,1A,2A,5B,6B,1C,1C,1,1,1,2,0,6.8276,2.3585,
CAR89047,HD293,S11,,1A,1A,1B,1B,1C,1C,2,0,0,2,0,13.5538,5.7278,
CAR89048,HD294,S11,,2A,1A,6B,1B,1C,3C,1,1,1,1,0,1.7573,0.3747,
CAR89049,HD295,S11,,1A,2A,5B,6B,1C,1C,1,1,1,2,0,6.8276,2.3585,
CAR89081,HD296,S12,,1A,2A,1B,1B,1C,2C,1,1,0,1,1,7.8983,3.4856,
CAR89082,HD297,S12,,1A,3A,5B,3B,1C,4C,1,0,0,1,0,6.7769,2.8639,
CAR89083,HD298,S12,,4A,4A,2B,4B,2C,1C,0,0,0,1,1,7.4312,3.1131,
CAR89084,HD299,S12,,3A,3A,1B,4B,1C,1C,0,0,0,2,0,10.1406,3.9676,
CAR89085,HD300,Q1,,1A,1A,6B,1B,1C,3C,2,0,1,1,0,4.7034,1.7624,
CAR89086,HD301,Q1,,2A,1A,1B,6B,1C,1C,1,1,1,2,0,6.8276,2.3585,
CAR89087,HD302,Q1,,2A,2A,6B,6B,1C,1C,0,2,2,2,0,0.1014,-1.0108,
CAR89088,HD303,Q1,,1A,2A,6B,3B,2C,1C,1,1,1,1,1,4.1182,1.504,
CAR89089,HD304,Q2,,1A,1A,6B,5B,1C,3C,2,0,1,1,0,4.7034,1.7624,
CAR89090,HD305,Q2,,1A,2A,5B,5B,1C,1C,1,1,0,2,0,10.6077,4.3401,
CAR89091,HD306,Q2,,1A,2A,1B,1B,1C,3C,1,1,0,1,0,5.5374,2.3563,
CAR89092,HD307,Q2,,1A,2A,6B,6B,2C,3C,1,1,2,0,1,-4.7322,-2.4614,
CAR89093,HD308,Q3,,2A,1A,2B,1B,2C,1C,1,1,0,1,1,7.8983,3.4856,
CAR89094,HD309,Q3,,2A,2A,6B,2B,1C,3C,0,2,1,1,0,-1.1888,-1.013,
CAR89095,HD310,Q3,,1A,3A,6B,6B,1C,1C,1,0,2,2,0,4.287,0.8845,
CAR89096,HD311,Q3,,1A,3A,2B,5B,1C,1C,1,0,0,2,0,11.8472,4.8477,
CAR89098,HD312,Q4,,2A,3A,6B,1B,1C,1C,0,1,1,2,0,5.121,1.4784,
CAR89099,HD313,Q4,,3A,3A,6B,2B,1C,2C,0,0,1,1,1,3.6511,1.1315,
CAR89100,HD314,Q4,,1A,2A,6B,3B,1C,4C,1,1,1,1,0,1.7573,0.3747,
CAR89101,HD315,Q4,,1A,2A,2B,5B,1C,1C,1,1,0,2,0,10.6077,4.3401,
CAR89162,HD316,Q5,,2A,3A,6B,5B,1C,1C,0,1,1,2,0,5.121,1.4784,
CAR89163,HD317,Q5,,1A,2A,1B,5B,3C,1C,1,1,0,1,0,5.5374,2.3563,
CAR89164,HD318,Q5,,2A,1A,6B,2B,2C,3C,1,1,1,0,1,-0.9521,-0.4798,
CAR89165,HD319,Q5,,2A,2A,5B,5B,1C,1C,0,2,0,2,0,7.6616,2.9524,
CAR89166,HD320,Q6,,2A,1A,6B,1B,1C,3C,1,1,1,1,0,1.7573,0.3747,
CAR89167,HD321,Q6,,2A,2A,2B,5B,1C,1C,0,2,0,2,0,7.6616,2.9524,
CAR89168,HD322,Q6,,1A,2A,5B,6B,1C,1C,1,1,1,2,0,6.8276,2.3585,
CAR89169,HD323,Q6,,1A,3A,6B,5B,1C,3C,1,0,1,1,0,2.9968,0.8823,
CAR89170,HD324,Q7,,2A,3A,1B,1B,1C,1C,0,1,0,2,0,8.9011,3.46,
CAR89171,HD325,Q7,,2A,3A,6B,6B,3C,1C,0,1,2,1,0,-3.7294,-2.487,
CAR89172,HD326,Q7,,2A,3A,2B,5B,1C,1C,0,1,0,2,0,8.9011,3.46,
CAR89173,HD327,Q7,,1A,2A,5B,3B,1C,3C,1,1,0,1,0,5.5374,2.3563,
,HD328,Q8,,,,,,,,,,,,,,,
,HD329,Q8,,,,,,,,,,,,,,,
,HD330,Q8,,,,,,,,,,,,,,,
,HD331,Q8,,,,,,,,,,,,,,,
,HD332,Q9,,,,,,,,,,,,,,,
,HD333,Q9,,,,,,,,,,,,,,,
,HD334,Q9,,,,,,,,,,,,,,,
,HD335,Q9,,,,,,,,,,,,,,,
,HD336,Q10,,,,,,,,,,,,,,,
,HD337,Q10,,,,,,,,,,,,,,,
,HD338,Q10,,,,,,,,,,,,,,,
,HD339,Q10,,,,,,,,,,,,,,,
,HD340,Q10,,,,,,,,,,,,,,,
,HD341,Q10,,,,,,,,,,,,,,,
,HD342,Q10,,,,,,,,,,,,,,,
,HD343,Q10,,,,,,,,,,,,,,,
,HD344,Q11,,,,,,,,,,,,,,,
,HD345,Q11,,,,,,,,,,,,,,,
,HD346,Q11,,,,,,,,,,,,,,,
,HD347,Q11,,,,,,,,,,,,,,,
,HD348,Q11,,,,,,,,,,,,,,,
,HD349,Q11,,,,,,,,,,,,,,,
,HD350,Q12,,,,,,,,,,,,,,,
,HD351,Q12,,,,,,,,,,,,,,,
,HD352,Q12,,,,,,,,,,,,,,,
,HD353,Q12,,,,,,,,,,,,,,,
,HD354,Q12,,,,,,,,,,,,,,,
,HD355,Q12,,,,,,,,,,,,,,,
,HD356,Q12,,,,,,,,,,,,,,,
,HD357,Q12,,,,,,,,,,,,,,,